21 27 28 33 41 44 45 49 58 64 66 69 70 73 80 85 87 91 93 96 97 107 109 113 115 116 122 123 132 135 137 142 147 151 154 157 158 172 174 181 184 189 191 192 204 209
21 27 28 33 41 44 45 49 58 64 66 69 70 73 80 85 87 91 93 96 97 107 109 113 116 122 123 132 135 137 142 147 151 154 157 158 172 174 181 184 189 191 192 204 209
21 27 28 33 41 44 45 49 59 62 64 66 69 77 81 84 87 91 93 99 101 102 104 107 109 111 119 122 123 125 137 142 147 154 157 158 169 172 174 181 189 191 192 197 202 207
28 34 35 36 41 42 49 51 55 58 61 64 69 71 74 81 82 85 93 96 101 107 109 113 118 122 123 134 135 137 141 143 150 154 157 164 172 174 184 190 191 192 202 206 208
28 34 35 36 41 42 49 51 55 59 60 63 69 72 75 81 83 85 93 96 105 107 109 116 120 122 123 128 132 137 141 148 154 157 160 167 172 174 184 187 189 191 192 200 207 209
28 34 35 36 41 42 49 51 55 59 60 63 69 72 75 81 83 85 93 96 105 107 109 116 120 122 123 128 132 137 141 148 154 157 160 167 172 174 184 189 191 192 200 207 209
28 34 35 36 41 42 49 51 55 59 60 64 69 71 78 81 82 86 93 96 99 101 105 107 109 112 116 122 123 133 136 137 141 143 152 154 157 165 172 174 177 185 189 191 192 205 209
28 34 35 36 41 42 49 51 55 59 60 64 69 71 78 81 82 86 93 96 99 101 105 107 109 112 116 122 123 133 137 141 143 152 154 157 165 172 174 177 185 189 191 192 207 209
28 34 35 36 41 42 49 51 55 59 60 69 71 78 81 82 86 89 93 96 99 105 107 109 112 122 123 126 133 136 137 141 143 146 152 154 157 162 165 172 174 185 189 191 192 205 209
28 34 35 36 41 42 49 51 55 59 60 69 71 78 81 82 86 93 96 99 101 105 107 109 112 116 122 123 133 136 137 141 143 152 154 157 162 165 172 174 177 185 189 191 192 205 209
28 34 35 36 41 42 49 51 55 59 60 69 71 78 81 82 86 93 96 99 101 105 107 109 112 116 122 123 133 136 137 141 143 152 154 157 162 165 172 174 185 189 191 192 205 209
28 34 35 36 41 42 49 51 55 59 60 69 71 78 81 82 86 93 96 99 101 105 107 109 112 116 122 123 133 136 137 141 143 152 154 157 165 172 174 177 185 189 191 192 205 209
28 34 35 36 41 42 49 51 55 59 60 69 71 78 81 82 86 93 96 99 101 105 107 109 112 116 122 123 133 136 137 141 143 152 154 157 165 172 174 185 189 191 192 205 209
28 34 35 36 41 42 49 51 55 59 60 69 72 75 78 81 83 86 88 94 95 98 102 107 110 117 122 124 128 134 138 139 151 152 154 158 160 168 172 175 183 191 192 203 207 209
28 34 36 41 43 49 52 53 58 61 69 71 76 81 82 90 93 97 98 101 103 107 109 110 119 122 123 128 129 133 137 141 142 145 152 154 157 164 166 172 174 178 189 191 192 205 209
28 34 36 41 43 49 52 53 59 61 64 69 72 73 76 81 82 83 93 96 101 107 109 116 122 123 128 129 135 137 141 144 150 154 157 163 165 172 174 188 190 191 192 196 203 206 208
28 34 36 41 43 49 52 53 59 61 64 69 72 73 76 81 82 83 93 96 101 107 109 116 122 123 128 129 135 137 141 144 150 154 157 165 172 174 188 190 191 192 196 203 206 208
28 34 36 41 43 49 52 53 59 61 64 69 72 73 76 81 83 94 95 102 105 107 110 113 119 122 124 132 138 139 153 154 157 158 163 172 174 179 180 189 190 191 192 196 203 206
28 34 36 41 44 45 49 52 59 61 66 69 73 74 81 83 88 93 97 100 107 110 112 116 120 122 123 124 133 137 141 152 154 157 162 170 171 172 174 177 183 185 191 192 198 210
28 34 36 41 44 45 49 52 59 61 66 69 73 74 81 83 88 94 95 104 107 111 114 122 125 127 131 136 137 141 153 154 157 162 168 171 172 174 177 183 185 191 192 198 210
28 34 36 41 44 45 49 52 59 61 66 69 73 74 81 83 88 94 95 104 107 111 114 122 125 127 131 136 137 141 153 154 157 162 168 171 172 174 177 183 185 191 192 210
28 34 36 41 44 45 49 52 59 61 70 71 78 81 85 89 94 97 103 107 112 113 120 122 123 125 133 134 137 141 146 154 157 164 172 174 186 189 191 192 196 199 207 209
28 34 36 41 44 45 49 52 59 61 70 71 78 81 85 89 94 97 103 107 112 113 122 123 125 133 134 137 141 146 154 157 164 172 174 186 187 189 191 192 196 199 207 209
28 34 36 41 44 45 49 52 59 61 70 71 78 81 85 89 94 97 103 107 112 113 122 123 125 133 134 137 141 146 154 157 164 172 174 186 189 191 192 196 199 207 209
28 34 36 41 44 45 50 51 52 59 62 69 73 74 81 82 84 93 97 102 107 109 118 120 122 123 125 130 134 137 142 145 154 158 164 172 175 179 185 190 191 192 197 202 207 208
28 34 36 41 44 45 50 51 52 59 62 69 73 74 81 82 88 90 93 97 100 107 109 110 116 122 123 133 135 137 141 146 154 157 161 169 172 174 177 182 185 191 192 197 202 208
28 34 36 41 44 45 50 51 52 59 62 69 73 74 81 82 88 90 93 97 100 107 109 110 116 122 123 133 136 137 141 146 154 157 161 169 172 174 177 182 185 191 192 197 202 205 208
28 34 36 41 44 45 50 51 52 59 62 70 72 75 78 81 85 86 94 96 102 107 111 116 122 124 136 138 139 145 151 154 157 158 163 170 172 174 177 185 190 191 192 197 202 208
28 34 36 42 43 50 53 54 59 62 63 69 71 81 82 91 93 96 102 107 109 111 115 119 122 123 127 135 137 141 143 146 149 154 157 165 172 174 177 180 188 190 191 192 198 206
28 34 36 42 43 50 53 54 59 62 63 69 71 81 82 91 93 96 102 107 109 111 115 119 122 123 135 137 141 143 146 149 154 157 165 172 174 177 180 188 190 191 192 198 206
28 34 36 42 43 50 53 54 59 62 65 69 71 81 82 93 96 102 107 109 111 119 120 122 123 129 133 137 141 142 146 149 154 157 162 165 170 172 174 185 191 192 197 198 210
28 34 36 42 43 50 53 54 59 62 65 69 73 74 81 83 94 95 100 103 105 107 110 116 117 122 124 138 139 142 149 153 154 158 159 163 167 172 175 179 188 190 191 192 199 205
28 34 36 42 43 50 53 54 59 62 65 70 71 72 81 85 86 94 96 105 107 111 115 122 125 127 133 138 139 145 153 154 159 162 168 172 175 179 184 191 193 200 208 210
28 34 36 42 43 50 53 54 59 62 65 70 71 77 78 81 83 94 95 105 107 110 112 122 124 126 129 135 136 138 139 144 154 158 159 163 167 172 175 179 189 190 191 193 197 206
28 34 36 42 43 50 53 54 59 62 65 70 71 78 81 83 88 89 94 95 97 100 107 110 112 122 123 135 136 137 141 142 149 154 157 168 172 174 178 179 189 191 192 200 204 209
28 34 36 42 43 50 53 54 59 62 65 70 71 78 81 84 88 94 95 107 111 114 122 125 133 138 139 151 152 154 157 159 168 172 174 176 182 185 191 192 197 198 207 209
28 34 36 42 43 50 53 54 60 62 65 70 72 76 81 84 87 94 95 96 103 105 107 110 116 118 122 124 128 135 138 139 152 154 157 166 172 174 178 179 189 190 191 192 196 207
28 34 36 42 43 50 53 54 60 62 65 70 72 76 81 84 87 94 95 96 103 105 107 110 116 122 124 128 135 138 139 152 154 157 166 172 174 178 179 189 190 191 192 196 207
28 34 41 44 45 49 52 54 59 60 61 69 73 74 81 84 87 91 94 96 101 107 111 112 122 125 132 133 138 140 144 146 154 158 160 169 172 175 185 189 190 191 192 199 201 207
28 34 41 44 45 49 52 54 59 60 66 69 72 75 81 82 86 88 93 97 98 99 107 109 120 122 123 125 132 133 137 141 146 152 154 157 159 167 172 174 178 182 189 191 192 207 209
28 34 41 44 45 49 52 54 59 60 66 69 72 75 81 83 88 94 95 99 104 107 111 112 113 122 124 135 138 139 150 152 154 158 159 165 169 172 174 178 191 192 199 200 207 210
28 34 41 44 45 49 52 54 59 60 66 69 73 74 81 82 84 91 93 97 100 107 109 113 115 122 123 125 132 135 137 141 146 150 154 157 169 172 174 188 190 191 192 197 201 208
28 34 41 44 45 49 52 54 59 60 66 69 73 74 81 82 84 93 97 100 107 109 113 115 119 122 123 125 132 133 135 137 141 146 154 157 166 171 172 174 185 191 192 197 201 210
28 34 41 44 45 49 52 54 59 60 66 69 73 74 81 82 84 93 97 100 107 109 113 115 119 122 123 125 132 133 135 137 141 146 154 157 168 171 172 174 185 191 192 197 201 210
28 34 41 44 45 49 52 54 59 60 66 69 73 74 81 82 84 93 97 100 107 109 113 115 119 122 123 125 132 133 135 137 142 143 150 154 158 163 171 172 174 180 182 191 192 206 210
28 34 41 44 45 49 52 54 59 60 66 69 73 74 81 82 84 93 97 100 107 109 115 119 122 123 125 132 133 135 137 142 143 150 154 158 163 171 172 174 180 182 191 192 206 210
28 34 41 44 45 49 52 54 59 60 66 69 73 74 81 82 91 93 97 100 107 109 113 115 122 123 125 132 135 137 141 146 150 154 157 159 169 172 174 188 190 191 192 197 201 208
28 34 41 44 45 49 52 54 59 60 66 69 73 74 81 82 93 97 100 107 109 113 115 119 122 123 125 132 133 135 137 141 146 154 157 159 166 171 172 174 185 191 192 197 201 210
28 34 41 44 45 49 52 54 59 60 66 69 73 74 81 82 93 97 100 107 109 113 115 119 122 123 125 132 133 135 137 141 146 154 157 166 171 172 174 177 185 191 192 197 201 210
28 34 41 44 45 49 52 54 59 60 66 69 73 74 81 83 84 90 93 97 100 107 110 115 122 123 124 133 135 137 142 143 150 154 157 163 170 171 172 174 180 182 191 192 206 210
28 34 41 44 45 49 52 54 59 60 66 69 73 74 81 83 88 93 97 100 104 107 109 120 122 123 134 137 141 148 149 151 154 157 161 163 169 172 174 177 190 191 192 197 201 207
28 34 41 44 45 49 52 54 59 60 69 73 74 78 81 83 84 93 97 100 103 104 107 110 112 116 119 122 124 128 130 138 139 153 154 158 165 172 175 177 185 188 191 193 199 201 208 209
28 34 41 44 45 50 51 52 59 62 63 69 72 75 81 82 83 90 91 93 96 105 107 109 114 115 122 123 127 131 136 137 141 147 154 157 169 171 172 174 179 181 191 192 196 205 210
28 34 41 44 45 50 51 52 59 62 63 69 72 75 81 82 83 90 91 93 96 105 107 109 116 122 123 128 130 136 137 141 146 154 157 169 171 172 174 178 182 191 192 199 205 210
28 34 41 44 45 50 51 52 59 62 63 69 72 75 81 82 83 91 93 96 105 107 109 114 115 122 123 127 131 136 137 141 147 154 157 165 171 172 174 179 181 191 192 196 205 210
28 34 41 45 49 52 53 54 55 58 61 64 69 71 74 81 82 91 93 97 98 107 110 115 122 124 134 135 137 141 142 149 151 154 157 164 171 172 174 178 183 191 192 198 206
28 34 41 45 49 52 53 54 55 59 60 61 69 72 75 81 83 86 90 93 97 98 103 107 109 116 122 123 134 136 137 141 146 154 157 165 172 174 178 184 190 191 192 205 208
28 34 41 45 49 52 53 54 55 59 60 61 69 72 75 81 83 86 90 93 97 98 103 107 109 116 122 123 134 136 137 141 146 154 157 165 172 174 184 190 191 192 205 208
28 34 41 45 49 52 53 58 61 64 69 71 74 81 82 91 93 96 98 101 107 109 111 116 122 123 136 137 141 142 149 152 154 157 162 163 167 172 174 178 183 186 191 192 198 209
28 34 41 45 49 52 53 59 60 61 69 72 75 81 83 88 93 97 99 103 107 109 122 123 127 133 136 137 141 143 148 153 154 157 162 163 164 172 174 179 185 186 191 192 209
28 34 41 45 49 52 53 59 60 61 69 72 78 81 83 88 93 97 100 107 110 113 120 122 123 124 131 134 137 141 143 148 154 157 162 163 172 174 179 184 187 190 191 192 207 208
28 34 41 45 49 52 53 59 60 61 69 72 78 81 83 88 93 97 100 107 110 113 120 122 123 124 131 134 137 141 143 148 154 157 162 163 172 174 184 187 190 191 192 207 208
28 34 41 45 49 52 53 59 60 61 69 72 78 81 83 88 93 97 100 107 110 113 120 122 123 124 134 137 141 143 148 154 157 162 163 164 172 174 184 187 190 191 192 207 208
28 34 41 45 49 52 53 59 60 61 69 72 81 83 86 90 94 95 100 101 102 107 111 114 122 124 132 138 139 143 149 153 154 158 160 163 171 172 175 184 191 192 198 204 206 210
28 34 41 45 49 53 54 55 58 62 63 69 71 72 81 82 89 91 93 97 100 107 110 112 118 122 124 136 137 142 144 149 154 158 163 165 172 175 188 189 191 192 204 205 209
28 34 41 45 49 53 54 55 58 62 63 69 71 72 81 82 89 91 93 97 100 107 110 113 118 122 124 136 137 142 143 149 154 158 163 165 172 175 188 189 191 192 204 205 209
28 34 41 45 49 53 54 55 58 62 63 69 71 72 81 82 89 91 93 97 100 107 110 113 118 122 124 136 137 142 143 149 154 158 163 172 175 188 189 191 192 204 205 209
28 34 41 45 49 53 54 55 59 60 61 69 72 78 81 83 88 93 97 100 107 109 117 122 123 127 128 134 136 137 141 143 148 154 157 164 172 174 184 190 191 192 205 208
28 34 41 45 49 53 54 55 59 60 61 69 72 78 81 83 88 93 97 100 107 109 117 122 123 127 128 134 136 137 141 144 148 154 157 160 172 174 184 190 191 192 205 208
28 34 41 45 49 53 54 55 59 60 61 69 72 78 81 83 88 93 97 100 107 109 117 122 123 127 128 134 136 137 141 148 154 157 160 172 174 184 190 191 192 205 208
28 34 41 45 49 53 54 55 59 60 61 69 72 78 81 83 88 93 97 100 107 109 117 122 123 127 134 136 137 141 143 144 148 154 157 164 172 174 184 190 191 192 205 208
28 34 41 45 49 53 54 55 59 60 61 69 73 74 81 84 87 94 95 103 104 107 111 118 122 125 128 132 138 140 147 152 154 158 163 166 169 172 175 178 191 192 193 204 207 210
28 34 41 45 49 53 54 55 59 61 62 69 72 75 81 83 85 90 93 96 105 107 109 120 122 123 128 131 137 141 146 154 157 169 172 174 184 190 191 192 196 202 207 208
28 34 41 45 49 53 54 55 59 61 62 69 72 75 81 83 94 95 103 105 107 111 113 122 125 130 132 137 141 142 150 152 154 157 164 171 172 174 178 179 184 191 192 207 210
28 34 41 45 49 53 54 55 59 61 62 69 72 78 81 83 91 93 97 100 107 109 110 119 120 122 123 128 131 137 141 146 154 157 169 172 174 188 190 191 192 197 202 208
28 34 41 45 49 53 54 55 59 61 62 69 73 74 81 82 89 93 97 99 107 110 112 115 117 122 123 134 135 137 141 144 151 154 157 165 171 172 174 177 180 184 191 192 206 210
28 34 41 45 49 53 54 55 59 61 62 69 73 74 81 83 84 90 93 97 100 107 110 119 122 124 131 136 137 141 146 149 154 157 165 171 172 174 182 185 191 192 197 205 210
28 34 41 45 49 53 54 55 59 61 62 69 73 74 81 83 84 90 93 97 100 107 110 119 122 124 131 136 137 141 146 154 157 165 171 172 174 182 185 191 192 197 205 210
28 34 41 45 49 53 54 55 59 61 62 69 73 74 81 83 84 93 97 103 107 110 115 118 120 122 123 124 131 134 137 142 145 149 154 158 161 167 172 175 183 190 191 192 207 208
28 34 41 45 49 53 54 55 59 61 62 69 73 74 81 83 84 93 97 103 107 110 115 118 120 122 123 124 131 134 137 142 145 154 158 161 167 172 175 183 190 191 192 197 207 208
28 34 41 45 49 53 54 55 59 61 62 69 73 74 81 83 84 93 97 103 107 110 115 118 120 122 123 124 131 134 137 142 145 154 158 161 167 172 175 183 190 191 192 207 208
28 34 41 45 49 53 54 55 59 61 62 69 73 74 81 83 84 93 97 103 107 110 115 120 122 123 124 131 134 137 142 145 149 154 158 161 167 172 175 183 190 191 192 207 208
28 34 41 45 49 53 54 55 59 61 62 69 73 74 81 83 84 93 97 103 107 110 115 120 122 123 124 131 134 137 142 145 154 158 161 167 172 175 183 190 191 192 197 207 208
28 34 41 45 49 53 54 55 59 61 62 69 73 74 81 83 84 93 97 103 107 110 115 120 122 123 124 131 134 137 142 145 154 158 161 167 172 175 183 190 191 192 207 208
28 34 41 45 49 53 54 55 59 61 62 69 73 74 81 83 88 91 93 97 100 107 110 112 117 122 123 124 135 137 141 152 154 157 170 171 172 174 177 183 191 192 198 201 210
28 34 41 45 49 53 54 55 59 61 62 69 73 74 81 83 88 93 97 100 107 110 112 117 122 123 124 133 135 137 141 152 154 157 170 171 172 174 177 183 185 191 192 198 201 210
28 34 41 45 49 53 55 59 60 62 69 73 74 81 82 84 87 91 93 97 99 102 107 110 117 122 123 136 137 142 143 148 154 157 167 172 174 181 182 188 189 191 192 205 209
28 34 41 45 49 53 55 59 60 62 69 73 75 78 81 84 86 89 93 98 99 107 110 111 117 119 122 124 131 138 139 149 153 154 157 165 172 174 185 190 191 192 199 200 205
28 34 41 45 49 54 55 58 61 69 71 78 81 82 85 86 89 93 97 99 103 107 110 112 115 122 124 135 137 142 143 145 154 157 158 166 170 171 172 174 185 191 192 206 210
28 34 41 45 49 54 55 58 61 69 71 78 81 82 86 89 93 97 103 107 110 112 113 115 122 124 135 137 142 143 145 154 157 158 166 170 171 172 174 185 191 192 206 210
28 34 41 45 49 54 55 58 61 69 71 78 81 82 86 89 93 97 103 107 110 112 115 122 124 135 137 142 143 144 145 154 157 158 166 170 171 172 174 185 191 192 206 210
28 34 41 45 49 54 55 58 61 69 71 78 81 82 89 93 97 103 107 110 115 122 124 127 128 135 137 142 144 145 154 158 160 166 172 175 188 191 192 193 204 206 208
28 34 41 45 49 54 55 58 62 63 66 69 70 72 80 84 91 93 96 99 101 107 109 112 122 123 129 136 137 142 144 145 154 157 158 169 171 172 174 181 184 191 192 201 202 204
28 34 41 45 49 54 55 59 60 61 69 72 78 81 83 86 88 93 97 98 100 107 109 117 122 123 134 136 137 141 148 154 157 160 161 164 172 174 184 190 191 192 205 208
28 34 41 45 49 54 55 59 60 61 69 72 78 81 83 88 93 97 99 100 107 109 117 122 123 127 134 136 137 141 148 154 157 160 161 164 172 174 184 190 191 192 205 208
28 34 41 45 49 54 55 59 60 61 69 72 78 81 83 88 93 97 100 107 109 117 122 123 127 128 134 136 137 141 144 148 154 157 160 164 172 174 184 190 191 192 205 208
28 34 41 45 50 51 52 53 59 63 64 65 69 72 77 81 83 88 94 95 104 107 111 114 122 124 132 138 139 144 150 152 154 157 160 168 169 172 174 180 191 192 195 201 207 210
28 34 41 45 50 51 52 53 59 63 65 69 73 75 76 81 82 84 89 93 97 100 107 109 117 122 123 125 135 137 141 146 154 157 167 171 172 174 179 183 188 191 192 197 203 206
28 34 41 45 50 51 52 53 59 63 65 69 73 75 76 81 82 90 93 96 107 109 112 118 120 122 123 126 131 134 137 141 146 154 157 159 169 171 172 174 184 191 192 198 202 210
28 34 41 45 50 51 52 53 59 63 65 69 73 75 76 81 82 90 93 96 107 109 112 118 122 123 126 131 134 137 141 146 154 157 159 169 171 172 174 184 191 192 198 202 205 210
28 34 41 45 50 51 52 53 59 63 65 69 73 75 76 81 82 90 93 97 100 107 109 112 118 122 123 125 131 134 137 141 146 154 157 159 169 171 172 174 184 191 192 198 202 205 210
28 34 41 45 50 51 52 53 59 63 65 69 73 75 76 81 82 91 93 96 107 109 111 116 119 122 123 128 132 135 137 141 146 154 157 165 172 174 177 188 189 191 192 197 203 209
28 34 41 45 50 51 52 53 59 63 65 69 73 75 76 81 82 91 93 96 107 109 111 116 119 122 123 128 132 135 137 141 146 154 157 165 172 174 188 189 191 192 197 203 209
28 34 41 45 50 51 52 53 59 63 65 69 73 75 76 81 82 91 93 96 107 109 111 116 119 122 123 128 132 137 141 146 154 157 165 172 174 177 188 189 191 192 197 203 205 209
28 34 41 45 50 51 52 53 59 63 65 69 73 75 76 81 82 91 93 96 107 109 111 116 119 122 123 128 132 137 141 146 154 157 165 172 174 188 189 191 192 197 203 205 209
28 34 41 45 50 51 52 53 59 63 65 69 73 75 76 81 82 91 93 97 100 107 109 110 116 119 122 123 128 132 135 137 141 146 154 157 159 165 172 174 188 189 191 192 197 203 209
28 34 41 45 50 51 52 53 59 63 65 69 73 75 76 81 82 91 93 97 100 107 109 110 116 119 122 123 128 132 135 137 141 146 154 157 165 172 174 188 189 191 192 197 203 209
28 34 41 45 50 51 52 53 59 63 65 69 73 76 81 82 91 93 97 100 107 109 110 116 119 122 123 128 132 135 137 141 146 154 157 159 165 172 174 188 189 191 192 197 203 209
28 34 41 45 50 51 52 53 59 63 65 69 73 76 81 82 91 93 97 100 107 109 110 116 119 122 123 128 132 137 141 146 154 157 165 172 174 177 188 189 191 192 197 203 205 209
28 34 41 45 50 51 52 53 59 63 65 69 73 76 81 82 91 93 97 100 107 109 110 116 119 122 123 128 132 137 141 146 154 157 165 172 174 188 189 191 192 197 203 205 209
28 34 41 45 50 51 53 59 61 66 69 72 73 81 82 87 88 93 96 102 107 109 112 113 122 123 133 135 137 141 143 146 149 154 157 165 171 172 174 179 182 185 191 192 196 199 206
28 34 41 45 50 51 53 59 61 66 69 72 75 81 82 86 93 97 98 107 109 114 115 122 123 134 135 137 141 143 146 151 154 157 165 171 172 174 184 191 192 198 201 206 210
28 34 41 45 50 51 53 59 62 63 64 65 70 72 77 81 83 89 94 95 103 105 107 110 115 122 124 133 138 139 143 153 154 157 158 172 174 177 180 189 190 191 192 205 206
28 34 41 45 50 51 53 59 62 63 64 65 70 72 77 81 83 89 94 95 103 105 107 110 115 122 124 133 138 139 144 152 154 157 158 172 174 177 180 189 190 191 192 197 204 207
28 34 41 45 50 51 53 59 62 63 64 65 70 72 77 81 83 89 94 95 103 105 107 110 115 122 124 133 138 139 144 152 154 158 160 172 174 177 180 189 190 191 192 204 207
28 34 41 45 50 51 53 59 62 63 64 65 70 72 77 81 83 89 94 95 103 105 107 110 115 122 124 133 138 139 144 153 154 158 160 172 174 177 180 189 190 191 192 205 206
28 34 41 45 50 51 53 59 62 63 64 65 70 72 77 81 84 87 94 96 102 107 111 112 122 125 130 136 138 139 140 150 154 157 166 172 174 178 186 187 190 191 192 198 201 208
28 34 41 45 50 51 53 59 62 63 65 69 72 77 81 82 87 93 97 100 107 110 115 122 124 132 135 138 139 143 150 152 154 157 158 164 167 172 174 181 183 184 191 192 210
28 34 41 45 50 51 53 59 62 63 65 69 72 77 81 82 87 93 97 100 107 110 115 122 124 132 135 138 139 144 150 152 154 157 158 164 167 172 174 181 183 184 191 192 197 209
28 34 41 45 50 51 53 59 62 63 65 70 71 77 81 84 85 87 94 95 104 105 107 110 115 122 124 126 132 138 139 153 154 157 162 172 174 179 182 189 190 191 192 197 204 206
28 34 41 45 50 51 53 59 62 63 65 70 71 77 81 84 85 87 94 95 104 105 107 110 115 122 124 126 132 138 139 153 154 157 172 174 179 182 189 190 191 192 197 204 206
28 34 41 45 50 51 53 59 62 63 69 72 75 81 82 83 91 93 96 101 107 109 111 116 122 123 127 135 137 141 143 150 154 157 162 163 165 172 174 182 188 190 191 192 206 208
28 34 41 45 50 51 53 59 62 63 69 72 75 81 82 83 91 93 96 101 107 109 111 116 122 123 135 137 141 143 150 154 157 162 163 165 172 174 182 188 190 191 192 206 208
28 34 41 45 50 51 53 59 62 63 69 72 77 81 83 85 88 93 97 98 100 107 109 116 122 123 134 136 137 141 147 154 157 162 163 169 172 174 184 190 191 192 205 208
28 34 41 45 50 51 53 59 62 63 69 72 77 81 83 85 88 93 97 100 107 109 116 122 123 134 136 137 141 147 154 157 162 163 169 172 174 184 190 191 192 197 205 208
28 34 41 45 50 51 53 59 62 63 69 72 81 82 83 88 91 93 97 98 100 107 109 119 120 122 123 128 131 137 141 147 154 157 159 165 172 174 178 186 189 191 192 200 207 209
28 34 41 45 50 51 53 59 62 63 69 72 81 82 87 88 90 93 97 98 100 107 109 110 116 122 123 133 136 137 141 143 146 154 157 159 166 171 172 174 182 185 191 192 205 210
28 34 41 45 50 51 53 59 62 63 69 72 81 82 87 88 90 93 97 100 107 109 110 116 122 123 127 133 136 137 141 143 146 154 157 159 166 171 172 174 182 185 191 192 205 210
28 34 41 45 50 51 53 59 62 63 69 72 81 82 87 88 93 97 100 107 109 110 116 122 123 127 133 136 137 141 143 146 154 157 159 165 166 172 174 179 182 185 191 192 205 208
28 34 41 45 50 51 53 59 62 63 70 72 75 78 81 84 94 95 96 102 107 111 112 122 124 135 136 138 139 145 146 154 158 160 163 169 172 174 185 190 191 192 198 201 208
28 34 41 45 50 51 53 59 62 63 70 72 75 81 84 89 94 95 96 103 107 110 112 115 122 124 133 136 138 139 145 151 154 157 163 172 174 178 185 187 191 192 198 201 208 209
28 34 41 45 50 51 53 59 62 63 70 72 75 81 84 89 94 95 96 103 107 110 112 115 122 124 133 136 138 139 145 151 154 157 172 174 178 185 187 190 191 192 198 201 208
28 34 41 45 50 51 53 59 62 64 65 69 72 77 81 83 88 94 95 103 104 107 111 114 122 124 138 139 143 144 150 153 154 157 158 164 170 172 174 180 190 191 192 205 206
28 34 41 45 50 51 53 59 62 64 65 69 72 77 81 83 88 94 95 104 107 111 114 122 124 125 135 136 138 139 143 144 150 154 158 160 170 172 175 182 183 191 192 208 210
28 34 41 45 50 51 53 59 62 64 65 69 72 77 81 83 88 94 95 104 107 111 114 122 124 132 138 139 143 144 150 152 154 157 168 169 172 174 180 191 192 195 201 207 210
28 34 41 45 50 51 53 59 62 64 65 69 73 74 81 82 84 89 93 97 100 107 110 115 118 122 124 134 136 137 141 147 154 157 165 171 172 174 181 185 191 192 197 205 210
28 34 41 45 50 51 53 59 62 64 65 69 73 74 81 82 84 89 93 97 100 107 110 115 118 122 124 134 136 137 141 147 154 157 165 171 172 174 181 185 191 192 198 205 210
28 34 41 45 50 51 53 59 62 64 65 69 73 74 81 82 84 89 93 97 100 107 110 115 122 124 134 136 137 141 147 154 157 165 171 172 174 181 185 191 192 197 205 210
28 34 41 45 50 51 53 59 62 64 65 69 73 74 81 82 84 89 93 97 100 107 110 115 122 124 134 136 137 141 147 154 157 165 171 172 174 181 185 191 192 198 205 210
28 34 41 45 50 51 53 59 62 64 65 69 73 74 81 82 84 93 97 100 107 110 116 122 124 134 136 137 142 143 150 154 158 163 171 172 175 182 183 191 192 193 203 205 210
28 34 41 45 50 51 53 59 62 64 65 69 73 74 81 82 89 90 93 97 102 107 110 115 122 124 135 137 142 145 154 158 164 172 175 184 188 190 191 192 193 204 206 208
28 34 41 45 50 51 53 59 62 64 65 69 73 74 81 82 89 90 93 97 102 107 110 115 122 124 135 137 142 145 154 158 164 172 175 188 190 191 192 193 204 206 208
28 34 41 45 50 51 53 59 62 64 65 70 72 77 81 83 89 94 95 103 105 107 110 115 122 124 133 138 139 143 144 153 154 157 158 172 174 177 180 189 190 191 192 205 206
28 34 41 45 50 51 53 59 62 64 65 70 72 77 81 85 86 93 97 100 107 110 116 122 123 124 132 136 137 141 146 154 157 166 172 174 177 188 189 191 192 197 205 209
28 34 41 45 50 51 53 59 62 69 72 75 81 82 83 91 93 96 101 107 109 111 116 122 123 127 128 135 137 141 143 150 154 157 162 163 165 172 174 188 190 191 192 206 208
28 34 41 45 50 51 53 59 62 69 72 77 78 81 83 88 93 97 100 107 109 110 120 122 123 127 128 134 137 141 143 152 154 157 162 163 165 172 174 184 189 191 192 207 209
28 34 41 45 50 51 53 59 62 69 73 74 75 76 81 82 84 93 97 100 107 110 116 122 123 134 136 137 142 143 150 154 158 163 171 172 174 184 191 192 194 202 205 210
28 34 41 45 50 51 53 59 62 69 73 74 81 82 84 89 93 97 98 100 107 109 117 122 123 125 130 133 136 137 141 143 151 154 157 162 163 172 174 185 189 191 192 198 201 209
28 34 41 45 50 51 53 59 62 69 73 74 81 84 87 91 94 95 96 102 103 107 111 112 122 124 129 130 138 139 151 152 154 158 160 163 169 172 174 191 192 198 201 207 210
28 34 41 45 50 51 53 59 63 64 65 69 73 74 81 82 84 89 93 97 100 104 107 110 115 122 124 127 134 136 137 141 147 154 157 165 171 172 174 181 185 191 192 205 210
28 34 41 45 50 51 53 59 63 64 65 69 73 74 81 82 84 89 93 97 100 107 110 112 115 122 124 134 136 137 141 147 154 157 165 171 172 174 181 185 191 192 198 205 210
28 34 41 45 50 51 53 59 63 64 65 69 73 74 81 82 84 89 93 97 100 107 110 112 115 122 124 134 136 137 142 143 152 154 158 164 172 175 183 189 191 192 193 203 205 209
28 34 41 45 50 51 53 59 63 64 65 69 73 74 81 82 84 89 93 97 100 107 110 115 118 122 124 134 136 137 141 147 154 157 165 171 172 174 181 185 191 192 197 205 210
28 34 41 45 50 51 53 59 63 64 65 69 73 74 81 82 84 89 93 97 100 107 110 115 122 124 127 134 136 137 141 147 154 157 165 171 172 174 181 185 191 192 198 205 210
28 34 41 45 50 51 53 59 63 64 65 69 73 74 81 82 84 89 93 97 100 107 110 115 122 124 127 134 136 137 141 147 154 157 165 171 172 174 181 185 191 192 205 210
28 34 41 45 50 51 53 59 63 64 65 69 73 74 81 82 84 89 93 97 100 107 110 115 122 124 134 136 137 141 147 154 157 165 171 172 174 181 185 191 192 197 205 210
28 34 41 45 50 51 53 59 63 64 65 69 73 74 81 82 84 89 93 97 100 107 110 115 122 124 134 136 137 142 143 152 154 158 164 172 175 183 189 191 192 193 203 205 209
28 34 41 45 50 51 53 59 63 64 65 69 73 74 81 82 84 89 93 97 107 109 112 119 122 123 125 130 133 135 137 142 143 151 154 158 164 172 175 183 189 191 192 199 206 209
28 34 41 45 50 51 53 59 63 64 65 69 73 74 81 82 84 91 93 97 102 107 110 112 115 122 124 132 135 137 142 145 154 158 164 172 175 185 190 191 192 193 206 208
28 34 41 45 50 51 53 59 63 64 65 69 73 74 81 82 84 93 97 102 107 109 117 120 122 123 125 130 134 137 142 145 154 158 164 172 175 185 190 191 192 197 207 208
28 34 41 45 50 51 53 59 63 64 65 69 73 76 81 82 84 89 91 93 97 100 107 110 116 122 124 132 136 137 141 146 154 157 167 172 174 188 189 191 192 197 198 205 209
28 34 41 45 50 51 53 59 63 64 65 69 73 76 81 82 93 97 100 107 110 116 122 124 134 136 137 141 146 150 154 157 165 172 174 177 182 184 190 191 192 197 198 205 208
28 34 41 45 50 51 53 59 63 64 65 70 72 73 81 85 87 93 97 102 107 110 115 122 123 124 132 135 137 142 145 154 157 166 172 174 176 182 185 190 191 192 197 198 206 208
28 34 41 45 50 51 53 59 63 64 65 70 72 73 81 85 87 94 95 96 102 105 107 112 113 122 125 130 138 139 142 149 153 154 159 162 172 174 179 183 189 191 192 194 205 206 209
28 34 41 45 50 51 53 59 63 64 65 70 72 77 81 85 86 93 97 98 100 107 110 116 122 123 124 132 136 137 141 143 146 154 157 166 167 172 174 177 188 189 191 192 205 209
28 34 41 45 50 51 53 59 63 64 65 70 72 77 81 85 86 93 97 98 100 107 110 116 122 123 124 132 136 137 141 143 146 154 157 166 172 174 177 188 189 191 192 205 209
28 34 41 45 50 51 53 59 63 64 65 70 72 77 81 85 86 93 97 98 100 107 110 116 122 123 124 132 136 137 141 146 154 157 166 167 172 174 177 188 189 191 192 205 209
28 34 41 45 50 51 53 59 63 64 65 70 72 77 81 85 86 93 97 98 100 107 110 116 122 123 124 132 136 137 141 146 154 157 166 172 174 177 188 189 191 192 205 209
28 34 41 45 50 51 53 59 63 64 65 70 72 77 81 85 86 93 97 100 107 110 116 122 123 124 132 136 137 141 143 146 154 157 166 167 172 174 177 188 189 191 192 198 205
28 34 41 45 50 51 53 59 63 64 65 70 72 77 81 85 86 93 97 100 107 110 116 122 123 124 132 136 137 141 143 146 154 157 166 172 174 177 188 189 191 192 198 205 209
28 34 41 45 50 51 53 59 63 64 65 70 72 77 81 85 86 93 97 100 107 110 116 122 123 124 132 136 137 141 146 154 157 166 172 174 177 188 189 191 192 197 205 209
28 34 41 45 50 51 53 59 63 64 65 70 72 77 81 85 87 93 97 100 107 110 115 122 123 124 133 134 136 137 141 147 150 154 157 165 171 172 174 181 191 192 197 198 205 210
28 34 41 45 50 51 53 59 63 64 65 70 72 77 81 85 87 93 97 100 107 110 115 122 123 124 133 134 136 137 141 147 154 157 165 171 172 174 181 191 192 197 198 205 210
28 34 41 45 50 51 53 59 63 64 65 70 72 77 81 85 88 91 94 96 102 107 112 113 122 123 124 132 135 137 142 145 154 157 166 172 174 185 189 191 192 195 200 206 209
28 34 41 45 50 51 53 59 63 66 69 73 74 75 76 81 82 84 93 97 100 107 110 116 122 123 134 136 137 142 143 150 154 158 163 171 172 174 184 191 192 194 202 205 210
28 34 41 45 50 51 53 59 63 66 69 73 81 82 91 93 98 99 107 109 111 114 119 122 123 130 135 137 142 143 149 154 157 163 165 170 171 172 174 176 182 191 192 206 210
28 34 41 45 50 51 53 59 63 66 70 72 73 81 85 94 95 100 101 103 107 112 113 122 124 133 138 139 141 147 153 154 158 160 163 166 172 174 185 191 192 196 199 206 210
28 34 41 45 50 51 53 59 64 65 69 72 77 81 83 88 94 95 98 104 107 110 116 122 124 135 136 138 139 144 150 154 158 160 168 172 175 179 182 183 191 192 196 199 208 209
28 34 41 45 50 51 53 59 64 65 69 72 77 81 83 88 94 95 98 104 107 111 112 114 122 125 131 138 140 151 153 154 158 160 168 172 175 179 182 183 191 192 193 204 206 210
28 34 41 45 50 51 53 59 64 65 69 72 77 81 83 88 94 95 104 107 111 114 122 124 125 135 136 138 139 143 144 150 154 158 160 170 172 175 182 183 191 192 208 210
28 34 41 45 50 51 53 59 64 65 69 73 74 76 81 82 83 89 93 97 102 107 109 112 117 120 122 123 129 134 137 142 143 145 154 158 163 172 175 185 189 191 192 198 207 209
28 34 41 45 50 51 53 59 64 65 69 73 74 76 81 82 83 89 93 97 102 107 109 112 117 120 122 123 129 134 137 142 143 145 154 158 163 172 175 185 189 191 192 207 209
28 34 41 45 50 51 53 59 64 65 69 73 74 76 81 82 83 89 93 97 102 107 109 112 117 120 122 123 129 134 137 142 145 154 158 163 172 175 185 189 191 192 198 207 209
28 34 41 45 50 51 53 59 64 65 69 73 74 76 81 82 83 89 93 97 102 107 109 117 120 122 123 129 134 137 142 143 145 154 158 163 172 175 185 189 191 192 198 207 209
28 34 41 45 50 51 53 59 64 65 69 73 74 76 81 82 83 89 93 97 102 107 109 117 120 122 123 129 134 137 142 145 154 158 163 172 175 178 185 189 191 192 198 207 209
28 34 41 45 50 51 53 59 64 65 69 73 74 76 81 82 83 89 93 97 102 107 109 117 120 122 123 129 134 137 142 145 154 158 163 172 175 185 189 191 192 197 207 209
28 34 41 45 50 51 53 59 64 65 69 73 74 76 81 82 83 93 97 102 107 110 115 122 124 127 134 135 137 141 147 154 157 165 171 172 174 177 180 185 191 192 198 206 210
28 34 41 45 50 51 53 59 64 65 69 73 74 76 81 82 83 93 97 102 107 110 115 122 124 134 135 137 141 147 154 157 160 165 171 172 174 177 180 185 191 192 198 206 210
28 34 41 45 50 51 53 59 64 65 69 73 74 76 81 82 83 93 97 102 107 110 115 122 124 134 135 137 141 147 154 157 165 171 172 174 177 180 185 191 192 197 206 210
28 34 41 45 50 51 53 59 64 65 69 73 74 76 81 82 84 89 93 97 100 107 110 115 122 124 134 136 137 142 143 152 154 158 164 172 175 183 189 191 192 193 203 205 209
28 34 41 45 50 51 53 59 64 65 69 73 74 76 81 82 84 93 97 100 107 110 116 122 124 134 136 137 142 143 150 154 158 163 171 172 175 182 183 191 192 193 203 205 210
28 34 41 45 50 51 53 59 64 65 69 73 74 76 81 82 89 90 93 97 102 107 110 115 122 124 127 135 137 142 143 145 154 158 164 172 175 188 190 191 192 193 204 206 208
28 34 41 45 50 51 53 59 64 65 69 73 74 76 81 82 89 90 93 97 102 107 110 115 122 124 127 135 137 142 145 154 158 164 172 175 188 190 191 192 193 204 206 208
28 34 41 45 50 51 53 59 64 65 69 73 74 76 81 82 89 90 93 97 102 107 110 115 122 124 133 135 137 142 143 145 154 158 164 172 175 188 190 191 192 193 204 206 208
28 34 41 45 50 51 53 59 64 65 69 73 74 76 81 82 89 90 93 97 102 107 110 115 122 124 135 137 142 143 145 154 158 164 172 175 184 188 190 191 192 193 204 206 208
28 34 41 45 50 51 53 59 64 65 69 73 74 76 81 82 89 90 93 97 102 107 110 115 122 124 135 137 142 143 145 154 158 164 172 175 188 190 191 192 193 204 206 208
28 34 41 45 50 51 53 59 64 65 69 73 74 76 81 82 89 90 93 97 102 107 110 115 122 124 135 137 142 145 154 158 164 172 175 178 188 190 191 192 193 204 206 208
28 34 41 45 50 51 53 59 64 65 69 73 74 76 81 83 89 93 97 98 100 107 109 113 116 117 122 123 134 135 137 141 146 154 157 160 168 171 172 174 177 184 191 192 206 210
28 34 41 45 50 51 53 59 64 65 69 73 74 76 81 83 89 93 97 98 100 107 109 113 116 117 122 123 134 135 137 141 146 154 157 160 168 171 172 174 184 191 192 206 210
28 34 41 45 50 51 53 59 64 65 69 73 74 76 81 83 89 93 97 102 107 110 112 122 123 124 136 137 142 143 145 152 154 157 161 164 165 172 174 185 189 191 192 200 203 205
28 34 41 45 50 51 53 59 64 65 69 73 74 76 81 83 89 93 97 102 107 110 112 122 124 136 137 142 143 145 152 154 157 161 164 165 172 174 185 189 191 192 200 203 205
28 34 41 45 50 51 53 59 64 65 69 73 74 78 81 82 84 89 93 97 100 107 110 112 115 122 124 134 136 137 141 147 154 157 165 171 172 174 181 185 191 192 198 205 210
28 34 41 45 50 51 53 59 64 65 69 73 74 78 81 82 84 89 93 97 100 107 110 112 115 122 124 134 136 137 142 143 152 154 158 164 172 175 183 189 191 192 193 203 205 209
28 34 41 45 50 51 53 59 64 65 69 73 74 78 81 82 84 89 93 97 100 107 110 112 115 122 124 134 136 137 142 143 154 158 164 172 175 183 189 191 192 193 203 205 209
28 34 41 45 50 51 53 59 64 65 69 73 74 78 81 82 84 89 93 97 100 107 110 115 122 124 127 134 136 137 141 147 154 157 165 171 172 174 181 185 191 192 198 205 210
28 34 41 45 50 51 53 59 64 65 69 73 74 78 81 82 84 89 93 97 100 107 110 115 122 124 127 134 136 137 141 147 154 157 165 171 172 174 181 185 191 192 205 210
28 34 41 45 50 51 53 59 64 65 69 73 74 78 81 82 84 89 93 97 100 107 110 115 122 124 127 134 136 137 142 143 154 158 164 172 175 183 189 191 192 193 203 205 209
28 34 41 45 50 51 53 59 64 65 69 73 74 78 81 82 84 89 93 97 100 107 110 115 122 124 134 136 137 141 147 154 157 165 171 172 174 181 185 191 192 197 205 210
28 34 41 45 50 51 53 59 64 65 69 73 74 78 81 82 84 89 93 97 100 107 110 115 122 124 134 136 137 142 143 152 154 158 164 172 175 183 189 191 192 193 203 205 209
28 34 41 45 50 51 53 59 64 65 69 73 74 78 81 82 84 89 93 97 100 107 110 115 122 124 134 136 137 142 143 154 158 164 172 175 183 189 191 192 193 203 205 209
28 34 41 45 50 51 53 59 64 65 69 73 74 78 81 82 84 93 97 102 107 109 117 120 122 123 125 130 134 137 142 145 154 158 164 172 175 178 185 190 191 192 198 207 208
28 34 41 45 50 51 53 59 64 65 69 73 74 78 81 82 84 93 97 102 107 109 117 120 122 123 125 130 134 137 142 145 154 158 164 172 175 185 190 191 192 197 207 208
28 34 41 45 50 51 53 59 64 65 69 73 74 81 82 84 89 93 97 100 104 107 110 112 115 122 124 134 136 137 141 147 154 157 160 165 171 172 174 181 185 191 192 205 210
28 34 41 45 50 51 53 59 64 65 69 73 74 81 82 84 89 93 97 100 104 107 110 115 122 124 127 134 136 137 141 147 154 157 165 166 171 172 174 181 185 191 192 205 210
28 34 41 45 50 51 53 59 64 65 69 73 74 81 82 84 89 93 97 100 107 110 112 115 122 124 134 136 137 141 147 154 157 160 165 171 172 174 181 185 191 192 198 205 210
28 34 41 45 50 51 53 59 64 65 69 73 74 81 82 84 89 93 97 100 107 110 112 115 122 124 134 136 137 141 147 154 157 160 165 171 172 174 181 185 191 192 205 210
28 34 41 45 50 51 53 59 64 65 69 73 74 81 82 84 89 93 97 100 107 110 112 115 122 124 134 136 137 141 147 154 157 165 166 171 172 174 181 185 191 192 198 205 210
28 34 41 45 50 51 53 59 64 65 69 73 74 81 82 84 89 93 97 100 107 110 112 115 122 124 134 136 137 141 147 154 157 165 171 172 174 181 185 191 192 198 205 210
28 34 41 45 50 51 53 59 64 65 69 73 74 81 82 84 89 93 97 100 107 110 112 115 122 124 134 136 137 142 143 152 154 158 164 172 175 183 189 191 192 193 203 205 209
28 34 41 45 50 51 53 59 64 65 69 73 74 81 82 84 89 93 97 100 107 110 115 118 122 124 134 136 137 141 147 154 157 160 165 171 172 174 181 185 191 192 198 205 210
28 34 41 45 50 51 53 59 64 65 69 73 74 81 82 84 89 93 97 100 107 110 115 118 122 124 134 136 137 141 147 154 157 165 166 171 172 174 181 185 191 192 197 205 210
28 34 41 45 50 51 53 59 64 65 69 73 74 81 82 84 89 93 97 100 107 110 115 118 122 124 134 136 137 141 147 154 157 165 171 172 174 181 185 191 192 197 205 210
28 34 41 45 50 51 53 59 64 65 69 73 74 81 82 84 89 93 97 100 107 110 115 122 124 127 134 136 137 141 147 154 157 165 166 171 172 174 181 185 191 192 198 205 210
28 34 41 45 50 51 53 59 64 65 69 73 74 81 82 84 89 93 97 100 107 110 115 122 124 127 134 136 137 141 147 154 157 165 166 171 172 174 181 185 191 192 205 210
28 34 41 45 50 51 53 59 64 65 69 73 74 81 82 84 89 93 97 100 107 110 115 122 124 127 134 136 137 141 147 154 157 165 171 172 174 181 185 191 192 198 205 210
28 34 41 45 50 51 53 59 64 65 69 73 74 81 82 84 89 93 97 100 107 110 115 122 124 127 134 136 137 141 147 154 157 165 171 172 174 181 185 191 192 205 210
28 34 41 45 50 51 53 59 64 65 69 73 74 81 82 84 89 93 97 100 107 110 115 122 124 127 134 136 137 141 147 154 157 165 172 174 180 184 189 191 192 198 205 209
28 34 41 45 50 51 53 59 64 65 69 73 74 81 82 84 89 93 97 100 107 110 115 122 124 134 136 137 141 147 154 157 160 165 171 172 174 181 185 191 192 198 205 210
28 34 41 45 50 51 53 59 64 65 69 73 74 81 82 84 89 93 97 100 107 110 115 122 124 134 136 137 141 147 154 157 165 166 171 172 174 181 185 191 192 197 205 210
28 34 41 45 50 51 53 59 64 65 69 73 74 81 82 84 89 93 97 100 107 110 115 122 124 134 136 137 141 147 154 157 165 171 172 174 181 185 191 192 197 205 210
28 34 41 45 50 51 53 59 64 65 69 73 74 81 82 84 89 93 97 100 107 110 115 122 124 134 136 137 142 143 152 154 158 164 172 175 183 189 191 192 193 203 205 209
28 34 41 45 50 51 53 59 64 65 69 73 74 81 82 84 89 93 97 107 109 112 119 122 123 125 130 133 135 137 142 143 151 154 158 164 172 175 183 189 191 192 199 206 209
28 34 41 45 50 51 53 59 64 65 69 73 74 81 82 84 91 93 97 105 107 110 112 115 120 122 124 128 131 132 137 142 143 145 154 158 164 172 175 185 190 191 192 193 207 208
28 34 41 45 50 51 53 59 64 65 69 73 74 81 82 84 91 93 97 105 107 110 112 115 120 122 124 131 132 137 142 143 145 154 158 164 172 175 185 190 191 192 193 207 208
28 34 41 45 50 51 53 59 64 65 69 73 74 81 82 84 93 97 100 107 110 116 122 124 134 136 137 142 143 150 154 158 163 171 172 175 182 183 191 192 193 203 205 210
28 34 41 45 50 51 53 59 64 65 69 73 74 81 82 84 93 97 102 107 109 112 117 120 122 123 125 130 134 137 142 143 145 154 158 164 172 175 185 190 191 192 207 208
28 34 41 45 50 51 53 59 64 65 69 73 74 81 82 84 93 97 102 107 109 112 117 120 122 123 125 130 134 137 142 145 154 158 164 172 175 185 190 191 192 198 207 208
28 34 41 45 50 51 53 59 64 65 69 73 74 81 82 84 93 97 102 107 109 117 118 120 122 123 125 130 134 137 142 145 154 158 164 172 175 178 185 190 191 192 198 207 208
28 34 41 45 50 51 53 59 64 65 69 73 74 81 82 84 93 97 102 107 109 117 118 120 122 123 125 130 134 137 142 145 154 158 164 172 175 185 190 191 192 197 207 208
28 34 41 45 50 51 53 59 64 65 69 73 74 81 82 84 93 97 102 107 109 117 120 122 123 125 130 134 137 142 145 154 158 164 172 175 178 185 190 191 192 198 207 208
28 34 41 45 50 51 53 59 64 65 69 73 74 81 82 84 93 97 102 107 109 117 120 122 123 125 130 134 137 142 145 154 158 164 172 175 185 190 191 192 197 207 208
28 34 41 45 50 51 53 59 64 65 69 73 74 81 82 84 93 97 105 107 110 112 115 120 122 124 131 132 137 142 145 154 158 164 172 175 178 185 190 191 192 193 203 207 208
28 34 41 45 50 51 53 59 64 65 69 73 74 81 82 89 90 93 97 102 107 110 115 122 124 127 135 137 142 143 145 154 158 164 172 175 188 190 191 192 193 204 206 208
28 34 41 45 50 51 53 59 64 65 69 73 74 81 82 89 90 93 97 102 107 110 115 122 124 133 135 137 142 143 145 154 158 164 172 175 188 190 191 192 193 204 206 208
28 34 41 45 50 51 53 59 64 65 69 73 74 81 82 89 90 93 97 102 107 110 115 122 124 135 137 142 143 145 154 158 164 172 175 184 188 190 191 192 193 204 206 208
28 34 41 45 50 51 53 59 64 65 69 73 74 81 82 89 90 93 97 102 107 110 115 122 124 135 137 142 143 145 154 158 164 172 175 188 190 191 192 193 204 206 208
28 34 41 45 50 51 53 59 64 65 69 73 74 81 82 89 90 93 97 102 107 110 115 122 124 135 137 142 145 154 158 164 172 175 178 188 190 191 192 193 204 206 208
28 34 41 45 50 51 53 59 64 65 69 73 74 81 82 90 91 93 97 102 107 109 112 120 122 123 125 130 137 141 143 152 154 157 161 164 172 174 177 180 189 191 192 207 209
28 34 41 45 50 51 53 59 64 65 69 73 74 81 82 90 91 93 97 102 107 109 112 120 122 123 125 130 137 142 145 154 158 160 169 171 172 175 179 182 191 192 207 210
28 34 41 45 50 51 53 59 64 65 69 73 74 81 82 90 91 93 97 102 107 110 112 115 122 124 135 137 142 145 154 157 160 170 172 174 176 182 190 191 192 204 206 208
28 34 41 45 50 51 53 59 64 65 69 73 74 81 82 90 91 93 97 102 107 110 115 122 124 127 135 137 142 143 145 154 157 170 172 174 176 182 190 191 192 204 206 208
28 34 41 45 50 51 53 59 64 65 69 73 76 81 82 84 89 91 93 97 100 107 110 115 122 124 134 136 137 141 147 154 157 160 161 165 172 174 187 190 191 192 203 205 208
28 34 41 45 50 51 53 59 64 65 69 73 76 81 82 86 89 90 93 97 102 107 110 115 122 124 127 133 135 137 142 143 145 154 158 164 172 175 188 190 191 192 193 204 206 208
28 34 41 45 50 51 53 59 64 65 69 73 76 81 82 86 89 90 93 97 102 107 110 115 122 124 127 133 135 137 142 145 154 158 164 172 175 188 190 191 192 193 204 206 208
28 34 41 45 50 51 53 59 64 65 69 73 76 81 82 86 89 90 93 97 102 107 110 115 122 124 135 137 142 145 154 158 164 172 175 178 184 188 190 191 192 193 204 206 208
28 34 41 45 50 51 53 59 64 65 69 73 78 81 82 86 89 93 97 102 107 110 112 122 124 132 136 137 142 143 145 152 154 158 163 172 175 185 189 191 192 193 203 205 209
28 34 41 45 50 51 53 59 64 65 69 73 81 82 86 89 90 93 97 102 107 110 115 122 124 127 133 135 137 142 143 145 154 158 164 172 175 188 190 191 192 193 204 206 208
28 34 41 45 50 51 53 59 64 65 69 73 81 82 86 89 90 93 97 102 107 110 115 122 124 135 137 142 145 154 158 164 172 175 178 184 188 190 191 192 193 204 206 208
28 34 41 45 50 51 53 59 64 65 69 73 81 82 86 89 93 97 102 107 109 112 117 120 122 123 125 130 133 137 141 143 152 154 157 167 172 174 177 180 189 191 192 207 209
28 34 41 45 50 51 53 59 64 65 69 73 81 82 86 89 93 97 102 107 110 112 122 124 132 136 137 142 143 145 152 154 158 163 172 175 185 189 191 192 193 203 205 209
28 34 41 45 50 51 53 59 64 65 70 72 73 81 84 91 93 96 102 107 109 118 120 122 123 127 128 137 141 143 146 149 154 157 161 164 165 172 174 185 190 191 192 196 199 207
28 34 41 45 50 51 53 59 64 65 70 72 73 81 84 91 93 97 100 107 110 116 122 124 133 136 138 139 143 144 151 154 158 160 163 166 172 175 179 182 183 191 193 204 210
28 34 41 45 50 51 53 59 64 65 70 72 73 81 84 93 96 102 107 109 118 120 122 123 127 128 137 141 143 146 149 154 157 161 164 165 172 174 185 190 191 192 196 199 207
28 34 41 45 50 51 53 59 64 65 70 72 73 81 84 93 97 100 107 110 116 122 124 133 136 138 139 143 144 151 154 158 160 163 166 172 175 179 182 183 191 193 204 210
28 34 41 45 50 51 53 59 64 65 70 72 73 81 85 86 93 97 104 107 109 116 117 122 123 125 130 134 135 137 141 147 154 157 166 171 172 174 177 180 191 192 197 206 210
28 34 41 45 50 51 53 59 64 65 70 72 73 81 85 86 93 97 104 107 109 116 117 122 123 125 130 134 135 137 142 145 154 158 164 172 174 175 184 190 191 192 197 206 208
28 34 41 45 50 51 53 59 64 65 70 72 73 81 86 88 93 97 100 107 110 116 122 123 124 133 134 136 137 141 146 154 157 165 172 174 177 182 190 191 192 197 198 205 208
28 34 41 45 50 51 59 63 66 69 73 75 76 81 82 84 93 98 99 107 109 110 115 119 120 122 123 131 132 133 137 141 143 147 154 157 165 172 174 185 189 191 192 196 199 209
28 34 41 45 50 51 59 63 66 69 73 75 76 81 82 84 93 98 99 107 109 110 115 119 122 123 131 132 133 137 141 143 147 154 157 165 172 174 185 189 191 192 196 199 205 209
28 34 41 45 50 51 59 63 66 70 72 73 75 81 86 87 88 90 94 95 104 107 112 113 122 123 125 131 135 137 141 143 149 154 157 165 172 174 185 189 191 192 199 206 209
28 34 41 45 50 51 59 63 66 70 72 73 81 85 87 94 95 96 101 104 107 112 113 115 122 124 129 132 134 138 139 142 147 152 154 158 160 164 167 172 174 179 186 191 192 207 210
28 34 41 45 50 51 59 63 66 70 72 73 81 85 87 94 95 96 101 104 107 112 113 122 124 129 132 134 138 139 142 147 152 154 158 160 164 167 172 174 179 186 191 192 207 210
28 34 41 45 50 51 59 64 65 69 73 74 81 82 84 93 97 102 107 109 113 117 120 122 123 125 130 134 137 142 143 145 154 158 161 164 172 175 185 190 191 192 207 208
28 34 41 45 50 51 59 64 65 69 73 74 81 82 84 93 97 102 107 109 113 117 120 122 123 125 130 134 137 142 144 145 154 158 160 164 172 175 185 190 191 192 207 208
28 34 41 45 50 51 59 64 65 69 74 76 81 82 83 93 97 99 102 104 107 110 112 115 122 124 134 135 137 141 147 154 157 160 161 165 171 172 174 177 180 185 191 192 206 210
28 34 41 45 50 51 59 64 65 70 72 73 74 77 81 86 87 93 96 102 107 109 117 122 123 126 136 137 141 146 154 157 166 172 174 178 188 189 191 192 199 204 205 209
28 34 41 45 50 51 59 64 65 70 72 73 74 77 81 86 87 93 96 102 107 109 117 122 123 127 136 137 141 144 146 154 157 166 172 174 177 188 189 191 192 199 204 205 209
28 34 41 45 50 51 59 64 65 70 72 73 74 77 81 86 87 93 96 102 107 109 117 122 123 127 136 137 141 146 154 157 166 172 174 177 188 189 191 192 199 204 205 209
28 34 41 45 50 51 59 64 65 70 72 73 74 77 81 86 87 93 97 100 107 109 117 122 123 125 131 134 136 137 141 146 154 157 166 171 172 174 178 183 191 192 205 210
28 34 41 45 50 51 59 64 65 70 72 73 74 77 81 86 93 97 100 107 109 117 122 123 125 131 134 136 137 141 146 154 157 166 171 172 174 178 183 191 192 205 210
28 34 41 45 50 51 59 64 65 70 72 73 74 77 81 86 93 97 100 107 109 118 122 123 125 130 134 136 137 141 147 154 157 165 172 174 178 180 189 191 192 198 205 209
28 34 41 45 50 51 59 64 65 70 72 73 74 77 81 86 93 97 100 107 109 118 122 123 125 130 134 136 137 141 147 154 157 165 172 174 178 180 189 191 192 205 209
28 34 41 45 50 51 59 64 65 70 72 74 77 81 84 87 94 95 104 107 111 112 122 123 125 130 135 136 137 141 147 154 157 160 165 169 171 172 174 185 191 192 198 203 210
28 34 41 45 50 51 59 64 65 70 72 74 77 81 85 86 87 93 97 98 107 109 117 120 122 123 125 131 134 137 141 144 146 154 157 166 172 174 177 186 189 191 192 207 209
28 34 41 45 50 51 59 64 65 70 72 74 77 81 85 86 87 93 97 100 107 109 118 122 123 125 130 136 137 141 147 150 154 157 160 165 172 174 177 188 190 191 192 205 208
28 34 41 45 50 51 59 64 65 70 72 74 77 81 85 86 87 93 97 100 107 109 118 122 123 125 130 136 137 141 147 154 157 160 165 172 174 177 188 190 191 192 198 205 208
28 34 41 45 50 51 59 64 65 70 72 74 77 81 85 86 87 93 97 100 107 109 118 122 123 125 130 136 137 141 147 154 157 160 165 172 174 177 188 190 191 192 205 208
28 34 41 45 50 51 59 64 65 70 72 74 77 81 85 86 87 93 97 100 107 109 118 122 123 125 130 136 137 141 147 154 157 165 172 174 177 188 190 191 192 197 205 208
28 34 41 45 50 51 59 64 65 70 72 74 77 81 85 86 88 93 97 98 100 107 109 117 122 123 125 131 136 137 141 146 154 157 166 172 174 180 188 190 191 192 205 208
28 34 41 45 50 51 59 64 65 70 72 74 77 81 85 86 88 93 97 98 100 107 110 115 122 123 124 133 136 137 141 143 147 154 157 165 172 174 180 188 189 191 192 205 209
28 34 41 45 50 51 59 64 65 70 72 74 77 81 85 86 88 93 97 98 100 107 110 115 122 123 124 133 136 137 141 147 154 157 165 172 174 180 188 189 191 192 205 209
28 34 41 45 50 51 59 64 65 70 72 74 77 81 85 86 88 93 97 98 100 107 110 116 122 123 124 132 136 137 141 146 154 157 166 172 174 177 188 189 191 192 205 209
28 34 41 45 50 51 59 64 65 70 72 74 77 81 85 86 88 93 97 100 107 109 112 117 122 123 125 131 136 137 141 146 154 157 166 172 174 180 188 190 191 192 198 205 208
28 34 41 45 50 51 59 64 65 70 72 74 77 81 85 86 88 93 97 100 107 109 112 117 122 123 125 131 136 137 141 146 154 157 166 172 174 180 188 190 191 192 205 208
28 34 41 45 50 51 59 64 65 70 72 74 77 81 85 86 88 93 97 100 107 110 112 116 122 123 124 132 136 137 141 146 154 157 166 172 174 177 188 189 191 192 204 205 209
28 34 41 45 50 51 59 64 65 70 72 74 77 81 85 86 88 93 97 100 107 110 112 116 122 123 124 132 136 137 141 146 154 157 166 172 174 177 188 189 191 192 205 209
28 34 41 45 50 51 59 64 65 70 72 74 77 81 85 86 90 93 97 98 100 107 109 117 122 123 125 131 136 137 141 144 146 154 157 166 172 174 180 188 190 191 192 205 208
28 34 41 45 50 51 59 64 65 70 72 74 77 81 85 86 90 93 97 98 100 107 109 118 122 123 125 130 136 137 141 147 150 154 157 165 172 174 177 188 190 191 192 205 208
28 34 41 45 50 51 59 64 65 70 72 74 77 81 85 86 90 93 97 98 107 109 117 120 122 123 125 131 134 137 141 144 146 154 157 166 172 174 177 186 189 191 192 199 207 209
28 34 41 45 50 51 59 64 65 70 72 74 77 81 85 86 90 93 97 100 107 109 117 122 123 125 131 136 137 141 146 154 157 166 172 174 180 188 190 191 192 197 205 208
28 34 41 45 50 51 59 64 65 70 72 74 77 81 85 86 90 93 97 100 107 109 118 122 123 125 130 136 137 141 147 154 157 165 172 174 177 188 190 191 192 197 205 208
28 34 41 45 50 51 59 64 65 70 72 74 77 81 85 86 93 97 98 100 107 109 117 122 123 125 131 136 137 141 144 146 154 157 166 172 174 180 188 190 191 192 205 208
28 34 41 45 50 51 59 64 65 70 72 74 77 81 85 86 93 97 98 100 107 109 117 122 123 125 131 136 137 141 146 150 154 157 166 172 174 180 188 190 191 192 205 208
28 34 41 45 50 51 59 64 65 70 72 74 77 81 85 86 93 97 98 100 107 109 118 122 123 125 130 136 137 141 147 150 154 157 160 165 172 174 177 188 190 191 192 205 208
28 34 41 45 50 51 59 64 65 70 72 74 77 81 85 86 93 97 98 100 107 109 118 122 123 125 130 136 137 141 147 150 154 157 165 172 174 177 188 190 191 192 205 208
28 34 41 45 50 51 59 64 65 70 72 74 77 81 85 86 93 97 98 100 107 109 118 122 123 125 130 136 137 141 147 154 157 160 165 172 174 177 188 190 191 192 205 208
28 34 41 45 50 51 59 64 65 70 72 74 77 81 85 86 93 97 98 100 107 109 118 122 123 125 130 136 137 141 147 154 157 165 172 174 177 188 190 191 192 205 208
28 34 41 45 50 51 59 64 65 70 72 74 77 81 85 86 93 97 98 100 107 110 116 122 123 124 132 136 137 141 144 146 154 157 166 172 174 177 188 189 191 192 205 209
28 34 41 45 50 51 59 64 65 70 72 74 77 81 85 86 93 97 98 100 107 110 116 122 123 124 132 136 137 141 146 154 157 166 172 174 177 188 189 191 192 205 209
28 34 41 45 50 51 59 64 65 70 72 74 77 81 85 86 93 97 98 107 109 117 120 122 123 125 131 134 137 141 144 146 154 157 166 172 174 177 186 189 191 192 199 207 209
28 34 41 45 50 51 59 64 65 70 72 74 77 81 85 86 93 97 100 105 107 109 112 117 122 123 125 131 136 137 141 143 146 154 157 166 172 174 180 188 190 191 192 205 208
28 34 41 45 50 51 59 64 65 70 72 74 77 81 85 86 93 97 100 105 107 109 112 117 122 123 125 131 136 137 141 144 146 154 157 166 172 174 180 188 190 191 192 205 208
28 34 41 45 50 51 59 64 65 70 72 74 77 81 85 86 93 97 100 105 107 109 112 117 122 123 125 131 136 137 141 146 154 157 166 172 174 180 188 190 191 192 205 208
28 34 41 45 50 51 59 64 65 70 72 74 77 81 85 86 93 97 100 105 107 109 117 122 123 125 131 136 137 141 143 146 154 157 166 172 174 180 188 190 191 192 205 208
28 34 41 45 50 51 59 64 65 70 72 74 77 81 85 86 93 97 100 105 107 109 118 122 123 125 130 136 137 141 143 147 154 157 165 172 174 177 188 190 191 192 205 208
28 34 41 45 50 51 59 64 65 70 72 74 77 81 85 86 93 97 100 105 107 109 118 122 123 125 130 136 137 141 147 154 157 160 165 172 174 177 188 190 191 192 205 208
28 34 41 45 50 51 59 64 65 70 72 74 77 81 85 86 93 97 100 105 107 110 112 115 122 123 124 133 136 137 141 147 154 157 160 165 172 174 180 188 189 191 192 205 209
28 34 41 45 50 51 59 64 65 70 72 74 77 81 85 86 93 97 100 105 107 110 112 115 122 123 124 133 136 137 141 147 154 157 165 172 174 180 188 189 191 192 205 209
28 34 41 45 50 51 59 64 65 70 72 74 77 81 85 86 93 97 100 105 107 110 112 116 122 123 124 132 136 137 141 144 146 154 157 166 172 174 177 188 189 191 192 205 209
28 34 41 45 50 51 59 64 65 70 72 74 77 81 85 86 93 97 100 105 107 110 112 116 122 123 124 132 136 137 141 146 154 157 166 172 174 177 188 189 191 192 205 209
28 34 41 45 50 51 59 64 65 70 72 74 77 81 85 86 93 97 100 107 109 112 117 122 123 125 131 136 137 141 143 146 154 157 166 172 174 180 188 190 191 192 205 208
28 34 41 45 50 51 59 64 65 70 72 74 77 81 85 86 93 97 100 107 109 112 117 122 123 125 131 136 137 141 144 146 154 157 166 172 174 180 188 190 191 192 205 208
28 34 41 45 50 51 59 64 65 70 72 74 77 81 85 86 93 97 100 107 109 112 117 122 123 125 131 136 137 141 146 150 154 157 166 172 174 180 188 190 191 192 205 208
28 34 41 45 50 51 59 64 65 70 72 74 77 81 85 86 93 97 100 107 109 112 117 122 123 125 131 136 137 141 146 154 157 166 172 174 180 188 190 191 192 198 205 208
28 34 41 45 50 51 59 64 65 70 72 74 77 81 85 86 93 97 100 107 109 112 117 122 123 125 131 136 137 141 146 154 157 166 172 174 180 188 190 191 192 204 205 208
28 34 41 45 50 51 59 64 65 70 72 74 77 81 85 86 93 97 100 107 109 112 117 122 123 125 131 136 137 141 146 154 157 166 172 174 180 188 190 191 192 205 208
28 34 41 45 50 51 59 64 65 70 72 74 77 81 85 86 93 97 100 107 109 117 122 123 125 131 136 137 141 143 146 154 157 166 172 174 180 188 190 191 192 205 208
28 34 41 45 50 51 59 64 65 70 72 74 77 81 85 86 93 97 100 107 109 117 122 123 125 131 136 137 141 146 154 157 166 172 174 180 188 190 191 192 197 205 208
28 34 41 45 50 51 59 64 65 70 72 74 77 81 85 86 93 97 100 107 109 118 122 123 125 130 136 137 141 143 147 154 157 165 172 174 177 188 190 191 192 205 208
28 34 41 45 50 51 59 64 65 70 72 74 77 81 85 86 93 97 100 107 109 118 122 123 125 130 136 137 141 147 150 154 157 160 165 172 174 177 188 190 191 192 205 208
28 34 41 45 50 51 59 64 65 70 72 74 77 81 85 86 93 97 100 107 109 118 122 123 125 130 136 137 141 147 154 157 160 165 172 174 177 188 190 191 192 198 205 208
28 34 41 45 50 51 59 64 65 70 72 74 77 81 85 86 93 97 100 107 109 118 122 123 125 130 136 137 141 147 154 157 160 165 172 174 177 188 190 191 192 204 205 208
28 34 41 45 50 51 59 64 65 70 72 74 77 81 85 86 93 97 100 107 109 118 122 123 125 130 136 137 141 147 154 157 160 165 172 174 177 188 190 191 192 205 208
28 34 41 45 50 51 59 64 65 70 72 74 77 81 85 86 93 97 100 107 109 118 122 123 125 130 136 137 141 147 154 157 165 172 174 177 188 190 191 192 197 205 208
28 34 41 45 50 51 59 64 65 70 72 74 77 81 85 86 93 97 100 107 110 112 115 122 123 124 133 136 137 141 147 154 157 165 172 174 177 185 190 191 192 198 205 208
28 34 41 45 50 51 59 64 65 70 72 74 77 81 85 86 93 97 100 107 110 112 115 122 123 124 133 136 137 141 147 154 157 165 172 174 180 188 189 191 192 198 205 209
28 34 41 45 50 51 59 64 65 70 72 74 77 81 85 86 93 97 100 107 110 112 115 122 123 124 133 136 137 141 147 154 157 165 172 174 180 188 189 191 192 204 205 209
28 34 41 45 50 51 59 64 65 70 72 74 77 81 85 86 93 97 100 107 110 112 115 122 123 124 133 136 137 141 147 154 157 165 172 174 180 188 189 191 192 205 209
28 34 41 45 50 51 59 64 65 70 72 74 77 81 85 86 93 97 100 107 110 112 116 122 123 124 132 136 137 141 144 146 154 157 166 172 174 177 188 189 191 192 204 205 209
28 34 41 45 50 51 59 64 65 70 72 74 77 81 85 86 93 97 100 107 110 112 116 122 123 124 132 136 137 141 144 146 154 157 166 172 174 177 188 189 191 192 205 209
28 34 41 45 50 51 59 64 65 70 72 74 77 81 85 86 93 97 100 107 110 112 116 122 123 124 132 136 137 141 146 154 157 166 172 174 177 188 189 191 192 204 205 209
28 34 41 45 50 51 59 64 65 70 72 74 77 81 85 86 93 97 100 107 110 112 116 122 123 124 132 136 137 141 146 154 157 166 172 174 177 188 189 191 192 205 209
28 34 41 45 50 51 59 64 65 70 72 74 77 81 85 86 93 97 100 107 110 112 116 122 123 124 132 136 137 141 146 154 157 166 172 174 180 185 190 191 192 198 205 208
28 34 41 45 50 51 59 64 65 70 72 74 77 81 86 87 93 97 98 100 107 109 117 122 123 125 131 134 136 137 141 143 144 146 154 157 166 172 174 177 189 191 192 205 209
28 34 41 45 50 51 59 64 65 70 72 77 81 83 89 94 95 99 103 107 110 112 113 115 122 124 133 136 138 139 151 154 157 160 172 174 185 188 191 192 196 199 208 209
28 34 41 45 50 51 59 64 65 70 72 77 81 84 86 87 94 96 102 107 110 115 122 124 127 133 138 139 150 153 154 158 160 161 172 174 175 183 186 191 192 196 206 210
28 34 41 45 50 51 59 64 65 70 72 77 81 85 86 87 93 97 100 107 110 113 116 122 123 124 132 136 137 141 143 146 154 157 161 166 172 174 177 188 189 191 192 205 209
28 34 41 45 50 51 59 64 65 70 72 77 81 85 86 87 93 97 100 107 110 113 116 122 123 124 132 136 137 141 143 146 154 157 166 167 172 174 177 188 189 191 192 205 209
28 34 41 45 50 51 59 64 65 70 72 77 81 85 86 87 93 97 100 107 110 113 116 122 123 124 132 136 137 141 143 146 154 157 166 172 174 177 188 189 191 192 205 209
28 34 41 45 50 51 59 64 65 70 72 77 81 85 86 87 93 97 100 107 110 113 116 122 123 124 132 136 137 141 146 154 157 160 166 172 174 177 188 189 191 192 205 209
28 34 41 45 50 51 59 64 65 70 72 77 81 85 86 87 93 97 100 107 110 113 116 122 123 124 132 136 137 141 146 154 157 166 172 174 177 188 189 191 192 197 205 209
28 34 41 45 50 51 59 64 65 70 72 77 81 85 86 89 90 93 97 99 100 107 110 112 115 122 123 124 133 136 137 141 147 154 157 165 172 174 180 188 189 191 192 205 209
28 34 41 45 50 51 59 64 65 70 72 77 81 85 86 89 90 93 97 100 107 110 113 115 122 123 124 133 136 137 141 147 154 157 165 172 174 180 188 189 191 192 197 205 209
28 34 41 45 50 51 59 64 65 70 72 77 81 85 86 91 93 97 99 100 107 109 112 117 122 123 125 131 136 137 141 143 146 154 157 166 172 174 180 188 190 191 192 205 208
28 34 41 45 50 51 59 64 65 70 72 77 81 85 86 91 93 97 99 100 107 109 112 117 122 123 125 131 136 137 141 146 150 154 157 166 172 174 180 188 190 191 192 205 208
28 34 41 45 50 51 59 64 65 70 72 77 81 85 86 91 93 97 99 100 107 109 112 117 122 123 125 131 136 137 141 146 154 157 166 172 174 180 188 190 191 192 205 208
28 34 41 45 50 51 59 64 65 70 72 77 81 85 86 91 93 97 99 100 107 109 117 122 123 125 131 136 137 141 143 146 154 157 166 172 174 180 188 190 191 192 205 208
28 34 41 45 50 51 59 64 65 70 72 77 81 85 86 91 93 97 99 100 107 109 118 122 123 125 130 136 137 141 143 147 154 157 161 165 172 174 177 188 190 191 192 205 208
28 34 41 45 50 51 59 64 65 70 72 77 81 85 86 91 93 97 99 100 107 109 118 122 123 125 130 136 137 141 143 147 154 157 165 172 174 177 188 190 191 192 205 208
28 34 41 45 50 51 59 64 65 70 72 77 81 85 86 91 93 97 99 100 107 109 118 122 123 125 130 136 137 141 147 154 157 160 165 172 174 177 188 190 191 192 205 208
28 34 41 45 50 51 59 64 65 70 72 77 81 85 86 91 93 97 99 100 107 110 112 116 122 123 124 132 136 137 141 144 146 154 157 166 172 174 177 188 189 191 192 205 209
28 34 41 45 50 51 59 64 65 70 72 77 81 85 86 91 93 97 99 100 107 110 112 116 122 123 124 132 136 137 141 146 154 157 166 172 174 177 188 189 191 192 205 209
28 34 41 45 50 51 59 64 65 70 72 77 81 85 86 91 93 97 99 100 107 110 116 122 123 124 132 136 137 141 143 146 154 157 166 172 174 177 188 189 191 192 205 209
28 34 41 45 50 51 59 64 65 70 72 77 81 85 86 91 93 97 100 107 109 113 117 122 123 125 131 136 137 141 143 146 154 157 166 172 174 180 188 190 191 192 205 208
28 34 41 45 50 51 59 64 65 70 72 77 81 85 86 91 93 97 100 107 109 113 117 122 123 125 131 136 137 141 146 154 157 166 172 174 180 188 190 191 192 197 205 208
28 34 41 45 50 51 59 64 65 70 72 77 81 85 86 91 93 97 100 107 109 118 122 123 125 130 136 137 141 144 147 154 157 160 165 172 174 177 188 190 191 192 205 208
28 34 41 45 50 51 59 64 65 70 72 77 81 85 86 91 93 97 100 107 109 118 122 123 125 130 136 137 141 147 154 157 161 165 172 174 177 188 190 191 192 197 205 208
28 34 41 45 50 51 59 64 65 70 72 77 81 85 86 91 93 97 100 107 110 113 116 122 123 124 132 136 137 141 143 146 154 157 166 172 174 177 188 189 191 192 205 209
28 34 41 45 50 51 59 64 65 70 72 77 81 85 86 91 93 97 100 107 110 113 116 122 123 124 132 136 137 141 146 154 157 166 172 174 177 188 189 191 192 197 205 209
28 34 41 45 50 51 59 64 65 70 72 77 81 85 86 93 97 99 100 107 110 112 116 122 123 124 132 136 137 141 144 146 154 157 160 166 172 174 177 188 189 191 192 205 209
28 34 41 45 50 51 59 64 65 70 72 77 81 85 86 93 97 99 100 107 110 112 116 122 123 124 132 136 137 141 144 146 154 157 166 167 172 174 177 188 189 191 192 205 209
28 34 41 45 50 51 59 64 65 70 72 77 81 85 86 93 97 99 100 107 110 112 116 122 123 124 132 136 137 141 144 146 154 157 166 172 174 177 188 189 191 192 205 209
28 34 41 45 50 51 59 64 65 70 72 77 81 85 86 93 97 99 100 107 110 112 116 122 123 124 132 136 137 141 146 154 157 160 166 172 174 177 188 189 191 192 205 209
28 34 41 45 50 51 59 64 65 70 72 77 81 85 86 93 97 99 100 107 110 112 116 122 123 124 132 136 137 141 146 154 157 166 167 172 174 177 188 189 191 192 205 209
28 34 41 45 50 51 59 64 65 70 72 77 81 85 86 93 97 99 100 107 110 112 116 122 123 124 132 136 137 141 146 154 157 166 172 174 177 188 189 191 192 205 209
28 34 41 45 50 51 59 64 65 70 72 77 81 85 86 93 97 99 100 107 110 116 122 123 124 132 136 137 141 143 146 154 157 166 167 172 174 177 188 189 191 192 205 209
28 34 41 45 50 51 59 64 65 70 72 77 81 85 86 93 97 99 100 107 110 116 122 123 124 132 136 137 141 143 146 154 157 166 172 174 177 188 189 191 192 205 209
28 34 41 45 50 51 59 64 65 70 72 77 81 85 86 93 97 99 100 107 110 116 122 123 124 132 136 137 141 144 146 154 157 160 166 172 174 177 188 189 191 192 205 209
28 34 41 45 50 51 59 64 65 70 72 77 81 85 86 93 97 99 100 107 110 116 122 123 124 132 136 137 141 146 154 157 160 166 172 174 177 188 189 191 192 205 209
28 34 41 45 50 51 59 64 65 70 72 77 81 85 86 93 97 100 105 107 110 113 116 122 123 124 132 136 137 141 143 146 154 157 161 166 172 174 177 188 189 191 192 205 209
28 34 41 45 50 51 59 64 65 70 72 77 81 85 86 93 97 100 105 107 110 113 116 122 123 124 132 136 137 141 143 146 154 157 166 172 174 177 188 189 191 192 205 209
28 34 41 45 50 51 59 64 65 70 72 77 81 85 86 93 97 100 105 107 110 113 116 122 123 124 132 136 137 141 146 154 157 160 166 172 174 177 188 189 191 192 205 209
28 34 41 45 50 51 59 64 65 70 72 77 81 85 86 93 97 100 105 107 110 116 122 123 124 132 136 137 141 144 146 154 157 160 166 172 174 177 188 189 191 192 205 209
28 34 41 45 50 51 59 64 65 70 72 77 81 85 86 93 97 100 107 110 113 116 122 123 124 132 136 137 141 143 146 154 157 161 166 172 174 177 188 189 191 192 205 209
28 34 41 45 50 51 59 64 65 70 72 77 81 85 86 93 97 100 107 110 113 116 122 123 124 132 136 137 141 143 146 154 157 166 167 172 174 177 188 189 191 192 205 209
28 34 41 45 50 51 59 64 65 70 72 77 81 85 86 93 97 100 107 110 113 116 122 123 124 132 136 137 141 143 146 154 157 166 172 174 177 188 189 191 192 204 205 209
28 34 41 45 50 51 59 64 65 70 72 77 81 85 86 93 97 100 107 110 113 116 122 123 124 132 136 137 141 143 146 154 157 166 172 174 177 188 189 191 192 205 209
28 34 41 45 50 51 59 64 65 70 72 77 81 85 86 93 97 100 107 110 113 116 122 123 124 132 136 137 141 146 154 157 160 166 172 174 177 188 189 191 192 205 209
28 34 41 45 50 51 59 64 65 70 72 77 81 85 86 93 97 100 107 110 113 116 122 123 124 132 136 137 141 146 154 157 166 172 174 177 188 189 191 192 197 205 209
28 34 41 45 50 51 59 64 65 70 72 77 81 85 86 93 97 100 107 110 116 122 123 124 132 136 137 141 144 146 154 157 166 172 174 177 188 189 191 192 197 205 209
28 34 41 45 50 51 59 64 65 70 72 77 81 86 87 93 97 98 100 107 110 115 122 123 124 133 134 136 137 141 147 150 154 157 160 161 165 172 174 177 190 191 192 205 208
28 34 41 45 50 51 59 64 65 70 72 77 81 86 87 93 97 98 100 107 110 115 122 123 124 133 134 136 137 141 147 154 157 160 161 165 172 174 177 190 191 192 205 208
28 34 41 45 50 51 59 64 65 70 72 77 81 86 87 94 96 98 101 107 112 113 122 123 124 133 134 137 141 147 150 154 157 160 165 171 172 174 186 191 192 196 199 206 210
28 34 41 49 54 55 59 60 61 69 74 76 77 81 83 85 90 93 98 100 102 105 107 109 117 122 123 133 136 137 142 144 148 149 154 157 164 172 174 185 190 191 192 205 208
28 34 41 49 54 55 59 61 62 63 69 74 75 77 81 82 90 93 97 101 103 107 110 112 114 122 123 133 135 137 142 145 154 157 164 172 174 176 181 185 189 191 192 206 209
28 34 41 49 54 55 59 61 62 63 69 74 75 77 81 83 84 88 90 93 97 100 107 109 117 122 123 133 136 137 141 143 153 154 157 164 171 172 174 185 191 192 198 205 210
28 34 41 49 54 55 59 61 63 69 73 74 77 81 82 90 93 97 98 100 107 110 113 115 117 122 123 134 135 137 141 143 151 154 157 164 171 172 174 177 184 191 192 206 210
28 34 41 49 54 55 59 61 63 69 73 74 77 81 82 90 93 97 98 100 107 110 113 115 117 122 123 134 135 137 141 143 151 154 157 164 171 172 174 184 191 192 206 210
28 34 41 49 54 55 59 61 63 69 73 76 77 81 83 84 87 93 96 101 107 109 117 122 123 134 136 137 141 143 144 150 154 157 164 171 172 174 183 184 191 192 199 205 210
28 34 41 49 54 55 59 61 63 69 73 76 77 81 83 86 90 93 98 99 107 109 116 122 123 126 129 135 137 142 143 149 154 157 165 172 174 188 190 191 192 195 204 206 208
28 34 41 49 54 55 59 61 63 69 74 75 77 81 82 85 93 97 100 107 109 117 122 123 125 133 136 137 141 142 146 148 154 157 164 172 174 185 189 191 192 197 198 205 209
28 34 41 49 54 55 59 61 63 69 74 75 77 81 83 85 94 95 103 105 107 112 113 122 125 126 130 132 138 140 147 152 154 159 160 162 167 172 175 191 192 193 203 207 210
28 34 41 49 55 59 60 62 63 69 74 76 77 81 83 87 90 93 97 98 100 107 109 116 120 122 123 134 137 141 142 146 154 157 165 172 174 184 186 190 191 192 198 207 208
28 34 41 49 55 59 60 62 63 69 74 76 77 81 84 85 87 93 96 103 107 109 114 116 122 123 134 135 137 141 146 150 154 157 159 165 172 174 184 190 191 192 198 206 208
28 34 41 49 55 59 60 63 64 69 73 74 76 77 81 83 84 93 96 101 107 109 117 122 123 134 136 137 141 143 150 154 157 164 171 172 174 184 191 192 196 199 205 210
28 34 41 49 55 59 60 64 69 74 75 78 81 83 84 88 93 97 100 102 107 109 112 117 122 123 134 136 137 142 143 144 150 154 157 164 171 172 174 184 191 192 195 205 210
28 34 41 49 55 59 60 64 69 74 75 78 81 83 85 88 94 95 97 105 107 112 113 122 126 129 130 131 136 137 142 144 151 154 157 160 164 172 174 184 190 191 192 195 202 208
28 34 41 49 55 59 60 64 69 74 76 77 81 83 84 93 98 99 107 109 111 116 119 120 122 123 129 132 133 137 142 143 145 154 157 161 165 172 174 185 190 191 192 195 200 208
28 34 41 49 55 59 60 64 69 74 76 77 81 83 84 93 98 99 107 109 111 116 119 120 122 123 129 132 133 137 142 143 145 154 158 163 171 172 175 179 183 191 193 204 210
28 34 42 43 44 45 50 54 59 61 69 71 81 82 86 90 91 93 96 101 104 107 109 112 122 123 129 131 136 137 141 143 147 154 157 163 168 172 174 188 190 191 192 196 202 208
28 34 42 43 44 45 50 54 59 61 69 71 81 82 86 90 91 93 96 101 104 107 109 112 122 123 129 131 136 137 141 144 147 154 157 163 168 172 174 188 190 191 192 196 202 208
28 34 42 43 44 45 50 54 59 61 69 71 81 82 86 93 96 99 102 105 107 109 117 122 123 127 136 137 141 143 153 154 157 162 167 171 172 174 177 183 184 191 192 205 210
28 34 42 43 44 45 50 54 59 61 69 71 81 82 87 89 93 96 99 104 107 109 112 117 122 123 136 137 141 143 147 152 154 157 161 167 168 172 174 177 183 184 191 192 210
28 34 42 43 44 45 50 54 59 61 69 71 81 82 88 91 93 96 102 107 109 113 117 122 123 136 137 141 142 148 149 154 157 160 172 174 180 182 188 190 191 192 200 204 205
28 34 42 43 44 45 50 54 59 61 69 71 81 82 88 91 93 96 102 107 109 117 122 123 128 136 137 141 142 148 149 154 157 160 172 174 180 182 188 190 191 192 200 204 205
28 34 42 43 44 45 50 54 59 61 69 71 81 82 88 93 96 101 105 107 109 113 117 122 123 129 131 136 137 141 143 147 154 157 167 171 172 174 177 183 184 191 192 205 210
28 34 42 43 44 45 50 54 59 61 69 71 81 82 90 91 93 96 101 104 107 109 113 122 123 129 131 136 137 141 143 147 154 157 163 168 172 174 188 190 191 192 196 202 208
28 34 42 43 44 45 50 54 59 61 70 71 74 81 83 93 96 98 102 107 109 114 118 122 123 126 132 135 137 141 142 149 154 157 164 165 172 174 180 185 187 191 192 200 209
28 34 42 43 44 45 50 54 59 61 70 71 78 81 83 86 91 94 95 100 102 107 110 112 116 122 124 135 138 139 142 148 152 154 158 159 172 174 178 186 190 191 192 198 204 207
28 34 42 43 44 45 50 54 59 63 69 71 81 82 84 93 96 98 102 107 109 119 120 122 123 128 132 133 137 141 142 150 154 157 162 165 172 174 178 186 190 191 192 207 208
28 34 42 43 44 45 50 54 59 63 69 73 77 81 82 84 90 93 96 101 107 109 112 118 122 123 134 135 137 141 144 147 148 154 157 163 168 172 174 184 190 191 192 196 206 208
28 34 42 43 44 45 50 54 59 63 69 73 77 81 82 87 90 93 96 101 107 109 112 118 122 123 134 135 137 141 144 147 148 154 157 163 168 172 174 184 190 191 192 196 206 208
28 34 42 43 44 45 50 54 59 63 69 73 77 81 82 88 93 96 101 105 107 109 111 117 122 123 133 136 137 141 144 147 148 154 157 160 166 172 174 185 189 191 192 205 209
28 34 42 43 44 45 50 54 59 63 69 73 77 81 82 90 93 96 101 107 109 112 118 122 123 134 135 137 141 144 147 148 154 157 163 168 172 174 184 190 191 192 196 206 208
28 34 42 43 44 45 50 54 59 63 70 71 73 77 81 84 94 96 105 107 110 113 117 120 122 124 126 133 134 138 139 154 157 165 172 174 178 184 191 192 199 201 208 209
28 34 42 43 44 45 50 54 59 63 70 71 73 81 85 91 94 95 103 107 110 113 116 117 122 123 126 135 137 141 142 149 153 154 157 172 174 180 182 185 190 191 192 206
28 34 42 43 44 45 50 54 59 63 70 71 73 81 85 91 94 96 99 102 108 109 111 120 122 126 136 138 141 149 153 154 157 162 164 165 172 174 185 190 191 192 198 205
28 34 42 43 44 45 50 54 59 63 70 71 77 78 81 85 94 95 105 107 111 122 125 127 134 138 139 145 147 154 158 159 170 172 174 179 183 189 190 191 192 194 205 206
28 34 42 43 44 45 50 54 59 63 70 71 77 78 81 85 94 96 97 107 110 122 124 127 134 136 138 139 144 148 151 154 157 159 168 170 172 174 180 182 185 191 192 210
28 34 42 43 44 45 50 54 59 64 66 69 71 74 81 82 84 93 96 98 102 107 109 113 117 118 122 123 134 135 137 141 142 150 154 157 160 168 172 174 180 184 190 191 192 206 208
28 34 42 43 44 45 50 54 59 64 66 69 71 74 81 82 84 93 96 98 102 107 109 113 117 118 122 123 134 135 137 141 142 154 157 160 168 172 174 180 184 190 191 192 206 208
28 34 42 43 44 45 50 54 59 64 66 69 71 74 81 82 85 93 96 98 102 105 107 109 111 122 123 133 136 137 141 142 152 154 157 161 165 166 172 174 185 189 191 192 205 209
28 34 42 43 44 45 50 54 59 64 66 69 71 74 81 82 85 93 96 98 102 105 107 109 111 122 123 133 136 137 141 142 154 157 161 165 166 172 174 185 189 191 192 205 209
28 34 42 43 44 45 50 54 59 64 66 69 71 81 82 84 93 96 99 104 107 109 117 122 123 127 134 137 141 143 147 153 154 157 161 167 168 172 174 184 191 192 196 206 210
28 34 42 43 44 45 50 54 59 64 66 69 71 81 82 88 91 93 96 102 107 109 113 117 122 123 136 137 141 144 149 152 154 157 160 172 174 177 188 190 191 192 200 204 205
28 34 42 43 44 45 50 54 59 64 66 69 72 81 83 86 89 94 95 98 103 104 107 110 115 122 124 128 134 137 141 143 151 154 157 163 169 172 174 185 190 191 192 196 207 208
28 34 42 43 44 45 50 54 59 64 66 69 72 81 83 86 93 96 98 102 107 109 113 117 119 122 123 133 135 137 141 142 149 154 157 160 168 172 174 180 185 190 191 192 206 208
28 34 42 43 44 45 50 54 59 64 66 69 74 78 81 82 88 93 96 101 105 107 109 117 122 123 127 136 137 141 143 147 153 154 157 167 171 172 174 177 184 191 192 205 210
28 34 42 43 44 45 50 54 59 64 66 69 74 81 82 83 93 98 103 107 110 113 116 118 122 123 129 134 137 141 146 154 157 160 167 172 174 183 184 186 189 191 192 196 206 209
28 34 42 43 44 45 50 54 59 64 66 69 74 81 83 84 93 96 99 102 104 107 109 112 117 122 123 134 136 137 141 143 152 154 157 159 167 172 174 180 184 189 191 192 205 209
28 34 42 43 44 45 50 54 59 64 66 69 74 81 83 85 93 96 99 102 104 107 109 111 122 123 134 136 137 141 142 152 154 157 160 165 167 172 174 184 189 191 192 205 209
28 34 42 43 44 45 50 54 59 64 66 70 71 72 81 83 91 94 95 99 107 110 113 116 120 122 124 127 132 138 139 150 153 154 158 160 170 172 175 184 191 193 196 205 209
28 34 42 43 44 45 50 54 59 64 66 70 71 72 81 84 91 94 96 102 107 110 122 124 128 133 138 139 143 150 152 154 158 172 175 178 183 189 190 191 193 198 205 207
28 34 42 43 44 45 50 54 59 64 66 70 71 72 81 84 94 96 99 104 107 111 119 122 124 127 133 137 141 147 154 157 165 172 174 178 185 188 189 191 192 198 205 206 209
28 34 42 43 44 45 50 54 59 64 66 70 71 76 81 86 90 93 96 98 102 107 109 118 122 123 126 134 136 137 141 142 153 154 157 160 165 171 172 174 181 184 191 192 205 210
28 34 42 43 44 45 50 54 59 64 66 70 71 76 81 86 90 93 96 98 102 107 109 118 122 123 126 134 136 137 141 142 153 154 157 165 171 172 174 181 184 191 192 205 210
28 34 42 43 44 45 50 54 59 64 66 70 71 76 81 86 90 93 96 99 102 107 109 118 122 123 126 134 136 137 141 142 153 154 157 160 165 171 172 174 181 184 191 192 205 210
28 34 42 43 44 45 50 54 59 64 66 70 71 76 81 86 90 93 96 102 107 109 118 122 123 126 134 136 137 141 142 153 154 157 160 165 171 172 174 181 184 191 192 205 210
28 34 42 43 44 45 50 54 59 64 66 70 71 81 83 91 94 95 99 103 107 110 113 120 122 124 127 138 139 142 150 153 154 158 160 164 170 172 175 177 184 191 192 206 210
28 34 42 43 44 45 50 54 59 64 69 71 74 81 82 84 93 96 98 102 107 109 113 117 118 122 123 134 135 137 141 142 150 154 157 160 168 172 174 180 184 190 191 192 206 208
28 34 42 43 44 45 50 54 59 64 69 71 74 81 82 85 90 93 96 98 102 105 107 109 111 122 123 133 136 137 141 142 152 154 157 161 166 172 174 185 189 191 192 205 209
28 34 42 43 44 45 50 54 59 64 69 71 74 81 82 85 93 96 98 102 105 107 109 111 122 123 133 136 137 141 142 152 154 157 161 165 166 172 174 185 189 191 192 205 209
28 34 42 43 44 45 50 54 59 64 69 72 81 83 86 93 96 98 102 107 109 113 117 119 122 123 133 135 137 141 142 149 154 157 160 168 172 174 180 185 190 191 192 206 208
28 34 42 43 44 45 50 54 59 64 69 72 81 83 86 93 97 104 107 109 112 122 123 129 134 136 137 141 143 147 152 154 157 161 165 167 172 174 184 189 191 192 205 209
28 34 42 43 44 45 50 54 59 64 69 74 78 81 83 85 89 93 96 99 104 107 109 111 122 123 134 136 137 141 142 152 154 157 160 165 167 172 174 184 189 191 192 205 209
28 34 42 43 44 45 50 54 59 64 69 74 78 81 83 85 89 93 99 102 104 107 109 111 122 123 134 136 137 141 142 152 154 157 160 165 167 172 174 184 189 191 192 205 209
28 34 42 43 44 45 50 54 59 64 69 74 78 81 83 85 93 96 99 102 104 107 109 111 122 123 134 136 137 141 142 152 154 157 160 165 167 172 174 184 189 191 192 205 209
28 34 42 43 44 45 50 54 59 64 69 74 81 83 84 93 96 99 102 104 107 109 112 117 122 123 134 136 137 141 143 152 154 157 159 167 172 174 180 184 189 191 192 205 209
28 34 42 43 44 45 50 54 59 64 69 74 81 83 85 89 93 96 99 104 107 109 111 122 123 134 136 137 141 142 152 154 157 160 165 167 172 174 184 189 191 192 205 209
28 34 42 43 44 45 50 54 59 64 69 74 81 83 85 89 93 99 102 104 107 109 111 122 123 134 136 137 141 142 152 154 157 160 165 167 172 174 184 189 191 192 205 209
28 34 42 43 44 45 50 54 59 64 69 74 81 83 85 89 93 99 104 107 109 111 122 123 134 136 137 141 142 152 154 157 160 165 167 172 174 184 189 191 192 205 209
28 34 42 43 44 45 50 54 59 64 69 74 81 83 85 93 96 99 102 104 107 109 111 122 123 134 136 137 141 142 152 154 157 160 165 167 172 174 184 189 191 192 205 209
28 34 42 43 44 45 50 55 59 64 69 71 77 81 82 86 90 93 96 99 107 109 115 116 122 123 126 134 137 141 142 153 154 157 169 171 172 174 178 184 191 192 199 202 205 210
28 34 42 43 44 45 50 55 59 64 69 71 77 81 82 86 90 93 96 100 103 107 109 122 123 126 133 137 141 143 151 154 157 159 170 171 172 174 185 191 192 200 201 206 210
28 34 42 43 44 45 50 55 59 64 69 71 77 81 82 86 91 93 96 98 107 109 111 119 122 123 129 132 135 137 141 142 152 154 157 165 172 174 188 189 191 192 200 201 209
28 34 42 43 44 45 50 55 59 64 69 71 77 81 82 86 91 93 96 99 107 109 111 119 122 123 129 132 135 137 141 142 152 154 157 165 172 174 178 188 189 191 192 200 201 209
28 34 42 43 44 45 50 55 59 64 69 71 77 81 82 90 93 96 99 107 109 115 116 122 123 126 134 137 141 142 153 154 157 169 171 172 174 178 184 191 192 199 202 205 210
28 34 42 43 44 45 50 55 59 64 69 71 81 82 84 93 96 102 107 109 113 119 120 122 123 129 132 133 137 141 142 150 154 157 165 172 174 181 182 190 191 192 197 207 208
28 34 42 43 44 45 50 55 59 64 69 71 81 82 88 89 93 96 102 107 109 113 117 122 123 126 136 137 141 142 153 154 157 167 171 172 174 180 183 184 191 192 197 205 210
28 34 42 43 44 45 50 59 64 66 69 72 77 81 82 86 93 96 99 102 105 107 109 117 122 123 127 133 136 137 141 143 153 154 157 159 167 171 172 174 180 183 191 192 205 210
28 34 42 43 44 45 50 59 64 66 69 72 77 81 82 91 93 96 99 107 109 112 119 122 123 129 132 135 137 141 143 147 152 154 157 161 165 172 174 188 189 191 192 196 203 209
28 34 42 43 44 45 50 59 64 66 69 74 77 81 82 85 90 93 96 98 105 107 109 111 122 123 133 136 137 141 142 147 152 154 157 161 166 172 174 185 189 191 192 199 205 209
28 34 42 43 44 45 50 59 64 69 74 77 81 82 84 91 93 96 98 102 107 109 119 120 122 123 129 132 137 141 142 150 154 157 165 172 174 178 186 190 191 192 198 207 208
28 34 42 43 44 45 50 59 64 69 74 77 81 82 84 93 96 98 102 107 109 113 117 118 122 123 134 135 137 141 142 150 154 157 160 168 172 174 180 184 190 191 192 206 208
28 34 42 43 44 45 50 59 64 69 74 77 81 82 85 90 93 96 98 102 105 107 109 111 122 123 133 136 137 141 142 152 154 157 161 166 172 174 185 189 191 192 199 205 209
28 34 42 43 44 45 50 59 64 69 74 77 81 82 85 90 93 96 98 105 107 109 111 122 123 133 136 137 141 142 147 152 154 157 161 166 172 174 185 189 191 192 199 205 209
28 34 42 43 44 45 50 59 64 69 74 77 81 82 85 93 96 98 102 105 107 109 113 117 122 123 126 136 137 141 142 153 154 157 167 171 172 174 180 183 184 191 192 205 210
28 34 42 43 44 45 50 59 64 69 75 77 78 81 82 86 93 97 102 107 110 112 122 124 132 136 138 139 150 151 154 158 161 164 167 172 175 177 186 191 193 197 203 206 210
28 34 42 43 44 45 50 59 64 69 75 77 78 81 82 88 93 96 101 102 105 107 109 111 122 123 128 133 136 137 141 142 152 154 157 160 165 172 174 185 189 191 192 205 209
28 34 42 43 44 45 50 59 64 69 75 77 78 81 82 88 93 96 101 102 105 107 109 113 117 122 123 126 136 137 141 142 153 154 157 167 171 172 174 178 184 191 192 205 210
28 34 42 43 44 45 50 59 64 70 71 74 77 78 81 86 91 94 95 98 107 112 116 120 122 125 126 138 139 150 153 154 157 159 168 170 172 174 176 191 192 199 202 206 210
28 34 42 43 44 45 50 59 64 70 71 74 77 78 81 86 91 94 95 98 107 112 116 120 122 125 126 138 139 150 153 154 157 159 168 170 172 174 191 192 199 202 206 210
28 34 42 43 44 45 50 59 65 66 69 75 81 82 84 93 96 100 102 104 107 109 113 119 120 122 123 130 132 137 141 142 150 154 157 165 172 174 178 184 190 191 192 207 208
28 34 42 43 44 45 50 59 65 66 69 75 81 82 84 93 96 100 104 107 109 113 119 120 122 123 130 132 137 141 142 147 150 154 157 165 172 174 178 184 190 191 192 207 208
28 35 36 41 42 49 51 58 61 64 69 70 71 78 80 84 86 89 93 96 100 101 107 109 112 118 122 123 135 137 142 143 146 152 154 158 161 166 167 172 175 180 182 186 191 193 207 208
28 35 36 41 42 49 51 58 61 64 69 70 71 78 80 84 86 89 93 96 100 101 107 109 112 122 123 135 137 142 143 146 152 154 158 161 166 167 172 175 180 182 186 191 193 207 208
28 35 36 41 42 49 51 58 61 64 69 70 71 78 80 84 86 89 93 96 101 107 109 112 118 122 123 134 137 142 143 146 152 154 157 164 172 174 188 189 191 192 199 202 205 209
28 35 36 41 42 49 51 58 61 64 69 70 71 78 80 84 86 89 93 96 101 107 109 112 118 122 123 134 137 142 143 146 152 154 157 164 172 174 188 190 191 192 199 202 205
28 35 36 41 42 49 51 58 61 64 69 70 71 78 80 84 86 89 93 96 101 107 109 112 118 122 123 134 137 142 143 146 152 154 158 161 166 167 172 175 180 182 186 191 193 207 210
28 35 36 41 42 49 51 58 61 64 69 70 71 78 80 84 86 89 93 96 101 107 109 112 118 122 123 135 137 142 143 146 152 154 158 161 166 167 172 174 188 189 191 192 199 202
28 35 36 41 42 49 51 58 61 64 69 70 71 78 80 84 86 89 93 96 101 107 109 112 118 122 123 135 137 142 143 146 152 154 158 161 166 167 172 175 180 182 186 191 193 207 208
28 35 36 41 42 49 51 58 61 64 69 70 71 78 80 84 86 89 93 96 101 107 109 112 118 122 123 135 137 142 143 146 152 154 158 161 166 167 172 175 180 182 191 193 207 208
28 35 36 41 42 49 51 58 61 64 69 70 71 78 80 84 86 89 93 96 101 107 109 112 118 122 123 135 137 142 143 146 152 154 158 161 166 167 172 175 182 186 191 193 207 208
28 35 36 41 42 49 51 58 61 64 69 70 71 78 80 84 86 89 93 96 101 107 109 112 118 122 123 135 137 142 143 146 152 154 158 161 166 167 172 175 182 191 193 207 208
28 35 36 41 42 49 51 59 60 64 66 69 72 74 77 81 83 85 88 93 96 103 107 109 112 119 122 123 133 135 137 141 144 149 154 157 169 171 172 174 180 183 191 192 196 200 210
28 35 36 41 42 49 51 59 60 64 66 69 72 74 77 81 83 85 88 93 96 107 109 112 119 122 123 133 135 137 141 144 149 154 157 169 171 172 174 180 183 191 192 196 200 210
28 35 36 41 42 49 51 59 60 64 66 69 72 76 81 83 86 93 97 100 107 110 112 115 122 123 124 134 135 137 142 144 147 150 154 157 160 170 172 174 180 183 184 191 192 206 210
28 35 36 41 42 49 51 59 60 64 66 69 72 76 81 83 86 93 97 100 107 110 112 115 122 123 124 134 135 137 142 144 147 150 154 157 163 170 172 174 180 183 184 191 192 206 210
28 35 36 41 42 49 51 59 60 64 66 69 72 77 81 83 86 88 93 97 100 101 107 110 117 122 124 128 134 138 139 143 149 152 154 157 160 163 171 172 174 180 183 191 192 207 210
28 35 36 41 42 49 51 59 60 64 66 69 72 77 81 83 86 88 93 97 100 101 107 110 117 122 124 128 134 138 139 143 149 152 154 157 160 171 172 174 180 183 191 192 207 210
28 35 36 41 42 49 51 59 60 64 66 69 72 81 83 86 88 93 97 101 107 109 112 120 122 123 129 132 133 137 141 148 154 157 161 167 172 174 178 187 189 191 192 207 209
28 35 36 41 42 49 51 59 60 64 69 72 75 77 81 83 91 93 97 99 107 110 115 122 123 124 132 135 137 141 144 150 151 154 157 164 171 172 174 178 181 188 191 192 199 203 206
28 35 36 41 42 49 51 59 60 64 69 72 77 81 83 86 88 93 97 100 101 107 110 117 122 124 128 131 134 138 139 143 152 154 157 160 163 171 172 174 180 183 184 191 192 207 210
28 35 36 41 42 49 51 59 60 64 69 72 77 81 83 86 88 94 95 98 107 111 112 115 120 122 124 132 138 139 150 153 154 157 161 164 167 172 174 180 183 184 191 192 206 209
28 35 36 41 42 49 51 59 60 64 69 72 77 81 83 86 91 93 97 101 107 109 112 116 122 123 129 132 135 137 141 143 146 152 154 157 165 172 174 188 189 191 192 198 204 209
28 35 36 41 42 49 51 59 60 64 69 72 81 83 86 88 93 97 101 107 109 112 120 122 123 129 132 133 137 141 148 154 157 161 164 167 172 174 178 187 189 191 192 207 209
28 35 36 41 42 49 51 59 60 66 69 72 76 81 83 87 90 93 97 100 105 107 110 113 122 123 124 133 136 137 142 144 147 152 154 158 160 163 172 174 185 189 191 192 205 209
28 35 36 41 42 49 51 59 60 66 69 72 76 81 83 87 90 93 97 100 105 107 110 113 122 123 133 136 137 142 144 147 152 154 158 160 163 172 174 185 189 191 192 194 205 209
28 35 36 41 42 49 51 59 60 69 72 77 81 83 87 88 94 95 99 103 107 111 113 115 120 122 124 129 131 134 138 139 143 149 154 158 160 165 171 172 174 186 191 192 207 210
28 35 36 41 42 49 51 59 60 69 72 77 81 83 87 88 94 95 99 103 107 111 113 115 120 122 124 129 131 134 138 139 143 149 154 158 160 165 171 172 174 191 192 207 210
28 35 36 41 42 49 51 59 60 69 72 77 81 83 87 88 94 95 99 103 107 111 113 115 120 122 124 129 131 134 138 139 143 149 154 158 165 166 172 175 178 181 189 191 192 207 209
28 35 36 41 42 49 51 59 60 69 72 77 81 83 87 88 94 95 99 103 107 111 113 115 120 122 125 127 132 138 139 150 154 157 162 164 167 172 174 178 184 188 191 192 206 209
28 35 36 41 42 49 51 59 60 69 72 77 81 83 87 88 94 95 99 103 107 111 113 115 120 122 125 127 132 138 139 154 157 162 164 167 172 174 178 184 188 191 192 208 209
28 35 36 41 42 49 51 59 60 69 72 78 80 84 89 93 96 100 101 107 109 113 117 122 123 127 134 137 142 144 146 152 154 158 160 165 170 172 175 180 182 186 191 193 203 210
28 35 36 42 45 50 51 53 59 61 62 69 71 81 82 88 91 93 96 100 101 107 109 113 116 119 122 123 127 137 141 143 148 149 154 157 162 172 174 177 182 188 190 191 192 206 208
28 35 36 42 45 50 51 53 59 61 62 69 71 81 82 88 91 93 96 100 101 107 109 113 116 119 122 123 135 137 141 143 148 149 154 157 162 172 174 177 182 188 190 191 192 206 208
28 35 36 42 45 50 51 53 59 61 62 69 71 81 82 90 93 96 100 104 107 109 120 122 123 128 131 134 137 141 143 148 154 157 161 169 172 174 177 181 184 190 191 192 207 208
28 35 36 42 45 50 51 53 59 61 62 70 71 78 81 83 89 94 95 107 110 114 115 118 122 124 128 131 135 138 139 143 148 150 154 157 167 172 174 177 181 186 191 192 206 209
28 35 36 42 45 50 51 53 59 61 62 70 71 81 83 91 94 95 99 102 107 110 115 122 123 126 132 134 137 141 143 148 152 154 157 162 163 166 172 174 186 189 191 192 207 209
28 35 36 42 45 50 51 55 59 60 69 71 81 82 89 93 96 99 104 107 109 117 122 123 127 134 137 141 143 148 153 154 157 161 167 168 172 174 177 184 191 192 199 206 210
28 35 36 42 45 50 51 55 59 60 69 71 81 82 89 93 96 100 104 107 109 115 117 122 123 128 134 137 141 143 148 154 157 162 167 168 172 174 181 184 187 191 192 196 207 208
28 35 36 42 45 50 51 55 59 60 69 71 81 82 89 93 96 100 104 107 109 115 117 122 123 128 134 137 141 144 148 153 154 157 162 167 168 172 174 177 184 191 192 197 206 210
28 35 36 42 45 50 51 55 59 60 69 71 81 82 89 93 96 104 107 109 113 117 122 123 127 134 137 141 143 148 153 154 157 162 167 172 174 179 184 187 191 192 196 205 209
28 35 36 42 45 50 51 55 59 61 63 69 71 75 81 82 85 93 96 99 103 107 109 114 118 122 123 130 134 135 137 141 143 147 150 154 157 165 172 174 184 190 191 192 206 208
28 35 36 42 45 50 51 55 59 61 63 69 71 75 81 82 90 93 96 99 103 107 109 112 122 123 126 133 136 137 141 143 147 152 154 157 162 166 172 174 185 189 191 192 205 209
28 35 36 42 45 50 51 55 59 61 63 69 71 75 81 82 90 93 96 99 103 107 109 112 122 123 133 136 137 141 143 147 152 154 157 162 166 172 174 185 189 191 192 205 209
28 35 36 42 45 50 51 55 59 61 63 69 71 75 81 82 90 93 96 99 103 107 109 114 118 122 123 127 134 137 141 143 147 153 154 157 169 171 172 174 177 184 191 192 205 210
28 35 36 42 45 50 51 55 59 61 63 69 71 75 81 82 91 93 96 99 103 107 109 112 119 122 123 130 135 137 141 143 147 152 154 157 165 172 174 188 189 191 192 199 203 209
28 35 36 42 45 50 51 55 59 61 63 69 71 75 81 82 91 93 96 99 103 107 109 112 119 122 123 135 137 141 143 147 152 154 157 165 172 174 188 189 191 192 199 203 209
28 35 36 42 45 50 51 55 59 61 63 69 72 73 81 82 83 91 93 96 102 107 109 114 115 119 122 123 128 132 135 137 141 144 150 154 157 165 172 174 181 188 191 192 197 203 209
28 35 36 42 45 50 51 55 59 61 63 69 72 73 81 82 83 91 93 96 102 107 109 114 115 119 122 123 128 132 135 137 141 144 150 154 157 165 172 174 188 191 192 197 203 209
28 35 36 42 45 50 51 55 59 61 63 70 71 73 77 81 83 94 95 100 101 105 107 110 113 117 119 122 124 133 138 139 142 153 154 157 165 172 174 178 184 191 192 200 206 210
28 35 36 42 45 50 51 55 59 61 63 70 71 73 77 81 83 94 95 100 101 105 107 110 114 122 124 132 136 138 139 143 149 154 158 161 165 167 172 175 184 191 192 200 208 209
28 35 36 42 45 50 51 55 59 61 63 70 71 73 77 81 83 94 95 100 101 105 107 110 114 122 124 133 138 139 142 148 152 154 158 161 165 167 172 174 178 191 192 200 207 210
28 35 36 42 45 50 51 55 59 61 63 70 71 73 77 81 83 94 95 103 105 107 110 122 124 129 130 136 138 139 143 149 154 158 162 167 172 175 184 191 192 196 202 208 209
28 35 36 42 45 50 51 55 59 61 63 70 71 73 77 81 83 94 95 104 107 110 119 122 124 129 130 136 138 139 144 151 154 158 161 171 172 174 177 183 185 191 192 197 203 210
28 35 36 42 45 50 51 55 59 61 63 70 71 73 77 81 83 94 95 105 107 110 113 117 119 122 124 129 130 135 138 139 143 149 154 157 166 172 174 177 183 189 191 192 206 209
28 35 36 42 45 50 51 55 59 61 63 70 71 73 77 81 83 94 95 105 107 110 113 117 119 122 124 129 130 135 138 139 143 149 154 157 172 174 177 183 189 191 192 206 209
28 35 36 42 45 50 51 55 59 61 63 70 71 73 77 81 83 94 95 105 107 110 114 122 123 126 132 136 137 141 144 148 150 154 157 162 163 168 172 174 178 184 188 191 192 209
28 35 36 42 45 50 51 55 59 61 63 70 71 73 77 81 83 94 95 105 107 110 114 122 123 126 132 136 137 141 144 148 150 154 157 162 168 169 172 174 178 184 188 191 192 200 208
28 35 36 42 45 50 51 55 59 61 63 70 71 73 77 81 83 94 95 105 107 110 114 122 124 130 135 138 139 142 148 152 154 158 161 165 167 172 174 178 184 189 191 192 207 209
28 35 36 42 45 50 51 55 59 61 63 70 71 73 77 81 83 94 95 105 107 110 122 123 126 132 136 137 141 144 148 150 154 157 162 163 168 169 172 174 178 184 188 191 192 208
28 35 36 42 45 50 51 55 59 61 63 70 71 73 77 81 83 94 95 105 107 110 122 123 126 132 137 141 144 148 150 154 157 162 163 168 172 174 178 184 188 191 192 206 209
28 35 36 42 45 50 51 55 59 61 63 70 71 73 77 81 83 94 95 105 107 110 122 124 129 130 135 138 139 142 148 152 154 158 161 165 167 172 174 178 184 189 191 192 207 209
28 35 36 42 45 50 51 55 59 61 63 70 71 75 81 84 85 94 95 103 107 110 116 122 124 127 134 136 138 139 145 146 151 154 157 163 170 172 174 176 184 185 191 192 198 202 210
28 35 36 42 45 50 51 55 59 61 63 70 71 75 81 84 85 94 95 103 107 110 116 122 124 127 134 136 138 139 145 146 151 154 157 170 172 174 176 184 185 191 192 198 202 210
28 35 36 42 45 50 51 55 59 61 63 70 71 77 81 84 85 94 95 103 107 110 113 117 122 124 127 133 134 138 139 145 146 151 154 157 162 172 174 176 185 187 190 191 192 207
28 35 36 42 45 50 51 55 59 61 63 70 71 77 81 84 85 94 95 103 107 110 113 117 122 124 127 133 134 138 139 145 146 151 154 157 162 172 174 176 185 187 190 191 192 208
28 35 36 42 45 50 51 55 59 61 63 70 71 77 81 84 85 94 95 103 107 110 113 117 122 124 127 133 134 138 139 145 146 151 154 157 163 172 174 176 185 187 190 191 192 207
28 35 36 42 45 50 51 55 59 61 63 70 71 77 81 84 85 94 95 103 107 110 113 117 122 124 127 133 134 138 139 145 146 151 154 157 163 172 174 176 185 187 190 191 192 208
28 35 36 42 45 50 51 55 59 61 63 70 71 77 81 84 85 94 95 103 107 110 113 117 122 124 127 133 134 138 139 145 146 151 154 157 172 174 176 185 187 190 191 192 208
28 35 36 42 45 50 51 55 59 61 63 70 71 77 81 84 85 94 95 103 107 110 113 117 122 124 127 133 134 138 139 145 146 151 154 157 172 174 176 185 187 191 192 208 209
28 35 36 42 45 50 51 55 59 61 63 70 71 78 81 84 85 94 95 105 107 110 112 118 119 122 124 129 130 135 138 139 144 148 154 157 160 172 174 176 182 189 190 191 192 206
28 35 36 42 45 50 51 55 59 61 63 70 71 78 81 84 85 94 95 105 107 110 112 118 119 122 124 129 130 135 138 139 144 148 154 157 160 172 174 176 182 189 190 191 192 207
28 35 36 42 45 50 51 55 59 61 63 70 71 78 81 84 85 94 96 102 107 110 113 122 123 124 134 136 137 141 143 149 150 154 157 162 163 170 172 174 179 183 186 191 192 208
28 35 36 42 45 50 51 55 59 61 63 70 71 78 81 84 85 94 96 102 107 110 113 122 123 124 134 136 137 141 143 149 150 154 157 162 163 170 172 174 179 183 186 191 192 210
28 35 36 42 45 50 51 55 59 61 63 70 71 78 81 84 85 94 96 102 107 110 114 122 123 124 134 137 141 143 149 150 154 157 162 163 170 172 174 179 183 186 191 192 206 210
28 35 36 42 45 50 51 55 59 61 63 70 71 78 81 84 85 94 96 102 107 110 122 123 124 134 137 141 143 149 150 154 157 162 163 170 172 174 179 183 186 191 192 206 210
28 35 36 42 45 50 51 55 59 61 63 70 71 81 83 91 94 95 98 107 110 113 117 122 123 130 135 137 141 143 147 151 154 157 162 163 166 172 174 177 183 185 191 192 206 209
28 35 36 42 45 50 51 59 60 69 71 75 76 78 81 82 86 93 96 99 102 105 107 109 117 122 123 127 137 141 143 153 154 157 159 163 167 171 172 174 184 191 192 206 210
28 35 36 42 45 50 51 59 61 63 66 69 71 75 77 81 82 85 93 96 99 107 109 114 118 122 123 126 130 134 135 137 141 143 150 154 157 165 172 174 184 190 191 192 206 208
28 35 36 42 45 50 51 59 61 63 66 69 71 76 81 82 93 96 100 102 107 109 112 119 122 123 128 132 133 137 141 143 149 154 157 165 171 172 174 180 185 186 191 192 196 200 206
28 35 36 42 45 50 51 59 61 63 66 70 71 75 76 81 83 91 94 95 98 107 110 113 122 124 133 138 139 142 146 151 152 154 158 160 164 168 172 174 179 183 185 191 192 207 210
28 35 36 42 45 50 51 59 61 63 66 70 71 75 76 81 83 91 94 95 98 107 110 113 122 124 133 138 139 142 146 151 152 154 158 160 164 168 172 174 183 185 191 192 207 210
28 35 36 42 45 50 51 59 61 63 66 70 71 75 76 81 83 91 94 95 98 107 110 113 122 124 133 138 139 142 146 151 152 154 158 160 164 168 172 174 185 191 192 207 210
28 35 36 42 45 50 51 59 61 63 66 70 71 75 76 81 83 91 94 95 98 107 110 116 120 122 123 128 132 134 137 141 144 154 157 166 172 174 177 181 186 189 191 192 207 209
28 35 36 42 45 50 51 59 61 63 66 70 71 75 76 81 83 91 94 95 103 107 110 112 116 122 124 133 138 139 146 151 152 154 157 160 169 172 174 177 185 190 191 192 198 202
28 35 36 42 45 50 51 59 61 63 66 70 71 75 76 81 83 91 94 95 107 110 112 116 122 124 133 138 139 142 146 151 154 157 160 168 169 172 174 179 183 185 191 192 207 210
28 35 36 42 45 50 51 59 61 63 66 70 71 75 76 81 83 91 94 95 107 110 112 116 122 124 138 139 142 146 151 154 157 160 168 169 172 174 179 183 185 191 192 207 210
28 35 36 42 45 50 51 59 61 63 66 70 71 75 76 81 83 93 96 104 107 109 112 122 123 126 130 134 136 137 141 143 147 152 154 157 166 172 174 179 183 191 192 205 210
28 35 36 42 45 50 51 59 61 63 66 70 71 76 81 83 87 89 94 95 105 107 110 113 118 122 124 132 138 139 143 153 154 157 160 168 172 174 181 184 189 191 192 196 206 209
28 35 36 42 45 50 51 59 61 63 66 70 71 76 81 83 91 94 95 98 107 110 113 122 124 133 138 139 142 146 151 152 154 158 160 164 168 172 174 179 183 185 191 192 207 210
28 35 36 42 45 50 51 59 61 63 66 70 71 81 83 91 94 95 98 107 110 112 116 120 122 124 129 130 133 138 139 144 148 150 154 157 165 172 174 177 181 186 191 192 206 209
28 35 36 42 45 50 51 59 61 63 66 70 71 81 83 91 94 95 98 107 110 112 116 120 122 124 129 130 133 138 139 144 148 150 154 157 172 174 177 181 186 191 192 206 209
28 35 36 42 45 50 51 59 61 63 66 70 71 81 83 91 94 95 98 107 110 112 116 120 122 124 129 130 133 138 139 144 148 150 154 157 172 174 177 181 186 191 192 208 209
28 35 36 42 45 50 51 59 61 63 66 70 71 81 83 91 94 95 98 107 110 113 122 123 126 130 135 136 137 141 143 147 151 154 157 162 163 166 172 174 179 183 185 191 192 210
28 35 36 42 45 50 51 59 61 63 66 70 71 81 83 91 94 95 98 107 110 113 122 123 126 130 135 137 141 143 147 151 154 157 162 163 166 172 174 179 183 185 191 192 206 209
28 35 36 42 45 50 51 59 61 63 66 70 71 81 83 91 94 95 98 107 110 114 122 123 126 130 135 137 141 143 147 151 154 157 162 163 166 172 174 179 183 185 191 192 206 210
28 35 36 42 45 50 51 59 61 63 69 71 75 77 81 82 91 93 96 99 103 107 109 112 119 122 123 135 137 141 143 152 154 157 165 172 174 177 181 188 189 191 192 199 203 209
28 35 36 42 45 50 51 59 61 63 69 72 73 77 81 82 83 90 93 96 102 107 109 112 118 122 123 129 130 134 137 141 143 150 154 157 163 169 172 174 184 191 192 198 202 205 210
28 35 36 42 45 50 51 59 61 63 69 72 73 77 81 82 83 90 93 96 102 107 109 112 118 122 123 129 130 134 137 141 143 150 154 157 169 172 174 184 191 192 198 202 205 210
28 35 36 42 45 50 51 59 61 63 69 72 73 77 81 83 86 90 94 95 100 101 107 110 115 119 122 124 127 133 136 138 139 151 154 158 162 164 172 175 188 190 191 192 196 202 208
28 35 36 42 45 50 51 59 61 63 69 72 73 77 81 83 87 88 94 95 104 107 110 116 122 124 129 135 136 138 139 144 148 154 157 158 165 167 172 174 189 191 192 197 203 209
28 35 36 42 45 50 51 59 61 63 69 72 73 77 81 83 87 88 94 95 104 107 110 116 122 124 130 135 136 138 139 144 148 154 157 158 165 167 172 174 189 191 192 197 203 209
28 35 36 42 45 50 51 59 61 63 69 72 73 77 81 83 87 88 94 95 104 107 110 116 122 124 135 136 138 139 144 148 154 157 158 165 167 172 174 189 191 192 197 203 209
28 35 36 42 45 50 51 59 61 63 70 71 73 81 84 85 89 94 95 105 107 110 116 122 124 129 130 135 136 138 139 144 148 154 157 165 172 174 176 181 184 189 191 192 197 204 209
28 35 36 42 45 50 51 59 61 63 70 71 73 81 84 85 89 94 95 105 107 110 116 122 124 129 130 135 136 138 139 144 148 154 157 165 172 174 176 184 189 191 192 197 204 209
28 35 36 42 45 50 51 59 61 63 70 71 75 76 81 83 93 96 99 103 107 109 118 122 123 127 136 137 141 143 147 153 154 157 165 171 172 174 177 181 185 191 192 205 210
28 35 36 42 45 50 51 59 61 63 70 71 77 81 84 85 89 94 96 99 103 107 110 115 120 122 124 127 134 136 138 139 149 154 157 162 163 166 172 174 185 190 191 192 196 202 208
28 35 36 42 45 50 51 59 61 63 70 71 77 81 84 85 89 94 96 99 103 107 110 115 120 122 124 127 134 136 138 139 149 154 157 162 163 166 172 174 186 190 191 192 196 202 208
28 35 36 42 45 50 51 59 61 65 69 72 74 77 81 82 83 93 96 102 107 109 113 118 122 123 127 134 137 141 145 146 150 154 157 160 165 168 172 174 184 190 191 192 206 208
28 35 36 42 45 50 51 59 61 65 69 72 74 77 81 82 83 93 96 102 107 109 113 118 122 123 127 134 137 141 145 146 150 154 157 165 168 172 174 184 190 191 192 206 208
28 35 36 42 45 50 51 59 61 65 69 72 74 77 81 82 85 90 93 96 101 107 109 113 118 120 122 123 134 137 141 143 150 151 154 157 169 172 174 180 181 190 191 192 201 207
28 35 36 42 45 50 51 59 61 65 69 72 74 77 81 83 87 88 94 95 98 103 107 110 119 122 124 136 138 139 151 154 158 160 164 168 172 175 179 184 188 191 192 200 209
28 35 36 42 45 50 51 59 61 65 69 72 74 77 81 83 87 88 94 95 98 103 107 110 119 122 124 136 138 139 151 154 158 160 164 168 172 175 179 184 188 191 192 209
28 35 36 42 45 50 51 59 61 65 69 72 74 77 81 83 87 88 94 95 105 107 110 119 122 124 132 138 139 143 153 154 158 160 164 171 172 175 186 191 192 198 203 206 210
28 35 36 42 45 50 51 59 61 65 69 72 74 77 81 83 87 88 94 95 105 107 110 119 122 124 132 138 139 143 153 154 158 160 164 171 172 175 191 192 198 203 206 210
28 35 36 42 45 50 51 59 61 65 69 72 74 77 81 83 94 95 98 103 105 107 110 114 115 119 122 124 136 138 139 149 154 158 160 164 172 175 179 184 188 191 192 202 208 209
28 35 36 42 45 50 51 59 61 65 69 72 74 77 81 83 94 95 98 103 107 110 112 116 120 122 124 128 133 138 139 145 146 150 154 157 158 167 170 172 174 184 191 192 206 210
28 35 36 42 45 50 51 59 61 65 69 72 74 77 81 83 94 95 98 103 107 110 112 116 120 122 124 128 133 138 139 145 146 150 154 157 158 167 170 172 174 191 192 206 210
28 35 36 42 45 50 51 59 61 65 69 72 74 77 81 83 94 95 98 103 107 110 116 122 124 138 139 145 146 150 153 154 158 163 172 175 179 184 188 190 191 192 197 205 206
28 35 36 42 45 50 51 59 61 65 69 72 74 77 81 83 94 95 98 103 107 110 119 122 124 128 133 136 137 141 147 154 157 170 172 174 180 181 185 190 191 192 197 205 208
28 35 36 42 45 50 51 59 61 65 69 72 74 77 81 83 94 95 98 103 107 110 122 124 128 133 136 137 141 147 154 157 170 172 174 180 181 185 190 191 192 197 205 208
28 35 36 42 45 50 51 59 61 65 69 72 74 81 82 83 90 93 97 98 102 107 109 120 122 123 133 137 141 147 154 157 161 166 169 171 172 174 178 185 186 191 192 199 200 207
28 35 36 42 45 50 51 59 61 65 69 72 74 81 82 83 90 93 97 98 102 107 109 120 122 123 133 137 141 147 154 157 161 166 169 172 174 178 185 186 191 192 199 200 207 208
28 35 36 42 45 50 51 59 61 65 69 72 74 81 82 83 90 93 97 98 102 107 110 114 115 122 124 135 138 139 149 152 154 158 164 172 175 179 184 188 190 191 193 197 204 205
28 35 36 42 45 50 51 59 61 65 69 72 74 81 82 83 90 93 97 98 102 107 110 114 115 122 124 135 138 139 149 152 154 158 169 172 175 179 184 188 190 191 193 197 204 205
28 35 36 42 45 50 51 59 61 65 69 72 74 81 82 83 91 93 97 98 102 107 109 117 122 123 135 137 141 147 154 157 160 167 168 172 174 180 181 188 189 191 192 198 203 206
28 35 36 42 45 50 51 59 61 65 69 72 74 81 82 83 91 93 97 98 102 107 109 117 122 123 135 137 141 147 154 157 160 167 168 172 174 180 181 188 191 192 198 203 206 208
28 35 36 42 45 50 51 59 61 65 69 72 74 81 82 83 91 93 97 98 102 107 110 114 115 119 122 123 135 137 141 144 147 154 157 160 167 168 172 174 181 188 189 191 192 206
28 35 36 42 45 50 51 59 61 65 69 72 74 81 82 83 91 93 97 98 102 107 110 114 115 119 122 123 135 137 141 147 154 157 160 167 168 172 174 181 188 189 191 192 206
28 35 36 42 45 50 51 59 61 65 69 72 74 81 82 83 91 93 97 98 102 107 110 115 122 123 135 137 141 147 154 157 160 167 168 172 174 180 181 188 189 191 192 198 203 206
28 35 36 42 45 50 51 59 61 65 69 72 74 81 82 83 91 93 97 98 102 107 110 119 122 124 128 132 137 141 144 147 153 154 157 160 167 168 172 174 189 191 192 199 200 206
28 35 36 42 45 50 51 59 61 65 69 72 74 81 82 83 93 97 98 102 107 110 119 122 124 128 132 137 141 144 147 153 154 157 160 167 168 172 174 184 191 192 199 200 206 210
28 35 36 42 45 50 51 59 61 65 69 72 74 81 82 90 93 97 98 102 107 109 120 122 123 125 133 137 141 147 154 157 161 166 169 171 172 174 178 185 186 191 192 199 200 207
28 35 36 42 45 50 51 59 61 65 69 72 74 81 82 90 93 97 98 107 109 110 120 122 123 133 137 141 147 154 157 161 166 169 172 174 178 185 186 189 191 192 199 200 207
28 35 36 42 45 50 51 59 61 65 69 72 74 81 82 90 93 97 98 107 109 110 120 122 123 133 137 141 147 154 157 161 166 169 172 174 178 185 186 191 192 199 200 207 208
28 35 36 42 45 50 51 59 61 65 69 72 74 81 82 91 93 97 98 102 107 109 110 117 122 123 135 137 141 147 154 157 160 167 168 172 174 180 181 188 189 191 192 198 203 206
28 35 36 42 45 50 51 59 61 65 69 72 74 81 82 91 93 97 98 102 107 110 115 122 123 135 137 141 147 154 157 160 167 168 172 174 180 181 188 189 191 192 198 203 206
28 35 36 42 45 50 51 59 61 65 69 72 74 81 82 91 93 97 98 107 109 110 117 122 123 135 137 141 147 154 157 160 167 168 171 172 174 180 181 188 191 192 198 203 206
28 35 36 42 45 50 51 59 61 65 69 72 74 81 82 91 93 97 98 107 109 110 117 122 123 135 137 141 147 154 157 160 167 168 172 174 180 181 188 189 191 192 198 203 206
28 35 36 42 45 50 51 59 61 65 69 72 74 81 82 91 93 97 98 107 109 117 122 123 125 135 137 141 147 154 157 160 167 168 171 172 174 180 181 188 191 192 198 203 206
28 35 36 42 45 50 51 59 61 65 69 72 74 81 82 91 93 97 98 107 109 117 122 123 125 135 137 141 147 154 157 160 167 168 172 174 180 181 188 191 192 198 203 206 208
28 35 36 42 45 50 51 59 61 65 69 72 74 81 83 87 88 94 95 104 107 111 112 116 122 124 125 132 138 139 150 152 154 158 167 172 175 178 186 187 190 191 192 198 203 207
28 35 36 42 45 50 51 59 61 65 69 72 74 81 83 87 88 94 95 104 107 111 112 116 122 124 132 138 139 150 152 154 158 164 172 175 178 186 187 191 192 198 203 207 209
28 35 36 42 45 50 51 59 61 65 69 72 74 81 83 87 88 94 95 104 107 111 112 116 122 124 132 138 139 150 152 154 158 167 172 175 178 186 187 190 191 192 198 203 207
28 35 36 42 45 50 51 59 61 65 69 72 74 81 83 87 88 94 95 104 107 111 112 116 122 124 132 138 139 150 152 154 158 167 172 175 178 186 187 191 192 198 203 207 209
28 35 36 42 45 50 51 59 61 65 69 72 74 81 83 87 88 94 95 104 107 111 112 122 124 125 132 138 139 150 152 154 158 164 172 175 178 186 187 190 191 192 198 203 207
28 35 36 42 45 50 51 59 61 65 69 72 74 81 83 87 88 94 95 104 107 111 112 122 124 132 138 139 150 152 154 158 164 172 175 178 186 187 191 192 198 203 207 209
28 35 36 42 45 50 51 59 61 65 69 72 74 81 83 89 94 95 98 103 107 111 112 116 122 125 130 138 140 144 149 153 154 158 160 168 170 172 175 189 191 193 199 200 204 210
28 35 36 42 45 50 51 59 61 65 70 71 74 78 81 84 86 89 94 96 100 101 108 109 120 122 125 135 138 139 143 148 154 158 160 164 171 172 175 187 191 192 198 204 207 210
28 35 36 42 45 50 51 59 61 65 70 71 74 81 84 85 89 94 96 103 107 110 116 122 124 132 138 139 145 146 152 154 158 163 166 172 174 179 186 191 192 197 204 207 209
28 35 36 42 45 50 51 59 61 65 70 71 74 81 84 85 89 94 96 107 110 116 122 124 132 135 138 139 145 146 152 154 158 163 166 172 174 179 186 191 192 197 204 207 209
28 35 36 42 45 50 51 59 61 65 70 71 74 81 84 85 89 94 96 107 110 116 122 124 132 138 139 145 146 152 154 158 163 166 172 174 175 186 191 192 197 204 207 209
28 35 36 42 45 50 51 59 61 65 70 71 74 81 84 85 89 94 96 107 110 116 122 124 132 138 139 145 146 152 154 158 163 166 172 174 179 183 186 191 192 197 204 207 209
28 35 36 42 45 50 51 59 61 65 70 71 74 81 84 85 89 94 96 107 110 116 122 124 132 138 139 145 146 152 154 158 163 166 172 174 179 186 191 192 197 204 207 209
28 35 36 42 45 50 51 59 61 65 70 71 74 81 84 86 91 94 95 98 103 107 110 116 122 123 129 130 136 137 141 143 151 154 157 166 172 174 188 190 191 192 196 204 208
28 35 36 42 45 50 51 59 61 65 70 71 74 81 84 86 91 94 95 98 103 107 111 112 116 122 125 130 138 139 150 153 154 158 160 168 170 172 174 180 181 191 192 194 203 206 210
28 35 36 42 45 50 51 59 61 65 70 71 74 81 84 86 91 94 95 98 103 107 111 112 116 122 125 138 139 150 153 154 158 160 168 170 172 174 180 181 191 192 194 203 206 210
28 35 36 42 45 50 51 59 61 65 70 71 74 81 84 86 91 94 95 103 107 111 112 116 122 124 133 136 138 139 150 154 158 164 172 174 178 186 187 191 192 199 200 208 209
28 35 36 42 45 50 51 59 61 65 70 71 74 81 84 86 91 94 95 103 107 111 112 116 122 124 133 136 138 139 150 154 158 166 172 174 178 186 187 190 191 192 199 200 208
28 35 36 42 45 50 51 59 61 65 70 71 74 81 84 86 91 94 95 103 107 111 112 116 122 124 133 136 138 139 150 154 158 166 172 174 178 186 187 191 192 199 200 208 209
28 35 36 42 45 50 51 59 61 65 70 71 74 81 84 86 91 94 95 103 107 111 112 122 124 133 136 138 139 150 154 158 164 172 174 178 186 187 190 191 192 199 200 208
28 35 36 42 45 50 51 59 61 65 70 71 74 81 84 86 91 94 95 103 107 111 112 122 124 133 136 138 139 150 154 158 164 172 174 178 186 187 191 192 199 200 208 209
28 35 36 42 45 50 51 59 61 65 70 71 74 81 84 86 91 94 96 98 107 111 112 120 122 124 133 136 138 139 150 154 158 164 172 174 175 183 186 191 192 199 200 208 209
28 35 36 42 45 50 51 59 61 65 70 71 74 81 84 86 91 94 96 101 107 111 112 116 122 123 134 137 141 147 154 157 165 172 174 178 186 187 190 191 192 199 200 207 208
28 35 36 42 45 50 51 59 61 65 70 71 74 81 84 86 91 94 96 102 108 109 112 117 120 122 125 130 133 138 139 150 154 157 166 172 174 180 181 190 191 192 197 206 207
28 35 36 42 45 50 51 59 61 65 70 71 74 81 84 86 91 94 96 102 108 109 112 117 122 125 130 138 139 150 153 154 158 160 169 170 172 174 180 181 186 191 192 194 203 210
28 35 36 42 45 50 51 59 61 65 70 71 74 81 84 86 91 94 96 102 108 109 112 117 122 126 127 131 138 139 150 154 158 160 169 172 174 180 181 186 191 192 194 203 207 210
28 35 36 42 45 50 51 59 61 65 70 71 74 81 84 86 91 94 96 102 108 109 112 117 122 126 127 131 138 141 146 154 158 160 169 171 172 174 180 181 186 191 192 194 203 207 210
28 35 36 42 45 50 51 59 61 65 70 71 75 77 81 84 86 94 95 104 107 111 112 116 122 125 128 134 138 140 148 153 154 158 163 170 172 174 178 186 187 190 191 192 199 203
28 35 36 42 45 50 51 59 61 65 70 71 81 84 86 89 94 96 100 101 104 108 109 112 117 122 125 127 131 136 138 139 150 154 157 161 166 167 172 174 187 191 192 200 207 209
28 35 36 42 45 50 51 59 61 65 70 71 81 84 86 89 94 96 100 101 104 108 109 112 117 122 125 127 131 138 139 150 154 157 161 166 167 172 174 187 191 192 200 207 209
28 35 36 42 45 50 51 59 61 65 70 71 81 84 86 89 94 96 100 104 108 109 112 117 122 125 127 131 136 138 139 150 154 157 161 166 167 172 174 187 191 192 200 207 209
28 35 36 42 45 50 51 59 61 65 70 71 81 84 86 89 94 96 104 107 110 112 116 122 124 128 133 134 138 139 152 154 157 160 165 169 172 174 180 181 186 191 192 207 210
28 35 36 42 45 50 51 59 61 65 70 71 81 84 86 89 94 96 104 107 110 112 116 122 124 128 133 134 138 139 152 154 157 160 165 169 172 174 180 181 186 191 192 210
28 35 36 42 45 50 51 59 61 65 70 71 81 84 86 89 94 96 104 108 109 112 117 122 125 127 131 136 138 139 150 154 157 161 166 167 172 174 180 181 186 191 192 207 209
28 35 36 42 45 50 51 59 61 65 70 71 81 84 86 89 94 96 104 108 109 112 117 122 125 127 131 136 138 139 150 154 157 161 166 167 172 174 180 181 186 191 192 207 210
28 35 36 42 45 50 51 59 61 65 70 71 81 84 86 89 94 96 104 108 109 112 117 122 125 127 131 136 138 139 154 157 161 166 167 172 174 180 181 186 191 192 208 209
28 35 36 42 45 50 51 59 61 65 70 71 81 84 86 89 94 96 104 108 109 112 117 122 125 127 131 136 138 140 144 149 150 154 157 164 172 174 180 181 186 190 191 192 208
28 35 36 42 45 50 51 59 61 66 69 71 77 81 82 86 93 96 101 107 109 112 117 120 122 123 134 137 141 144 150 151 154 157 162 163 172 174 178 184 187 191 192 201 207 209
28 35 36 42 45 50 51 59 61 66 69 72 76 81 83 94 95 99 104 107 110 114 115 119 122 124 127 132 137 141 144 147 151 154 157 172 174 178 185 188 191 192 206 209
28 35 36 42 45 50 51 59 61 66 70 71 75 76 81 83 91 94 95 99 107 110 113 116 120 122 123 127 132 134 137 141 143 154 157 166 172 174 177 181 186 189 191 192 207 209
28 35 36 42 45 50 51 59 61 66 70 71 75 76 81 83 91 94 95 99 107 110 113 116 120 122 123 132 134 137 141 143 154 157 166 172 174 177 181 186 189 191 192 207 209
28 35 36 42 45 50 51 59 61 66 70 71 75 76 81 83 91 94 95 99 107 110 113 116 120 122 123 134 137 141 143 154 157 166 172 174 177 181 186 189 191 192 207 209
28 35 36 42 45 50 51 59 61 66 70 71 75 76 81 83 91 94 95 99 107 110 113 116 120 122 124 133 138 139 143 150 154 157 160 165 171 172 174 177 181 186 191 192 207 210
28 35 36 42 45 50 51 59 61 66 70 71 75 76 81 83 94 95 99 103 107 110 113 120 122 124 133 138 139 143 153 154 158 160 164 171 172 174 185 191 192 196 200 206 210
28 35 36 42 45 50 51 59 61 66 70 71 75 76 81 84 88 94 96 99 105 107 110 118 122 124 128 132 135 138 139 143 154 158 160 164 172 174 175 184 189 191 192 200 207 209
28 35 36 42 45 50 51 59 61 66 70 71 75 76 81 84 88 94 96 99 105 107 110 118 122 124 128 132 135 138 139 147 154 158 160 164 172 174 175 184 189 191 192 200 207 209
28 35 36 42 45 50 51 59 61 66 70 71 75 76 81 84 88 94 96 104 108 109 113 119 122 125 128 131 136 138 140 143 148 154 157 166 172 174 178 186 189 191 192 207 209
28 35 36 42 45 50 51 59 61 66 70 71 75 76 81 84 88 94 96 104 108 109 113 119 122 125 128 131 136 138 140 143 148 154 157 166 172 174 178 186 191 192 200 207 210
28 35 36 42 45 50 51 59 61 66 70 71 75 76 81 84 88 94 96 104 108 109 113 119 122 125 128 131 136 138 140 143 148 154 157 166 172 174 183 186 191 192 200 207 210
28 35 36 42 45 50 51 59 61 66 70 71 75 76 81 84 88 94 96 104 108 109 113 119 122 125 128 131 136 138 140 143 148 154 157 169 172 174 178 186 191 192 200 207 210
28 35 36 42 45 50 51 59 61 66 70 71 75 76 81 84 88 94 96 104 108 109 113 119 122 125 128 131 136 138 140 143 148 154 157 169 172 174 183 186 191 192 200 207 210
28 35 36 42 45 50 51 59 61 66 70 71 75 76 81 84 88 94 96 104 108 109 113 119 122 125 128 131 136 138 140 143 148 154 157 172 174 178 186 189 191 192 200 207 209
28 35 36 42 45 50 51 59 61 66 70 71 75 76 81 84 88 94 96 104 108 109 113 119 122 125 128 131 136 138 140 143 148 154 157 172 174 178 186 189 191 192 207 209
28 35 36 42 45 50 51 59 61 66 70 71 75 76 81 84 88 94 96 104 108 109 113 119 122 125 128 131 136 138 140 143 148 154 158 160 167 171 172 174 183 186 191 192 200 207 210
28 35 36 42 45 50 51 59 61 66 70 71 75 76 81 84 88 94 96 104 108 109 113 119 122 125 128 131 136 138 140 148 154 157 169 172 174 178 183 186 191 192 200 207 210
28 35 36 42 45 50 51 59 61 66 70 71 75 76 81 84 88 94 96 104 108 109 113 119 122 125 128 131 136 138 140 148 154 157 169 172 174 178 186 191 192 200 207 210
28 35 36 42 45 50 51 59 61 66 70 71 76 81 83 87 94 95 99 107 110 113 116 120 122 124 127 133 138 139 150 153 154 157 162 165 167 172 174 177 181 186 191 192 206 209
28 35 36 42 45 50 51 59 61 66 70 71 81 83 91 94 95 99 103 107 110 113 120 122 124 127 138 139 142 146 150 153 154 158 160 164 170 172 175 180 181 184 191 192 206 210
28 35 36 42 45 50 51 59 61 69 72 74 78 81 83 87 88 94 95 105 107 110 112 116 122 124 128 135 138 139 149 152 154 157 160 165 169 172 174 191 192 196 200 207 210
28 35 36 42 45 50 51 59 61 69 72 76 81 82 83 90 93 97 99 102 107 110 114 115 119 122 123 127 133 137 141 147 154 157 160 170 171 172 174 179 185 186 191 192 206
28 35 36 42 45 50 51 59 61 69 72 76 81 82 83 93 97 99 103 107 109 114 115 119 122 123 127 133 137 141 143 147 153 154 157 165 171 172 174 179 185 186 191 192 206
28 35 36 42 45 50 51 59 61 69 72 76 81 82 83 93 97 99 103 107 109 119 122 123 127 133 137 141 147 154 157 160 165 170 171 172 174 179 185 186 191 192 199 200 206
28 35 36 42 45 50 51 59 61 69 72 76 81 82 83 93 97 99 103 107 109 119 122 123 127 133 137 141 147 154 157 160 165 170 172 174 179 185 186 191 192 199 200 206 208
28 35 36 42 45 50 51 59 61 69 72 76 81 83 86 93 96 100 101 107 109 112 117 122 123 134 136 137 141 143 147 152 154 157 161 167 172 174 184 189 191 192 205 209
28 35 36 42 45 50 51 59 61 69 72 76 81 83 86 93 97 99 103 105 107 109 110 116 122 123 127 133 137 141 143 153 154 157 165 171 172 174 185 191 192 199 200 206 210
28 35 36 42 45 50 51 59 61 69 72 76 81 83 86 93 97 99 103 105 107 109 122 123 127 133 136 137 141 143 147 153 154 157 165 171 172 174 185 191 192 199 200 210
28 35 36 42 45 50 51 59 61 69 72 76 81 83 86 93 97 99 103 105 107 110 116 122 124 129 130 136 138 139 143 149 154 159 160 164 172 174 175 185 188 190 191 192 205
28 35 36 42 45 50 51 59 61 69 72 76 81 83 86 94 95 98 104 107 111 112 117 122 124 125 131 135 138 139 150 152 154 157 161 165 167 172 174 191 192 199 200 207 210
28 35 36 42 45 50 51 59 61 69 72 76 81 83 89 94 95 103 107 111 113 117 122 125 130 138 139 143 151 153 154 159 160 164 171 172 175 181 188 191 193 198 204 206 210
28 35 36 42 45 50 51 59 61 69 72 76 81 83 90 93 97 99 102 107 110 114 115 119 122 124 127 132 138 139 149 153 154 158 160 164 170 172 175 181 191 193 198 204 205 210
28 35 36 42 45 50 51 59 61 69 72 76 81 83 90 93 97 99 102 107 110 119 122 123 124 127 133 137 141 143 147 153 154 157 165 172 174 179 185 186 191 192 199 200 206 209
28 35 36 42 45 50 51 59 61 69 72 76 81 83 90 93 97 99 102 107 110 119 122 124 129 130 136 138 139 143 149 154 158 160 164 171 172 175 183 190 191 193 198 204 205
28 35 36 42 45 50 51 59 61 70 71 76 81 84 86 90 94 95 98 104 107 111 112 116 120 122 125 128 133 134 138 139 145 146 154 158 162 164 172 174 186 190 191 192 194 202 208
28 35 36 42 45 50 51 59 61 70 71 76 81 84 86 90 94 96 102 108 109 112 118 122 126 127 131 136 138 140 148 151 154 158 161 166 167 172 174 180 181 186 191 192 207 210
28 35 36 42 45 50 53 59 61 65 69 71 75 81 82 85 90 93 96 98 105 107 109 113 116 122 123 126 133 136 137 141 142 147 154 157 162 166 172 174 185 189 191 192 205 209
28 35 36 42 45 50 53 59 61 65 69 71 75 81 82 86 89 90 93 96 98 107 109 114 118 122 123 134 135 137 141 142 147 154 157 160 168 172 174 184 190 191 192 206 208
28 35 36 42 45 50 53 59 61 65 69 71 75 81 82 86 89 93 96 98 107 109 114 118 122 123 126 134 135 137 141 142 147 154 157 160 165 168 172 174 184 190 191 192 206 208
28 35 36 42 45 50 53 59 61 65 69 71 75 81 82 86 89 93 96 98 107 109 114 118 122 123 130 134 135 137 141 142 147 154 157 160 165 168 172 174 184 190 191 192 206 208
28 35 36 42 45 50 53 59 61 65 69 71 75 81 82 86 89 93 96 98 107 109 114 118 122 123 134 135 137 141 142 147 154 157 160 165 168 172 174 184 190 191 192 206 208
28 35 36 42 45 50 53 59 61 65 69 71 76 77 81 82 85 90 93 96 100 107 109 113 116 122 123 134 135 137 141 143 150 154 157 162 168 172 174 184 190 191 192 196 206 208
28 35 36 42 45 50 53 59 61 65 69 71 76 77 81 82 85 93 96 100 107 109 113 116 117 122 123 126 134 135 137 141 143 150 154 157 162 168 172 174 184 190 191 192 206 208
28 35 36 42 45 50 53 59 61 65 69 71 76 77 81 82 87 93 96 100 105 107 109 112 117 122 123 133 136 137 141 143 152 154 157 161 164 172 174 177 185 189 191 192 205 209
28 35 36 42 45 50 53 59 61 65 69 71 76 77 81 82 87 93 96 100 105 107 109 112 117 122 123 133 136 137 141 143 152 154 157 161 164 172 174 185 189 191 192 196 205 209
28 35 36 42 45 50 53 59 61 65 69 71 76 77 81 82 87 93 96 100 105 107 109 112 122 123 133 136 137 141 142 143 152 154 157 161 164 165 172 174 185 189 191 192 205 209
28 35 36 42 45 50 53 59 61 65 69 71 76 77 81 82 87 93 96 100 105 107 109 112 122 123 133 136 137 141 143 152 154 157 161 164 165 172 174 177 185 189 191 192 205 209
28 35 36 42 45 50 53 59 61 65 69 71 76 77 81 82 87 93 96 100 105 107 109 113 116 117 122 123 127 133 137 141 142 151 154 157 160 170 171 172 174 185 191 192 206 210
28 35 36 42 45 50 53 59 61 65 69 72 73 81 82 86 89 90 93 96 100 101 107 109 112 118 122 123 134 135 137 141 142 147 149 154 157 162 171 172 174 181 191 192 206 210
28 35 36 42 45 50 53 59 61 65 69 72 73 81 82 86 89 90 93 96 101 102 107 109 112 118 120 122 123 134 137 141 142 149 154 157 169 172 174 180 181 190 191 192 207
28 35 36 42 45 50 53 59 61 65 69 72 73 81 82 86 89 90 93 96 101 102 107 109 112 118 120 122 123 134 137 141 142 149 154 157 169 172 174 180 181 190 191 192 207 208
28 35 36 42 45 50 53 59 61 65 69 72 73 81 82 86 90 93 96 102 107 109 112 118 120 122 123 129 130 137 141 142 149 154 157 169 172 174 182 188 190 191 192 198 204 208
28 35 36 42 45 50 53 59 61 65 69 72 73 81 82 86 90 93 96 102 107 109 112 118 120 122 123 129 130 137 141 142 149 154 157 169 172 174 188 190 191 192 198 204 208
28 35 36 42 45 50 53 59 61 65 69 72 73 81 82 86 90 93 96 102 107 109 112 118 122 123 129 130 135 137 141 142 149 154 157 164 169 172 174 188 190 191 192 198 204 208
28 35 36 42 45 50 53 59 61 65 69 72 73 81 82 86 90 93 96 102 107 109 112 118 122 123 129 130 135 137 141 142 149 154 157 169 172 174 188 190 191 192 198 204 208
28 35 36 42 45 50 53 59 61 65 69 72 73 81 82 89 90 93 96 101 102 107 109 112 118 120 122 123 134 137 141 142 149 154 157 169 172 174 180 181 190 191 192 198 207 208
28 35 36 42 45 50 53 59 61 65 69 72 73 81 83 87 88 94 95 99 102 103 107 110 111 116 118 122 124 129 136 138 139 151 154 157 158 167 172 174 184 191 192 197 208 209
28 35 36 42 45 50 53 59 61 65 69 72 73 81 83 87 88 94 95 104 107 110 112 122 124 128 135 137 141 142 147 149 154 157 160 165 169 172 174 185 190 191 192 207 208
28 35 36 42 45 50 53 59 61 65 69 72 73 81 83 88 89 93 96 100 107 109 113 116 117 122 123 133 135 137 141 143 149 154 157 162 168 172 174 185 190 191 192 206 208
28 35 36 42 45 50 53 59 61 65 69 72 74 77 81 82 83 90 93 96 102 107 109 114 122 123 135 137 141 143 150 154 157 164 172 174 180 181 188 190 191 192 196 203 206 208
28 35 36 42 45 50 53 59 61 65 69 72 74 77 81 83 85 93 96 102 107 109 112 117 119 122 123 129 135 137 141 142 150 154 157 162 170 171 172 174 184 191 192 206 210
28 35 36 42 45 50 53 59 61 65 69 72 74 77 81 83 87 93 96 101 102 107 109 112 117 122 123 134 136 137 141 143 152 154 157 162 167 172 174 184 189 191 192 205 209
28 35 36 42 45 50 53 59 61 65 69 72 74 81 82 83 90 93 97 98 107 109 120 122 123 133 137 141 147 154 157 161 166 169 172 174 178 185 186 191 192 199 200 207 208
28 35 36 42 45 50 53 59 61 65 69 72 74 81 82 83 91 93 96 102 107 109 112 119 122 123 129 135 137 141 145 146 150 154 157 161 164 165 172 174 188 190 191 192 196 203
28 35 36 42 45 50 53 59 61 65 69 72 74 81 82 83 91 93 96 102 107 109 112 119 122 123 130 135 137 141 145 146 150 154 157 161 164 165 172 174 188 190 191 192 196 203
28 35 36 42 45 50 53 59 61 65 69 72 74 81 82 83 91 93 96 102 107 109 112 119 122 123 135 137 141 145 146 150 154 157 161 164 165 172 174 188 190 191 192 196 203
28 35 36 42 45 50 53 59 61 65 69 72 74 81 82 83 91 93 97 98 107 109 117 122 123 135 137 141 147 154 157 160 167 168 172 174 180 181 188 189 191 192 198 203 206
28 35 36 42 45 50 53 59 61 65 69 72 74 81 82 85 90 93 96 102 107 109 113 118 122 123 129 130 135 137 141 142 149 154 157 169 172 174 188 190 191 192 197 204 208
28 35 36 42 45 50 53 59 61 65 69 72 74 81 82 89 90 93 96 102 107 109 113 118 122 123 127 134 137 141 142 143 153 154 157 169 171 172 174 184 191 192 199 200 205 210
28 35 36 42 45 50 53 59 61 65 69 72 74 81 82 89 90 93 97 98 107 109 110 120 122 123 133 137 141 147 154 157 161 166 169 172 174 178 185 186 191 192 199 200 207 208
28 35 36 42 45 50 53 59 61 65 69 72 74 81 82 90 93 97 98 107 109 110 120 122 123 133 137 141 147 154 157 161 166 169 172 174 178 185 186 189 191 192 199 200 207
28 35 36 42 45 50 53 59 61 65 69 72 74 81 82 90 93 97 98 107 109 110 120 122 123 133 137 141 147 154 157 161 166 169 172 174 178 185 186 191 192 199 200 207 208
28 35 36 42 45 50 53 59 61 65 69 72 74 81 82 90 93 97 98 107 109 120 122 123 125 133 137 141 147 154 157 161 166 169 172 174 178 185 186 189 191 192 199 200 207
28 35 36 42 45 50 53 59 61 65 69 72 74 81 82 91 93 96 102 107 109 112 119 122 123 129 130 135 137 141 142 143 152 154 157 165 172 174 188 189 191 192 198 203 209
28 35 36 42 45 50 53 59 61 65 69 72 74 81 82 91 93 97 98 107 109 110 117 122 123 131 135 137 141 147 154 157 160 167 168 171 172 174 180 181 188 191 192 198 203 206
28 35 36 42 45 50 53 59 61 65 69 72 74 81 82 91 93 97 98 107 109 110 117 122 123 135 137 141 147 154 157 160 167 168 171 172 174 180 181 188 191 192 198 203 206
28 35 36 42 45 50 53 59 61 65 69 72 74 81 82 91 93 97 98 107 109 110 117 122 123 135 137 141 147 154 157 160 167 168 172 174 180 181 188 189 191 192 198 203 206
28 35 36 42 45 50 53 59 61 65 69 72 74 81 82 91 93 97 98 107 109 117 122 123 125 135 137 141 147 154 157 160 167 168 171 172 174 180 181 188 191 192 198 203 206
28 35 36 42 45 50 53 59 61 65 69 72 74 81 83 87 88 94 95 104 107 111 112 122 124 125 132 138 139 150 152 154 158 164 172 175 178 186 187 190 191 192 198 203 207
28 35 36 42 45 50 53 59 61 65 69 72 74 81 83 87 88 94 95 104 107 111 112 122 124 132 138 139 150 152 154 158 164 172 175 178 186 187 190 191 192 198 203 207
28 35 36 42 45 50 53 59 61 65 70 71 73 81 84 85 91 94 95 99 102 103 107 110 116 122 124 133 138 139 145 146 153 154 157 162 172 174 176 189 191 192 196 204 206 209
28 35 36 42 45 50 53 59 61 65 70 71 73 81 84 85 91 94 95 99 102 103 107 110 116 122 124 133 138 139 145 146 153 154 157 172 174 176 189 191 192 196 204 206 209
28 35 36 42 45 50 53 59 61 65 70 71 73 81 84 86 94 95 104 105 107 111 112 118 122 124 132 138 139 152 154 158 164 172 174 180 181 189 190 191 192 198 204 207
28 35 36 42 45 50 53 59 61 65 70 71 77 81 84 86 89 94 95 98 103 107 110 112 120 122 124 133 138 139 145 146 153 154 157 161 172 174 176 189 190 191 192 196 204 206
28 35 36 42 45 50 53 59 61 65 70 71 77 81 84 86 89 94 95 98 103 107 110 112 120 122 124 133 138 139 145 146 153 154 157 162 172 174 176 189 191 192 196 204 206 209
28 35 36 42 45 50 53 59 61 65 70 71 77 81 84 86 89 94 95 98 103 107 110 112 120 122 124 133 138 139 145 146 153 154 157 172 174 176 189 190 191 192 196 204 206
28 35 36 42 45 50 53 59 61 65 70 71 77 81 84 86 89 94 95 98 103 107 110 112 120 122 124 133 138 139 145 146 153 154 157 172 174 176 189 191 192 196 204 206 209
28 35 36 42 45 50 53 59 61 66 69 72 74 81 82 83 91 93 97 98 103 107 109 115 119 122 123 135 137 141 143 150 151 154 157 165 172 174 180 181 188 190 191 192 198 201 206
28 35 36 42 45 50 53 59 61 66 69 72 76 81 82 93 97 98 103 107 109 114 115 119 122 123 125 133 137 141 146 147 154 157 165 172 174 178 185 186 189 191 192 198 207 209
28 35 36 42 45 50 53 59 61 66 69 72 76 81 83 85 94 95 100 103 107 111 112 117 119 122 125 131 133 137 141 142 154 157 160 171 172 174 179 184 191 192 199 205 207
28 35 36 42 45 50 53 59 61 66 69 72 76 81 83 85 94 95 105 107 111 112 117 119 122 125 131 138 140 145 146 151 153 154 158 163 167 172 175 183 190 191 193 198 201 203
28 35 36 42 45 50 53 59 61 66 70 71 73 81 84 85 90 94 95 101 107 110 115 116 120 122 123 129 137 141 142 149 154 157 162 165 170 172 174 179 186 189 191 192 197 204 206
28 35 36 42 45 50 53 59 61 69 71 75 81 82 85 93 96 98 105 107 109 113 116 122 123 126 133 136 137 141 142 146 147 154 157 162 165 166 172 174 185 189 191 192 205 209
28 35 36 42 45 50 53 59 61 69 71 75 81 82 86 89 90 93 96 98 107 109 114 118 122 123 130 134 135 137 141 142 146 147 154 157 160 168 172 174 184 190 191 192 206 208
28 35 36 42 45 50 53 59 61 69 71 75 81 82 86 89 93 96 98 107 109 114 117 118 122 123 126 130 134 135 137 141 142 147 148 154 157 160 168 172 174 184 190 191 192 206
28 35 36 42 45 50 53 59 61 69 71 75 81 82 86 89 93 96 98 107 109 114 117 118 122 123 126 130 134 135 137 141 142 147 154 157 160 168 172 174 184 190 191 192 206 208
28 35 36 42 45 50 53 59 61 69 71 75 81 82 86 89 93 96 98 107 109 114 117 118 122 123 126 134 135 137 141 142 146 147 154 157 160 168 172 174 184 190 191 192 206 208
28 35 36 42 45 50 53 59 61 69 71 75 81 82 86 89 93 96 98 107 109 114 117 118 122 123 130 134 135 137 141 142 146 147 154 157 160 168 172 174 184 190 191 192 206 208
28 35 36 42 45 50 53 59 61 69 71 75 81 82 86 89 93 96 98 107 109 114 117 118 122 123 134 135 137 141 142 146 147 154 157 160 168 172 174 184 190 191 192 206 208
28 35 36 42 45 50 53 59 61 69 71 75 81 82 86 89 93 96 98 107 109 114 118 122 123 130 134 135 137 141 142 146 147 154 157 160 165 168 172 174 184 190 191 192 206 208
28 35 36 42 45 50 53 59 61 69 71 76 77 81 82 85 90 93 96 100 107 109 113 116 122 123 134 135 137 141 143 150 154 157 162 168 172 174 184 190 191 192 196 200 206 208
28 35 36 42 45 50 53 59 61 69 71 76 77 81 82 85 93 96 100 107 109 113 116 122 123 134 135 137 141 143 150 154 157 162 165 168 172 174 184 190 191 192 196 200 206 208
28 35 36 42 45 50 53 59 61 69 71 77 81 82 85 93 96 100 107 109 113 116 122 123 134 135 137 141 143 150 154 157 162 165 168 172 174 184 190 191 192 196 200 206 208
28 35 36 42 45 50 53 59 61 69 71 77 81 82 87 90 93 96 100 105 107 109 112 122 123 126 130 133 136 137 141 143 152 154 157 161 164 172 174 185 189 191 192 205 209
28 35 36 42 45 50 53 59 61 69 72 73 78 81 82 83 89 93 96 101 107 109 112 119 122 123 133 137 141 143 149 151 154 157 165 172 174 180 181 185 191 192 198 201 207 209
28 35 36 42 45 50 53 59 61 69 72 73 78 81 82 83 89 93 96 107 109 113 117 120 122 123 129 130 134 137 141 142 146 154 157 167 172 174 179 187 189 191 192 197 203 209
28 35 36 42 45 50 53 59 61 69 72 73 78 81 82 83 93 96 102 107 109 113 117 122 123 129 130 134 137 141 142 146 154 157 167 172 174 179 187 189 191 192 197 203 205 209
28 35 36 42 45 50 53 59 61 69 72 73 78 81 82 87 88 93 96 107 109 112 122 123 134 135 137 141 143 149 151 154 157 167 171 172 174 179 182 191 192 196 200 206 210
28 35 36 42 45 50 53 59 61 69 72 73 78 81 82 89 93 96 102 107 109 113 117 122 123 129 130 134 137 141 142 146 154 157 167 172 174 179 187 189 191 192 197 203 205 209
28 35 36 42 45 50 53 59 61 69 72 73 78 81 82 93 96 102 107 109 113 117 122 123 129 130 134 135 137 141 142 146 154 157 164 167 172 174 179 187 189 191 192 197 203 209
28 35 36 42 45 50 53 59 61 69 72 73 78 81 82 93 96 102 107 109 113 117 122 123 129 130 134 135 137 141 142 146 154 157 167 172 174 179 187 189 191 192 197 203 209
28 35 36 42 45 50 53 59 61 69 72 73 78 81 82 93 96 102 107 109 113 117 122 123 129 130 134 137 141 142 146 154 157 167 172 174 179 187 189 191 192 197 203 205 209
28 35 36 42 45 50 53 59 61 69 72 74 77 78 81 82 83 93 96 98 107 109 116 122 123 129 130 136 137 141 142 146 150 154 157 160 165 168 172 174 188 190 191 192 198 208
28 35 36 42 45 50 53 59 61 69 72 74 77 78 81 83 85 93 96 102 107 109 112 119 122 123 129 130 135 137 141 142 146 150 154 157 165 172 174 188 190 191 192 198 208
28 35 36 42 45 50 53 59 61 69 72 74 77 78 81 83 85 93 96 102 107 109 114 117 122 123 134 136 137 141 145 152 154 157 160 167 172 174 184 189 191 192 196 200 205 209
28 35 36 42 45 50 53 59 61 69 72 74 77 78 81 83 87 88 94 95 105 107 110 112 122 124 128 135 138 139 149 152 154 157 158 165 169 172 174 178 191 192 196 200 207 210
28 35 36 42 45 50 53 59 61 69 72 74 77 78 81 83 87 88 94 95 105 107 110 116 122 124 127 132 137 141 143 153 154 157 161 168 172 174 184 189 191 192 196 200 206 209
28 35 36 42 45 50 53 59 61 69 72 74 77 81 83 85 93 96 102 107 109 114 117 122 123 134 136 137 141 145 152 154 157 160 167 172 174 184 189 191 192 196 200 205 209
28 35 36 42 45 50 53 59 61 69 72 74 77 81 83 85 94 95 103 107 111 112 117 119 122 124 129 130 138 139 149 153 154 157 158 167 170 172 174 181 186 191 192 201 206 210
28 35 36 42 45 50 53 59 61 69 72 74 77 81 83 85 94 95 103 107 111 112 117 119 122 124 129 130 138 139 149 153 154 157 158 167 170 172 174 181 186 191 192 206 210
28 35 36 42 45 50 53 59 61 69 72 74 78 81 82 83 89 93 96 107 109 112 117 122 123 129 130 134 137 141 142 146 154 157 167 172 174 178 187 189 191 192 198 203 205 209
28 35 36 42 45 50 53 59 61 69 72 74 78 81 82 83 93 96 102 107 109 112 117 120 122 123 129 130 134 137 141 142 146 154 157 167 172 174 178 187 189 191 192 198 203 209
28 35 36 42 45 50 53 59 61 69 72 74 78 81 82 83 93 96 107 109 112 117 122 123 129 130 134 137 141 142 146 147 154 157 167 172 174 178 187 189 191 192 198 203 205 209
28 35 36 42 45 50 53 59 61 69 72 74 78 81 82 89 93 96 102 107 109 112 117 120 122 123 129 130 134 137 141 142 146 154 157 167 172 174 178 187 189 191 192 198 203 209
28 35 36 42 45 50 53 59 61 69 72 74 78 81 82 89 93 96 107 109 112 117 120 122 123 129 130 134 137 141 142 146 147 154 157 167 172 174 178 187 189 191 192 198 203 209
28 35 36 42 45 50 53 59 61 69 72 74 78 81 82 89 93 96 107 109 112 117 122 123 129 130 134 137 141 142 146 147 154 157 167 172 174 178 187 189 191 192 198 203 205 209
28 35 36 42 45 50 53 59 61 69 72 74 78 81 82 93 96 102 107 109 112 117 120 122 123 129 130 134 137 141 142 146 154 157 167 172 174 178 187 189 191 192 198 203 209
28 35 36 42 45 50 53 59 61 69 72 74 78 81 82 93 96 102 107 109 112 117 122 123 129 130 134 135 137 141 142 146 154 157 167 172 174 178 187 189 191 192 198 203 209
28 35 36 42 45 50 53 59 61 69 72 74 78 81 82 93 96 107 109 112 117 122 123 129 130 134 137 141 142 146 147 154 157 167 172 174 178 187 189 191 192 198 203 205 209
28 35 36 42 45 50 53 59 61 69 72 74 78 81 83 87 88 94 95 105 107 110 112 122 124 128 131 135 138 139 149 152 154 157 158 165 169 172 174 178 191 192 196 200 207 210
28 35 36 42 45 50 53 59 61 69 72 74 78 81 83 87 88 94 95 105 107 110 116 122 124 127 132 137 141 143 153 154 157 161 168 172 174 184 189 191 192 196 200 206 209
28 35 36 42 45 50 53 59 61 69 72 74 78 81 83 89 94 95 100 101 107 110 112 122 124 128 131 138 139 149 152 154 157 158 168 169 172 174 178 185 191 192 196 200 207 210
28 35 36 42 45 50 53 59 61 69 72 74 81 82 87 88 93 96 98 107 109 113 118 122 123 134 135 137 141 142 146 147 154 157 160 165 168 172 174 184 190 191 192 206 208
28 35 36 42 45 50 53 59 61 69 72 76 77 81 82 83 93 97 99 103 107 109 119 122 123 127 133 137 141 147 154 157 160 165 170 171 172 174 179 185 186 191 192 199 200 206
28 35 36 42 45 50 53 59 61 69 72 76 77 81 82 83 93 97 99 103 107 109 119 122 123 127 133 137 141 147 154 157 160 165 170 172 174 179 185 186 191 192 199 200 206 208
28 35 36 42 45 50 53 59 61 69 72 76 77 81 82 93 97 99 103 107 109 110 116 119 122 123 127 133 137 141 154 157 160 165 170 171 172 174 179 185 186 191 192 199 200 206
28 35 36 42 45 50 53 59 61 69 72 76 77 81 82 93 97 99 103 107 109 110 116 119 122 123 127 133 137 141 154 157 160 165 170 172 174 179 185 186 189 191 192 199 200 206
28 35 36 42 45 50 53 59 61 69 72 76 77 81 82 93 97 99 103 107 109 110 119 122 123 127 133 137 141 147 154 157 160 165 170 171 172 174 179 185 186 191 192 199 200 206
28 35 36 42 45 50 53 59 61 69 72 76 77 81 82 93 97 99 103 107 110 114 115 122 124 134 136 138 139 143 149 154 158 164 172 175 178 183 189 190 191 193 198 204 205
28 35 36 42 45 50 53 59 61 69 72 76 77 81 83 87 94 95 98 104 107 111 112 117 122 125 130 138 139 150 152 154 158 160 168 170 172 175 180 183 185 191 192 201 203 210
28 35 36 42 45 50 53 59 61 69 72 76 81 82 83 89 93 97 98 103 107 109 119 122 123 128 133 137 141 154 157 161 165 170 171 172 174 178 185 186 191 192 199 200 206
28 35 36 42 45 50 53 59 61 69 72 76 81 82 83 89 93 97 99 102 107 109 117 122 123 127 134 137 142 143 148 153 154 157 162 163 167 172 174 179 184 191 192 195 206 210
28 35 36 42 45 50 53 59 61 69 72 76 81 82 83 90 93 97 98 103 107 109 115 122 123 128 131 133 137 141 145 146 150 154 157 164 169 172 174 178 186 190 191 192 207 208
28 35 36 42 45 50 53 59 61 69 72 76 81 82 83 93 97 98 103 107 109 119 122 123 128 133 137 141 147 154 157 161 165 170 172 174 178 185 186 191 192 199 200 206 208
28 35 36 42 45 50 53 59 61 69 72 76 81 82 83 93 97 99 103 107 109 119 122 123 127 133 137 141 147 154 157 160 165 170 171 172 174 179 185 186 191 192 199 200 206
28 35 36 42 45 50 53 59 61 69 72 76 81 82 83 93 97 99 103 107 109 119 122 123 127 133 137 141 147 154 157 160 165 170 172 174 179 185 186 191 192 199 200 206 208
28 35 36 42 45 50 53 59 61 69 72 76 81 82 85 93 97 99 103 107 108 110 119 120 121 126 127 134 137 141 145 146 152 154 157 165 171 172 174 179 182 184 191 192 207
28 35 36 42 45 50 53 59 61 69 72 76 81 82 89 93 96 102 107 109 113 117 122 123 127 134 137 141 142 143 148 153 154 157 167 172 174 179 184 187 191 192 199 200 205 209
28 35 36 42 45 50 53 59 61 69 72 76 81 82 93 97 99 103 107 109 110 116 119 122 123 127 133 137 141 154 157 160 165 170 172 174 179 185 186 189 191 192 199 200 206
28 35 36 42 45 50 53 59 61 69 72 76 81 82 93 97 99 103 107 109 110 119 122 123 127 133 137 141 147 154 157 160 165 170 171 172 174 179 185 186 191 192 199 200 206
28 35 36 42 45 50 53 59 61 69 72 76 81 82 93 97 99 103 107 109 119 122 123 125 127 133 137 141 147 154 157 160 165 170 172 174 179 185 186 191 192 199 200 206 208
28 35 36 42 45 50 53 59 61 69 72 76 81 82 93 97 99 103 107 110 114 115 122 124 134 136 138 139 143 149 154 158 164 172 175 178 183 189 190 191 193 198 204 205
28 35 36 42 45 50 53 59 61 69 72 76 81 83 85 91 94 95 99 102 103 107 111 112 122 124 125 134 138 139 151 152 154 158 159 164 169 172 174 190 191 192 199 200 207
28 35 36 42 45 50 53 59 61 69 72 76 81 83 85 91 94 95 99 102 103 107 111 112 122 124 125 134 138 139 151 152 154 158 159 164 169 172 174 191 192 199 200 207 210
28 35 36 42 45 50 53 59 61 69 72 76 81 83 85 91 94 95 99 102 103 107 111 112 122 124 125 134 138 139 151 152 154 158 159 164 169 172 175 190 191 192 199 200 207
28 35 36 42 45 50 53 59 61 69 72 76 81 83 85 91 94 95 99 102 107 111 112 122 124 125 132 134 138 139 151 152 154 158 159 164 169 172 174 190 191 192 199 200 207
28 35 36 42 45 50 53 59 61 69 72 76 81 83 85 91 94 95 99 102 107 111 112 122 124 125 132 134 138 139 151 152 154 158 159 164 169 172 174 191 192 199 200 207 210
28 35 36 42 45 50 53 59 61 69 72 76 81 83 85 91 94 95 99 102 107 111 112 122 124 125 132 134 138 139 151 152 154 158 159 164 169 172 175 190 191 192 199 200 207
28 35 36 42 45 50 53 59 61 69 72 76 81 83 85 93 97 99 102 107 108 109 119 120 121 126 127 132 134 137 141 147 154 157 162 163 169 171 172 174 179 184 191 192 210
28 35 36 42 45 50 53 59 61 69 72 77 78 81 83 87 88 93 97 101 107 110 112 122 124 128 131 135 138 139 149 152 154 159 160 169 172 176 182 191 193 194 204 207 209
28 35 36 42 45 50 53 59 61 70 71 73 78 81 84 86 89 90 94 95 100 101 107 110 116 122 124 135 136 138 139 143 149 154 157 161 172 174 176 186 191 192 196 200 208 209
28 35 36 42 45 50 53 59 61 70 71 73 78 81 84 86 89 90 94 95 100 101 107 110 116 122 124 135 136 138 139 143 149 154 157 161 172 174 186 191 192 196 200 208 209
28 35 36 42 45 50 53 59 61 70 71 73 78 81 84 86 89 90 94 95 100 101 107 110 116 122 124 135 136 138 139 143 149 154 157 164 172 174 176 186 191 192 196 200 208 209
28 35 36 42 45 50 53 59 61 70 71 73 78 81 84 86 89 90 94 95 100 101 107 110 116 122 124 135 136 138 139 143 149 154 157 172 174 176 186 191 192 196 200 208 209
28 35 36 42 45 50 53 59 61 70 71 73 78 81 84 86 89 90 94 95 100 101 107 110 122 123 135 137 141 147 154 157 168 171 172 174 178 184 191 192 196 200 206 210
28 35 36 42 45 50 53 59 61 70 71 73 78 81 84 86 89 90 94 95 107 110 116 122 123 129 130 135 136 137 141 142 146 154 157 161 168 171 172 174 185 191 192 197 203 210
28 35 36 42 45 50 53 59 61 70 71 73 78 81 84 86 90 94 95 100 101 107 110 118 122 124 128 131 138 139 150 152 154 157 168 172 174 178 184 191 192 196 200 207 210
28 35 36 42 45 50 53 59 61 70 71 73 78 81 84 86 90 94 95 100 101 107 110 122 123 127 133 137 141 142 146 147 154 157 168 172 174 188 189 191 192 198 204 206 209
28 35 36 42 45 50 53 59 61 70 71 73 78 81 84 86 90 94 95 107 110 116 122 123 129 130 135 136 137 141 142 146 154 157 161 168 171 172 174 185 191 192 197 203 210
28 35 36 42 45 50 53 59 61 70 71 73 78 81 84 86 90 94 95 107 110 122 123 129 130 135 136 137 141 142 146 147 154 157 168 171 172 174 185 191 192 197 203 210
28 35 36 42 45 50 53 59 61 70 71 73 78 81 84 88 89 94 95 107 110 116 122 124 129 130 135 136 138 139 143 149 150 154 158 163 166 172 175 179 182 191 192 208 210
28 35 36 42 45 50 53 59 61 70 71 73 78 81 84 88 89 94 95 107 111 113 117 122 124 135 138 139 143 149 150 154 158 164 172 174 179 186 187 191 192 199 200 207 209
28 35 36 42 45 50 53 59 61 70 71 73 78 81 84 88 94 95 99 102 105 107 111 113 117 122 124 135 138 139 152 154 158 164 172 174 178 184 189 191 192 199 200 207 209
28 35 36 42 45 50 53 59 61 70 71 73 78 81 84 88 94 95 99 102 105 107 111 113 117 122 125 129 130 138 139 152 154 159 160 172 174 176 184 189 191 192 194 205 207 209
28 35 36 42 45 50 53 59 61 70 71 73 78 81 84 88 94 95 99 105 107 111 113 116 117 122 124 135 138 139 152 154 158 164 172 174 178 184 189 191 192 199 200 207 209
28 35 36 42 45 50 53 59 61 70 71 73 78 81 84 88 94 95 99 105 107 111 113 116 117 122 125 129 130 138 139 152 154 159 160 172 174 176 184 189 191 192 194 205 207 209
28 35 36 42 45 50 53 59 61 70 71 73 78 81 84 88 94 95 99 105 107 111 113 117 122 124 135 138 139 152 154 158 164 172 174 178 184 189 191 192 199 200 207 209
28 35 36 42 45 50 53 59 61 70 71 73 78 81 84 88 94 95 107 111 113 116 117 122 125 130 133 138 139 151 153 154 158 164 172 175 180 181 186 190 191 193 197 203 204
28 35 36 42 45 50 53 59 61 70 71 73 78 81 84 88 94 95 107 111 113 117 122 124 129 130 135 138 139 141 147 150 154 158 163 166 172 174 179 186 187 190 191 192 197 208
28 35 36 42 45 50 53 59 61 70 71 73 78 81 84 88 94 95 107 111 113 117 122 124 135 138 139 143 149 150 154 158 164 172 174 179 186 187 191 192 199 200 207 209
28 35 36 42 45 50 53 59 61 70 71 73 81 84 85 91 94 95 100 101 107 110 118 122 124 128 131 132 138 139 150 153 154 157 172 174 176 182 186 191 192 196 200 206 209
28 35 36 42 45 50 53 59 61 70 71 73 81 84 88 89 93 96 102 107 109 114 115 120 122 123 127 133 134 137 141 142 149 154 157 161 164 165 172 174 180 189 191 192 207 209
28 35 36 42 45 50 53 59 61 70 71 73 81 84 88 89 93 96 102 107 109 114 115 120 122 123 127 133 134 137 141 142 149 154 157 161 164 165 172 174 187 189 191 192 207 209
28 35 36 42 45 50 53 59 61 70 71 73 81 84 88 89 93 96 102 107 109 114 115 120 122 123 127 133 134 137 141 142 149 154 157 161 164 165 172 174 189 191 192 207 209
28 35 36 42 45 50 53 59 61 70 71 73 81 84 89 90 94 96 100 107 110 111 115 118 122 124 129 132 135 138 139 144 152 154 157 161 164 172 174 178 184 185 191 192 207 210
28 35 36 42 45 50 53 59 61 70 71 75 76 81 83 91 94 95 99 102 107 110 111 116 117 122 124 133 138 139 143 150 154 157 160 165 171 172 174 177 181 186 191 192 207 210
28 35 36 42 45 50 53 59 61 70 71 75 76 81 83 91 94 95 99 102 107 110 111 116 117 122 124 138 139 143 150 154 157 160 165 171 172 174 177 181 186 191 192 207 210
28 35 36 42 45 50 53 59 61 70 71 75 76 81 83 94 95 98 103 107 110 118 122 124 128 131 138 139 142 146 150 153 154 158 159 164 165 172 174 180 190 191 192 197 205 206
28 35 36 42 45 50 53 59 61 70 71 75 76 81 84 85 94 95 99 102 103 107 110 116 122 124 127 134 136 138 139 151 154 157 172 174 176 184 185 191 192 196 200 208 209
28 35 36 42 45 50 53 59 61 70 71 75 76 81 84 88 89 93 96 104 107 109 113 116 122 123 127 134 135 137 141 147 154 157 160 165 170 171 172 174 180 191 192 196 206 210
28 35 36 42 45 50 53 59 61 70 71 75 76 81 84 88 89 93 96 104 107 109 113 116 122 123 127 134 135 137 141 147 154 157 160 165 170 171 172 174 184 191 192 196 206 210
28 35 36 42 45 50 53 59 61 70 71 75 76 81 84 88 89 93 96 104 107 109 113 116 122 123 127 134 135 137 141 147 154 157 160 165 170 171 172 174 191 192 196 206 210
28 35 36 42 45 50 53 59 61 70 71 75 76 81 84 88 94 95 104 107 111 112 117 122 123 125 131 134 137 141 154 157 161 164 165 172 174 178 186 187 189 191 192 199 207
28 35 36 42 45 50 53 59 61 70 71 75 76 81 84 88 94 95 104 107 111 112 117 122 123 125 131 134 137 141 154 157 161 164 165 172 174 178 186 187 189 191 192 207
28 35 36 42 45 50 53 59 61 70 71 75 76 81 84 88 94 96 98 108 109 117 120 122 126 127 135 138 139 144 147 150 154 158 159 164 165 172 174 180 190 191 192 194 203 208
28 35 36 42 45 50 53 59 61 70 71 76 77 81 84 88 94 95 98 104 107 111 112 120 122 124 132 138 139 144 147 150 153 154 158 159 169 172 174 186 191 192 199 200 210
28 35 36 42 45 50 53 59 61 70 71 76 77 81 84 89 90 93 96 107 109 117 122 123 127 134 135 137 141 148 151 154 157 160 166 170 172 174 180 181 189 191 192 198 201 206
28 35 36 42 45 50 53 59 61 70 71 77 78 81 84 85 90 94 95 100 101 107 110 112 119 122 124 135 136 138 139 144 147 154 157 160 172 174 176 186 191 192 196 200 208 209
28 35 36 42 45 50 53 59 61 70 71 77 78 81 84 85 90 94 95 100 101 107 110 112 119 122 124 135 136 138 139 144 147 154 157 160 172 174 186 191 192 196 200 208 209
28 35 36 42 45 50 53 59 61 70 71 77 78 81 84 85 90 94 95 100 101 107 110 112 119 122 124 135 136 138 139 144 147 154 157 172 174 176 186 191 192 196 200 208 209
28 35 36 42 45 50 53 59 61 70 71 77 78 81 84 85 90 94 95 100 101 107 110 122 123 135 137 141 143 150 154 157 168 171 172 174 179 182 191 192 196 200 206 210
28 35 36 42 45 50 53 59 61 70 71 77 81 84 90 94 96 98 108 109 114 115 118 122 125 126 130 135 138 139 152 154 157 160 165 168 172 174 179 182 185 191 192 207 210
28 35 36 42 45 50 53 59 61 70 71 77 81 84 90 94 96 98 108 109 114 115 118 122 125 126 130 135 138 139 152 154 157 160 165 168 172 174 179 182 185 191 192 208 209
28 35 36 42 45 50 53 59 61 70 71 77 81 84 90 94 96 98 108 109 114 115 118 122 125 126 130 135 138 139 154 157 160 165 168 172 174 179 182 185 191 192 208 209
28 35 36 42 45 50 53 59 61 70 71 78 81 84 89 90 93 96 102 107 109 115 122 123 127 134 136 137 141 143 149 153 154 157 161 164 169 172 174 180 181 191 192 202 205 210
28 35 36 42 45 50 53 59 62 69 72 76 81 82 83 91 93 97 99 107 109 116 117 122 123 135 137 141 142 147 154 157 161 167 168 172 174 178 183 188 189 191 192 199 200 206
28 35 36 42 45 50 53 59 62 69 72 76 81 83 85 91 94 95 99 102 107 111 112 122 124 125 134 138 139 151 152 154 158 159 164 169 172 175 183 190 191 192 199 200 207
28 35 36 42 45 50 53 59 62 69 72 76 81 83 85 93 97 98 105 107 109 110 117 122 123 128 131 133 137 141 147 154 157 159 168 171 172 174 185 191 192 199 200 206 210
28 35 36 42 45 50 53 59 62 69 72 76 81 83 85 94 95 99 102 104 107 111 112 119 122 124 125 132 137 141 147 154 157 159 169 171 172 174 185 191 192 199 200 207 210
28 35 36 42 45 50 53 59 62 69 72 76 81 83 89 93 97 99 102 107 109 110 117 122 123 127 133 137 141 143 153 154 157 159 168 171 172 174 185 191 192 199 200 206 210
28 35 36 42 45 50 53 59 62 69 72 81 82 83 90 91 93 97 99 104 107 109 116 122 123 129 130 136 137 141 142 146 147 154 157 161 168 172 174 188 190 191 192 197 202 208
28 35 36 42 45 50 53 59 62 69 72 81 82 83 90 93 96 102 107 109 111 118 122 123 128 134 137 141 145 146 150 154 157 161 164 169 172 174 184 191 192 197 202 205 210
28 35 36 42 45 50 53 59 62 69 72 81 82 83 91 93 97 99 102 104 107 110 114 115 122 123 136 137 141 143 150 154 157 159 163 165 172 174 179 188 190 191 192 205 208
28 35 36 42 45 50 53 59 62 69 72 81 82 83 91 93 97 99 104 107 110 114 115 122 123 136 137 141 143 150 154 157 159 163 165 172 174 179 182 188 190 191 192 205 208
28 35 36 42 45 50 53 59 62 69 72 81 83 85 90 91 93 97 99 102 104 107 109 110 122 123 129 130 136 137 141 146 150 154 157 159 165 172 174 182 188 190 191 192 205 208
28 35 36 42 45 50 53 59 62 69 72 81 83 85 91 93 97 99 102 104 107 109 110 117 122 123 129 130 136 137 141 147 154 157 159 163 172 174 188 189 191 192 197 204 209
28 35 36 42 45 50 53 59 62 69 72 81 83 85 91 93 97 101 107 109 110 119 122 123 128 131 135 137 142 144 149 154 158 162 163 172 174 175 183 188 190 191 192 206 208
28 35 36 42 45 50 53 59 62 69 72 81 83 85 91 93 97 101 107 109 110 119 122 123 128 135 137 142 144 147 149 154 158 162 163 172 174 175 183 188 190 191 192 206 208
28 35 36 42 45 50 53 59 62 69 72 81 83 85 91 93 97 101 107 110 116 122 123 124 132 136 137 141 154 157 159 161 164 166 172 174 180 181 188 189 191 192 197 204 205
28 35 36 42 45 50 53 59 62 69 72 81 83 85 93 97 98 105 107 109 110 116 117 122 123 129 130 136 137 141 150 154 157 159 163 171 172 174 179 182 184 191 192 205 210
28 35 36 42 45 50 53 59 62 69 72 81 83 85 93 97 98 105 107 109 110 116 122 123 129 130 136 137 141 150 154 157 159 163 165 171 172 174 179 182 184 191 192 205 210
28 35 36 42 45 50 53 59 62 69 72 81 83 87 88 93 97 98 107 109 110 119 120 122 123 128 131 133 137 141 147 154 157 159 163 165 172 174 178 186 189 191 192 207 209
28 35 36 42 45 50 53 59 62 69 72 81 83 87 88 93 97 101 107 110 112 117 122 124 128 131 135 138 139 149 152 154 158 159 164 166 172 174 175 185 188 191 192 199 209
28 35 36 42 45 50 53 59 62 69 72 81 83 89 90 91 93 97 98 104 107 109 110 122 123 129 130 136 137 141 143 151 154 157 159 163 165 172 174 188 189 191 192 198 201 209
28 35 36 42 45 50 53 59 62 69 72 81 83 89 91 93 97 98 104 107 109 110 117 122 123 129 130 136 137 141 143 151 154 157 159 163 172 174 188 189 191 192 198 201 209
28 35 36 42 45 50 53 59 62 69 72 81 83 89 91 93 97 98 104 107 109 110 122 123 129 130 136 137 141 143 151 154 157 159 163 165 172 174 188 189 191 192 198 201 209
28 35 36 42 45 50 53 59 62 69 72 81 83 89 91 94 95 100 101 107 110 112 122 124 126 132 133 138 139 151 152 154 158 159 163 169 172 175 190 191 192 198 201 207
28 35 36 42 45 50 53 59 62 70 71 72 77 78 81 84 91 94 96 100 101 107 111 115 122 124 128 136 138 139 150 154 158 172 174 175 186 188 191 192 197 202 208 209
28 35 36 42 45 50 53 59 62 70 71 72 77 78 81 84 91 94 96 100 101 107 111 115 122 125 127 136 138 139 140 151 154 157 163 172 174 178 185 188 190 191 192 198 201 208
28 35 36 42 45 50 53 59 62 70 71 72 77 78 81 84 91 94 96 100 101 107 111 115 122 125 127 136 138 139 140 151 154 157 172 174 178 185 188 190 191 192 198 201 208
28 35 36 42 45 50 53 59 62 70 71 72 78 81 84 88 93 96 101 102 107 109 122 123 129 136 137 141 145 149 153 154 157 169 172 174 179 182 185 190 191 192 197 202 205
28 35 36 42 45 50 53 59 62 70 71 72 78 81 84 88 93 97 99 104 107 109 114 115 122 123 125 131 134 137 141 145 149 154 157 169 172 174 179 186 190 191 192 197 202 207
28 35 36 42 45 50 53 59 62 70 71 72 78 81 84 88 94 95 99 102 105 107 111 113 118 122 125 129 130 138 139 152 154 158 164 172 174 178 183 189 190 191 192 194 205 207
28 35 36 42 45 50 53 59 62 70 71 72 78 81 84 88 94 95 99 105 107 111 113 118 122 125 129 130 138 139 152 154 158 164 172 174 178 183 189 190 191 192 194 205 207
28 35 36 42 45 50 53 59 62 70 71 72 78 81 84 88 94 95 107 111 113 118 122 124 135 138 139 143 148 150 154 158 164 172 174 179 186 187 191 192 199 200 207 209
28 35 36 42 45 50 53 59 62 70 71 72 78 81 84 88 94 96 100 104 108 109 113 116 122 124 136 138 139 143 148 150 154 157 162 163 172 174 186 191 192 195 201 208 209
28 35 36 42 45 50 53 59 62 70 71 72 78 81 84 88 94 96 100 104 108 109 113 116 122 126 128 133 138 140 145 146 154 157 169 172 174 178 183 185 191 192 195 201 208 210
28 35 36 42 45 50 53 59 62 70 71 72 78 81 84 89 93 96 102 107 109 122 123 129 134 136 137 141 145 149 153 154 157 161 164 169 172 174 178 183 191 192 196 200 205 210
28 35 36 42 45 50 53 59 62 70 71 72 78 81 84 91 94 95 100 101 107 111 115 122 124 128 136 138 139 141 147 151 154 158 163 172 174 179 185 188 190 191 192 197 202 208
28 35 36 42 45 50 53 59 62 70 71 72 78 81 84 91 94 95 100 101 107 111 115 122 125 129 133 138 140 144 147 154 157 171 172 174 176 182 186 191 192 197 202 206 210
28 35 36 42 45 50 53 59 62 70 71 72 78 81 84 93 96 102 107 109 122 123 129 134 136 137 141 145 149 153 154 157 161 164 169 172 174 178 183 191 192 196 200 205 210
28 35 36 42 45 50 53 59 62 70 71 72 78 81 84 93 96 104 107 109 113 116 122 123 129 134 135 137 141 147 154 157 162 170 171 172 174 178 183 191 192 196 200 206 210
28 35 36 42 45 50 53 59 62 70 71 72 78 81 84 93 97 101 107 109 122 123 128 136 137 142 144 149 153 154 157 162 163 169 172 174 178 183 185 191 192 195 201 205 210
28 35 36 42 45 50 53 60 61 62 70 72 76 82 83 89 91 94 97 99 102 108 109 120 122 124 128 138 139 141 148 153 154 157 160 165 169 172 174 180 181 189 191 192 201 209
28 35 36 42 45 50 53 60 61 62 70 72 76 82 83 89 91 94 97 99 102 108 109 120 122 124 128 138 139 141 148 153 154 157 160 165 169 172 174 180 181 189 191 192 209
28 35 36 42 45 50 53 60 61 62 70 72 76 82 83 89 91 94 97 99 102 108 109 120 122 124 138 139 141 148 153 154 157 160 165 169 172 174 180 181 189 191 192 201 209
28 35 36 42 45 50 53 60 61 62 70 72 76 82 83 89 91 94 97 99 102 108 109 120 122 124 138 139 141 148 153 154 157 160 165 169 172 174 180 181 189 191 192 209
28 35 36 42 45 50 53 60 61 62 70 72 78 81 84 88 94 95 96 102 107 110 117 122 124 129 130 135 138 139 144 150 152 154 157 161 166 171 172 174 178 183 191 192 207 210
28 35 36 42 45 50 53 60 61 62 70 72 78 82 83 87 88 94 96 102 108 109 119 122 124 128 131 133 138 139 143 148 152 154 157 160 172 174 177 181 186 190 191 192 207
28 35 36 42 45 50 53 60 61 62 70 72 78 82 83 87 88 94 96 102 108 109 119 122 124 128 131 133 138 139 143 148 152 154 157 160 172 174 177 181 186 190 191 192 208
28 35 36 42 45 50 53 60 61 62 70 72 78 82 83 87 88 94 96 103 107 110 116 122 124 134 138 139 142 146 152 154 157 161 164 166 172 174 186 190 191 192 197 202 207
28 35 36 42 45 50 53 60 61 62 70 72 78 82 83 87 88 94 96 103 107 110 116 122 124 134 138 139 142 146 152 154 157 161 164 166 172 174 189 190 191 192 197 202 207
28 35 36 42 45 50 53 60 61 62 70 72 78 82 83 87 88 94 97 101 102 108 109 119 122 125 132 138 140 144 147 149 154 158 164 172 174 178 183 187 191 192 200 208 210
28 35 36 42 45 50 53 60 61 62 70 72 78 82 83 87 88 94 97 101 108 109 119 122 124 128 131 133 138 139 143 148 152 154 157 160 172 174 176 182 186 190 191 192 200 207
28 35 36 42 45 50 53 60 61 62 70 72 78 82 83 87 88 94 97 101 108 109 119 122 124 128 131 133 138 139 143 148 152 154 157 160 172 174 176 182 186 190 191 192 200 208
28 35 36 42 45 50 53 60 61 62 70 72 78 82 83 87 88 94 97 101 108 109 119 122 124 128 131 133 138 139 143 148 152 154 157 160 172 174 176 182 186 190 191 192 207
28 35 36 42 45 50 53 60 61 62 70 72 78 82 83 87 88 94 97 101 108 109 119 122 124 128 131 133 138 139 143 148 152 154 157 160 172 174 176 182 186 190 191 192 208
28 35 36 42 45 50 53 60 61 62 70 72 78 82 83 87 88 94 97 101 108 109 119 122 125 131 135 138 139 143 148 152 154 157 161 164 166 172 174 186 191 192 200 208 209
28 35 36 42 45 50 53 60 61 62 70 72 78 82 83 87 88 94 97 101 108 109 119 122 125 131 135 138 139 143 148 152 154 157 164 166 172 174 179 186 191 192 200 208 209
28 35 36 42 45 50 53 60 61 62 70 72 78 82 83 87 88 94 97 101 108 109 119 122 125 132 138 140 144 147 149 154 158 164 168 172 174 178 183 187 191 192 200 208 210
28 35 36 42 45 50 53 60 61 62 70 72 78 82 83 87 88 94 97 101 108 109 119 122 125 132 138 140 144 147 149 154 158 164 172 174 178 183 187 191 192 200 208 210
28 35 36 42 45 50 53 60 61 62 70 72 78 82 83 87 88 94 97 101 108 110 116 120 122 125 132 138 139 140 150 154 157 161 164 166 172 174 178 183 189 191 192 200 207 209
28 35 36 42 45 50 53 60 61 62 70 72 78 82 83 87 88 94 97 101 108 110 116 120 122 125 132 138 139 140 150 154 157 161 164 166 172 174 178 183 189 191 192 205 207 209
28 35 36 42 45 50 53 60 61 62 70 72 78 82 83 87 88 94 97 101 108 110 116 120 122 125 132 138 139 140 150 154 157 161 164 166 172 174 178 183 189 191 192 207 209
28 35 36 42 45 50 53 60 61 62 70 72 78 82 83 87 88 94 97 101 108 110 116 120 122 126 128 138 139 140 150 153 154 157 161 164 166 172 174 178 183 189 191 192 200 209
28 35 36 42 45 50 53 60 61 62 70 72 78 82 83 87 88 94 97 101 108 110 116 120 122 126 128 138 139 140 150 153 154 157 161 164 166 172 174 178 183 189 191 192 205 209
28 35 36 42 45 50 53 60 61 62 70 72 78 82 83 87 88 94 97 101 108 110 116 120 122 126 128 138 139 140 150 153 154 157 161 164 166 172 174 178 183 189 191 192 209
28 35 36 42 45 50 53 60 61 62 70 72 78 82 83 87 88 94 97 102 107 111 115 122 125 131 136 138 139 140 150 151 154 157 161 164 166 172 174 181 190 191 192 197 202 208
28 35 36 42 45 50 53 60 61 62 70 72 78 82 83 87 88 94 97 102 107 111 115 122 125 131 136 138 139 140 150 151 154 157 161 164 166 172 174 187 190 191 192 197 202 208
28 35 36 42 45 50 53 60 61 62 70 72 78 82 83 87 88 94 97 102 107 111 115 122 125 131 136 138 139 140 150 151 154 157 161 164 166 172 174 190 191 192 197 202 208
28 35 36 42 45 50 53 60 61 62 70 72 78 82 83 89 94 97 101 105 107 110 115 122 124 128 133 136 138 139 143 148 154 157 162 163 172 174 179 186 188 191 192 201 208 209
28 35 36 42 45 50 53 60 61 62 70 72 81 83 90 94 95 100 101 105 107 110 116 122 124 127 132 138 139 153 154 157 166 172 174 179 182 189 190 191 192 196 200 206
28 35 36 42 45 50 53 60 61 62 70 72 81 84 88 94 95 96 102 105 107 111 113 116 118 122 125 132 138 139 152 154 157 166 172 174 178 183 189 190 191 192 199 200 207
28 35 36 42 45 50 53 60 61 62 70 72 81 84 88 94 95 96 102 105 107 111 113 116 118 122 125 132 138 139 152 154 157 166 172 174 178 183 189 191 192 199 200 207 209
28 35 36 42 45 50 53 60 61 62 70 72 81 84 88 94 95 96 102 105 107 111 113 116 118 122 125 132 138 139 152 154 157 168 172 174 178 183 189 191 192 199 200 207 209
28 35 36 42 45 50 53 60 61 62 70 72 81 84 88 94 95 96 102 105 107 111 113 116 122 125 132 138 139 152 154 157 166 172 174 178 183 189 190 191 192 199 200 207
28 35 36 42 45 50 53 60 61 62 70 72 81 84 88 94 95 96 102 105 107 111 113 116 122 125 132 138 139 152 154 157 166 172 174 178 183 189 191 192 199 200 207 209
28 35 36 42 45 50 53 60 61 62 70 72 81 84 88 94 95 96 103 107 111 113 118 122 124 129 130 135 138 139 143 150 154 157 166 172 174 179 186 187 191 192 195 201 208 209
28 35 36 42 45 50 53 60 61 62 70 72 81 84 88 94 95 96 103 107 111 113 118 122 124 129 130 135 138 139 150 154 157 160 166 172 174 179 186 187 191 192 195 201 208 209
28 35 36 42 45 50 53 60 61 62 70 72 81 84 88 94 95 98 103 107 110 114 115 122 124 128 131 138 139 151 152 154 157 162 166 172 174 176 182 185 190 191 192 196 202 207
28 35 36 42 45 50 53 60 61 62 70 72 81 84 88 94 95 98 103 107 110 114 115 122 124 128 131 138 139 151 152 154 157 166 172 174 176 182 185 190 191 192 196 202 207
28 35 36 42 45 50 53 60 61 62 70 72 81 84 88 94 95 98 103 107 111 113 116 118 122 125 132 138 139 151 152 154 157 166 172 174 176 182 185 190 191 192 199 200 207
28 35 36 42 45 50 53 60 61 62 70 72 81 84 88 94 95 98 103 107 111 113 116 118 122 125 132 138 139 151 152 154 157 166 172 174 176 182 185 191 192 199 200 207 209
28 35 36 42 45 50 53 60 61 62 70 72 81 84 88 94 95 98 103 107 111 113 116 118 122 125 132 138 139 151 152 154 157 168 172 174 176 182 185 191 192 199 200 207 209
28 35 36 42 45 50 53 60 61 62 70 72 81 84 88 94 95 98 103 107 111 113 116 122 125 132 138 139 151 152 154 157 166 172 174 176 182 185 190 191 192 199 200 207
28 35 36 42 45 50 53 60 61 62 70 72 81 84 88 94 95 98 103 107 111 113 116 122 125 132 138 139 151 152 154 157 166 172 174 176 182 185 191 192 199 200 207 209
28 35 36 42 45 50 53 60 61 62 70 72 81 84 88 94 95 102 107 111 113 116 118 122 125 132 138 140 145 146 151 153 154 158 164 167 172 174 178 183 186 191 192 206 210
28 35 36 42 45 50 53 60 61 62 70 72 81 84 88 94 96 102 105 107 111 113 116 118 122 124 125 132 138 139 152 154 157 166 172 174 178 183 189 190 191 192 199 200 207
28 35 36 42 45 50 53 60 61 62 70 72 81 84 88 94 96 102 105 107 111 113 116 122 124 125 132 138 139 152 154 157 164 166 172 174 178 183 189 190 191 192 199 200 207
28 35 36 42 45 50 53 60 61 62 70 72 81 84 88 94 96 102 105 107 111 113 116 122 124 125 132 138 139 152 154 157 166 172 174 178 183 189 190 191 192 199 200 207
28 35 36 42 45 50 53 60 61 62 70 72 81 84 88 94 96 102 105 107 111 113 116 122 125 132 138 139 140 152 154 157 164 166 172 174 178 183 189 191 192 199 200 207 209
28 35 36 42 45 50 53 60 61 62 70 72 81 84 88 94 96 102 105 107 111 113 116 122 125 132 138 139 140 152 154 157 166 168 172 174 178 183 189 191 192 199 200 207 209
28 35 36 42 45 50 53 60 61 62 70 72 81 84 88 94 96 102 105 107 111 113 116 122 125 132 138 139 140 152 154 157 166 172 174 178 183 189 191 192 199 200 207 209
28 35 36 42 45 50 53 60 61 62 70 72 81 84 90 94 96 100 101 107 111 115 122 124 125 131 136 138 139 149 151 154 157 166 172 174 179 182 185 190 191 192 197 202 208
28 35 36 42 45 50 53 60 61 62 70 72 81 84 90 94 96 100 101 107 111 115 122 125 131 136 138 139 140 149 151 154 157 163 172 174 179 182 185 190 191 192 197 202 208
28 35 36 42 45 50 53 60 61 62 70 72 81 84 90 94 96 100 101 107 111 115 122 125 131 136 138 139 140 149 151 154 157 169 172 174 179 182 185 190 191 192 197 202 208
28 35 36 42 45 50 53 60 61 62 70 72 81 84 90 94 96 100 101 107 111 115 122 125 131 136 138 139 140 149 151 154 157 172 174 179 182 185 190 191 192 197 202 208
28 35 36 42 45 50 53 60 61 62 70 73 78 81 84 90 94 95 99 105 107 111 115 122 124 133 138 139 141 147 153 154 157 172 174 180 181 189 190 191 192 198 205 206
28 35 36 42 45 50 53 60 61 62 70 73 78 81 84 90 94 95 99 105 107 111 115 122 124 133 138 139 141 147 153 154 158 165 172 174 180 181 189 191 192 198 205 206 209
28 35 36 42 45 50 53 60 61 62 70 73 78 81 84 90 94 95 99 105 107 111 115 122 124 133 138 139 153 154 157 158 164 172 174 180 181 189 190 191 192 198 205 206
28 35 36 42 45 50 53 60 61 62 70 73 78 81 84 90 94 95 104 107 110 117 122 124 126 130 138 139 144 147 150 154 157 158 164 170 172 174 180 181 186 191 192 206 210
28 35 36 42 45 50 53 60 61 62 70 73 78 81 84 90 94 95 105 107 111 115 116 122 124 133 136 138 139 144 154 157 162 163 168 172 174 182 187 191 192 195 202 208 209
28 35 36 42 45 50 53 60 61 62 70 73 78 81 84 90 94 95 105 107 111 115 122 124 131 133 136 138 139 144 154 157 162 163 168 172 174 182 188 191 192 195 202 208 209
28 35 36 42 45 50 53 60 61 62 70 73 78 81 84 90 94 96 101 102 108 109 119 122 126 130 138 140 144 147 152 153 154 157 163 166 168 172 174 180 191 192 195 202 210
28 35 36 42 45 50 53 60 61 62 70 73 78 81 84 90 94 96 102 108 109 114 115 120 122 126 130 131 138 140 152 154 157 164 166 170 172 174 185 190 191 192 195 202 208
28 35 36 42 45 50 53 60 61 62 70 73 78 81 84 94 95 96 102 107 110 117 122 124 133 138 139 145 146 152 154 157 159 163 168 172 174 185 191 192 198 201 207 210
28 35 36 42 45 50 53 60 61 62 70 73 81 84 88 94 95 96 102 104 105 107 110 114 115 122 124 126 132 138 139 152 154 157 163 172 174 178 183 189 190 191 192 198 201 207
28 35 36 42 45 50 53 60 61 62 70 73 81 84 88 94 95 96 102 104 105 107 110 114 115 122 124 126 132 138 139 152 154 157 172 174 178 183 189 190 191 192 198 201 207
28 35 36 42 45 50 53 60 61 62 70 73 81 84 90 94 96 100 101 107 110 116 122 124 126 130 133 136 138 139 151 154 157 172 174 179 182 185 190 191 192 197 202 208
28 35 36 42 45 50 53 60 61 62 70 73 81 84 90 94 96 100 101 107 110 116 122 124 126 130 133 136 138 139 151 154 157 172 174 179 182 185 191 192 197 202 208 209
28 35 36 42 45 50 53 60 61 62 70 73 81 84 90 94 96 100 101 107 110 116 122 124 126 130 136 138 139 151 154 157 166 172 174 179 182 185 190 191 192 197 202 208
28 35 36 42 45 50 53 60 61 62 70 73 81 84 90 94 96 100 101 107 111 115 118 122 125 131 136 138 139 140 151 154 157 166 172 174 179 182 185 190 191 192 197 202 208
28 35 36 42 45 50 53 60 61 62 70 73 81 84 90 94 96 100 101 107 111 115 122 124 125 131 133 136 138 139 151 154 157 163 172 174 179 182 185 190 191 192 197 202 208
28 35 36 42 45 50 53 60 61 62 70 73 81 84 90 94 96 100 101 107 111 115 122 124 125 131 133 136 138 139 151 154 157 163 172 174 179 182 185 191 192 197 202 208 209
28 35 36 42 45 50 53 60 61 62 70 73 81 84 90 94 96 100 101 107 111 115 122 124 125 131 133 136 138 139 151 154 157 172 174 179 182 185 191 192 197 202 208 209
28 35 36 42 45 50 53 60 61 62 70 73 81 84 90 94 96 100 101 107 111 115 122 124 125 131 136 138 139 151 154 157 163 166 172 174 179 182 185 190 191 192 197 202 208
28 35 36 42 45 50 53 60 61 62 70 73 81 84 90 94 96 100 101 107 111 115 122 124 125 131 136 138 139 151 154 157 166 172 174 179 182 185 190 191 192 197 202 208
28 35 36 42 45 50 53 60 61 62 70 73 81 84 90 94 96 100 101 107 111 115 122 125 131 133 136 138 139 140 151 154 157 163 166 172 174 179 182 185 190 191 192 197 202 208
28 35 36 42 45 50 53 60 61 62 70 73 81 84 90 94 96 100 101 107 111 115 122 125 131 133 136 138 139 140 151 154 157 166 172 174 179 182 185 190 191 192 197 202 208
28 35 36 42 45 50 53 60 61 62 70 73 81 84 90 94 96 100 101 107 111 115 122 125 131 136 138 139 140 151 154 157 163 166 172 174 179 182 185 190 191 192 197 202 208
28 35 36 42 45 50 53 60 61 62 70 73 81 84 90 94 96 100 101 107 111 115 122 125 131 136 138 139 140 151 154 157 166 169 172 174 179 182 185 190 191 192 197 202 208
28 35 36 42 45 50 53 60 61 62 70 73 81 84 90 94 96 100 101 107 111 115 122 125 131 136 138 139 140 151 154 157 166 172 174 179 182 185 190 191 192 197 202 208
28 35 36 42 45 50 53 60 61 62 70 73 81 84 90 94 96 100 101 108 109 113 116 119 122 126 130 133 138 139 151 154 158 164 166 170 172 175 181 187 191 192 197 202 208 210
28 35 36 42 45 50 53 60 61 65 66 70 72 74 81 84 85 94 95 105 107 110 112 119 122 124 130 135 138 139 154 157 158 166 169 172 174 180 181 189 190 191 192 198 201 207
28 35 36 42 45 50 53 60 61 65 66 70 72 81 84 85 91 94 95 100 101 107 110 112 119 122 124 133 138 139 151 154 157 158 168 169 172 174 185 191 192 198 201 207 210
28 35 36 42 45 50 53 60 61 65 66 70 72 81 84 85 91 94 95 100 101 107 110 112 119 122 124 133 138 139 151 154 157 158 168 169 172 174 191 192 198 201 207 210
28 35 36 42 45 50 53 60 61 65 66 70 72 82 83 85 94 97 98 105 108 109 118 122 124 130 138 139 151 153 154 157 161 164 170 172 174 180 181 187 191 192 195 204 210
28 35 36 42 45 50 53 60 61 65 66 70 72 82 83 85 94 97 99 104 108 109 115 122 126 127 134 138 139 152 153 154 157 161 164 169 172 174 176 185 186 191 192 199 200 210
28 35 36 42 45 50 53 60 61 65 66 70 72 82 83 85 94 97 99 104 108 109 115 122 126 127 134 138 140 149 154 157 161 164 169 172 174 176 185 186 191 192 199 200 208 210
28 35 36 42 45 50 53 60 61 65 66 70 72 82 83 85 94 97 104 108 109 115 122 126 127 134 138 139 152 153 154 157 161 164 169 172 174 176 185 186 191 192 199 200 210
28 35 36 42 45 50 53 60 61 65 66 70 72 82 83 85 94 97 104 108 109 115 122 126 127 134 138 140 149 154 157 161 164 169 172 174 176 185 186 191 192 199 200 208 210
28 35 36 42 45 50 53 60 61 65 66 70 72 82 83 85 94 97 107 111 112 119 120 122 124 128 131 133 138 139 146 153 154 157 162 163 172 174 176 185 189 191 192 206 209
28 35 36 42 45 50 53 60 61 65 66 70 73 81 84 94 95 100 101 107 110 112 118 122 124 138 139 144 147 150 153 154 157 159 166 167 172 174 176 186 187 191 192 199 209
28 35 36 42 45 50 53 60 61 65 66 70 73 81 84 94 95 100 101 107 110 112 118 122 124 138 139 144 147 150 153 154 157 159 166 167 172 174 176 186 187 191 192 209
28 35 36 42 45 50 53 60 61 66 70 72 73 78 82 83 87 88 94 96 98 108 109 119 122 124 138 139 147 152 154 157 161 164 170 172 174 177 181 186 190 191 192 197 203 208
28 35 36 42 45 50 53 60 61 66 70 72 76 82 83 85 91 94 97 98 103 108 109 120 122 124 132 138 139 145 146 153 154 157 161 164 169 172 174 176 185 189 191 192 196 209
28 35 36 42 45 50 53 60 61 66 70 72 76 82 83 85 91 94 97 98 103 108 109 120 122 124 132 138 139 145 146 153 154 157 161 164 169 172 174 176 185 189 191 192 209
28 35 36 42 45 50 53 60 61 66 70 72 76 82 83 85 91 94 97 98 103 108 109 120 122 124 138 139 145 146 153 154 157 161 164 169 172 174 176 185 189 191 192 196 209
28 35 36 42 45 50 53 60 61 66 70 72 76 82 83 85 91 94 97 98 103 108 109 120 122 124 138 139 145 146 153 154 157 161 164 169 172 174 176 185 189 191 192 209
28 35 36 42 45 50 53 60 61 66 70 73 81 84 85 90 91 94 95 99 107 110 114 115 122 124 133 136 138 139 150 154 157 159 163 172 174 176 186 187 191 192 198 201 208 209
28 35 36 42 45 50 53 60 61 66 70 73 81 84 85 90 91 94 96 100 101 108 109 122 124 126 130 136 138 139 150 154 157 158 166 168 172 174 179 182 187 191 192 208 209
28 35 36 42 45 50 53 60 61 66 70 73 81 84 85 90 91 94 96 100 101 108 109 122 124 126 130 136 138 139 154 157 158 166 168 172 174 179 182 187 191 192 208 209
28 35 36 42 45 50 53 60 61 66 70 73 81 84 85 90 91 94 96 100 101 108 109 122 125 127 138 140 142 146 152 153 154 157 158 166 168 172 174 179 182 187 191 192 209
28 35 36 42 45 50 53 60 61 66 70 73 81 84 85 90 91 94 96 100 101 108 109 122 125 127 138 140 142 146 152 153 154 157 158 166 168 172 174 179 182 187 191 192 210
28 35 36 42 45 50 53 60 61 66 70 73 81 84 85 90 91 94 96 100 101 108 109 122 125 127 138 140 142 146 152 154 157 158 166 168 172 174 179 182 187 191 192 207 210
28 35 36 42 45 50 53 60 61 66 70 73 81 84 85 90 94 95 96 104 107 110 120 122 124 126 130 138 139 144 147 153 154 157 164 172 174 180 181 186 191 192 197 204 206 209
28 35 36 42 45 50 53 60 61 66 70 73 81 84 85 90 94 95 96 104 107 110 120 122 124 126 130 138 139 144 147 153 154 157 172 174 180 181 186 191 192 197 204 206 209
28 35 36 42 45 50 53 60 61 66 70 73 81 84 85 90 94 95 96 107 110 120 122 124 126 130 133 138 139 144 147 153 154 157 164 172 174 180 181 186 191 192 197 204 206 209
28 35 36 42 45 50 53 60 61 66 70 73 81 84 85 90 94 95 96 107 110 120 122 124 126 130 133 138 139 144 147 153 154 157 172 174 180 181 186 191 192 197 204 206 209
28 35 36 42 45 50 53 60 61 66 70 73 81 84 85 90 94 96 100 101 107 110 112 118 122 124 128 138 139 150 153 154 157 158 168 170 172 174 179 182 191 192 196 200 206 210
28 35 36 42 45 50 53 60 61 66 70 73 81 84 85 90 94 96 100 101 107 110 112 118 122 124 138 139 150 153 154 157 158 168 170 172 174 179 182 191 192 196 200 206 210
28 35 36 42 45 50 53 60 61 66 70 73 81 84 85 90 94 96 100 101 107 110 120 122 124 126 130 133 138 139 153 154 157 172 174 179 182 189 190 191 192 197 204 206
28 35 36 42 45 50 53 60 61 66 70 73 81 84 85 90 94 96 100 101 107 110 120 122 124 126 130 133 138 139 153 154 157 172 174 179 182 189 191 192 197 204 206 209
28 35 36 42 45 50 53 60 61 66 70 73 81 84 85 90 94 96 100 101 107 110 120 122 124 126 130 138 139 153 154 157 166 172 174 179 182 189 190 191 192 197 204 206
28 35 36 42 45 50 53 60 61 66 70 73 81 84 85 90 94 96 100 101 107 110 120 122 124 136 138 139 144 147 154 158 160 166 172 174 175 185 188 191 192 196 200 208 209
28 35 36 42 45 50 53 60 61 66 70 73 81 84 85 90 94 96 100 101 108 109 118 122 125 127 133 138 139 150 154 157 158 168 172 174 179 182 187 191 192 196 200 207 210
28 35 36 42 45 50 53 60 61 66 70 73 81 84 85 90 94 96 100 101 108 109 118 122 125 127 133 138 140 144 154 157 158 168 171 172 174 179 182 187 191 192 196 200 207 210
28 35 36 42 45 50 53 60 61 66 70 73 81 84 85 90 94 96 100 101 108 109 118 122 125 127 133 138 140 150 154 157 158 168 171 172 174 179 182 187 191 192 196 200 207 210
28 35 36 42 45 50 53 60 61 66 70 73 81 84 85 90 94 96 100 101 108 109 118 122 125 127 133 138 140 154 157 158 168 171 172 174 179 182 187 191 192 196 200 207 210
28 35 36 42 45 50 53 60 61 66 70 73 81 84 88 91 94 95 96 107 111 112 117 122 125 129 130 135 138 139 150 154 157 166 172 174 178 186 187 191 192 198 201 208 209
28 35 36 42 45 50 53 60 61 66 70 73 81 84 88 94 95 96 107 111 112 117 122 125 129 130 135 138 139 150 154 157 159 166 172 174 178 186 187 191 192 198 201 208 209
28 35 36 42 45 50 53 60 61 66 70 73 81 84 88 94 95 96 107 111 112 117 122 125 129 130 135 138 139 150 154 157 163 166 172 174 178 186 187 191 192 198 201 208 209
28 35 36 42 45 50 53 60 61 66 70 73 81 84 88 94 95 96 107 111 112 117 122 125 129 130 135 138 139 150 154 157 166 172 174 178 186 187 191 192 198 201 208 209
28 35 36 42 45 50 53 60 61 66 70 73 81 84 88 94 95 107 110 122 124 126 132 133 138 139 144 147 151 154 157 158 162 163 168 172 174 178 184 185 191 192 206 210
28 35 36 42 45 50 53 60 61 66 70 73 81 84 88 94 96 98 104 105 107 111 112 117 122 124 129 130 138 139 152 154 157 159 166 172 174 179 182 189 190 191 192 195 205 207
28 35 36 42 45 50 53 60 61 66 70 73 81 84 88 94 96 98 104 105 107 111 112 117 122 124 129 130 138 139 152 154 157 166 172 174 179 182 189 190 191 192 195 205 207
28 35 36 42 45 50 53 60 61 66 70 73 81 84 88 94 96 98 105 107 110 114 115 122 124 126 132 138 139 152 154 157 163 166 172 174 179 182 189 190 191 192 197 205 207
28 35 36 42 45 50 53 60 61 66 70 73 81 84 88 94 96 98 105 107 110 114 115 122 124 126 132 138 139 152 154 157 166 172 174 179 182 189 190 191 192 197 205 207
28 35 36 42 45 50 53 60 61 66 70 73 81 84 88 94 96 98 105 107 111 112 117 118 122 124 125 135 138 139 152 154 157 166 172 174 179 182 189 190 191 192 199 200 207
28 35 36 42 45 50 53 60 61 66 70 73 81 84 88 94 96 98 105 107 111 112 117 118 122 124 129 130 138 139 152 154 157 166 172 174 179 182 189 190 191 192 195 205 207
28 35 36 42 45 50 53 60 61 66 70 73 81 84 88 94 96 98 105 107 111 112 117 122 124 125 135 138 139 152 154 157 159 166 172 174 179 182 189 190 191 192 199 200 207
28 35 36 42 45 50 53 60 61 66 70 73 81 84 88 94 96 98 105 107 111 112 117 122 124 125 135 138 139 152 154 157 166 172 174 179 182 189 190 191 192 199 200 207
28 35 36 42 45 50 53 60 61 66 70 73 81 84 88 94 96 98 105 107 111 112 117 122 124 129 130 138 139 152 154 157 159 166 172 174 179 182 189 190 191 192 195 205 207
28 35 36 42 45 50 53 60 61 66 70 73 81 84 88 94 96 98 105 107 111 112 117 122 124 129 130 138 139 152 154 157 166 172 174 179 182 189 190 191 192 195 205 207
28 35 36 42 45 50 53 60 61 66 70 73 82 83 87 88 94 96 98 104 108 109 119 122 124 128 138 139 142 146 151 153 154 157 159 165 166 172 174 179 182 187 191 192 199 209
28 35 36 42 45 50 53 60 61 66 70 73 82 83 87 88 94 96 98 104 108 109 119 122 124 128 138 139 142 146 151 153 154 157 159 165 166 172 174 179 182 187 191 192 210
28 35 36 42 45 50 53 60 61 66 70 73 82 83 87 88 94 96 98 104 108 109 119 122 124 131 138 139 142 146 151 153 154 157 159 165 166 172 174 179 182 187 191 192 199 209
28 35 36 42 45 50 53 60 61 66 70 73 82 83 87 88 94 96 98 104 108 109 119 122 124 131 138 139 142 146 151 153 154 157 159 165 166 172 174 179 182 187 191 192 210
28 35 36 42 45 50 53 60 61 66 70 73 82 83 87 88 94 96 98 104 108 109 119 122 124 138 139 142 146 151 153 154 157 159 165 166 172 174 179 182 187 191 192 199 209
28 35 36 42 45 50 53 60 61 66 70 73 82 83 87 88 94 96 98 104 108 109 119 122 124 138 139 142 146 151 153 154 157 159 165 166 172 174 179 182 187 191 192 210
28 35 36 42 45 50 53 60 61 66 70 73 82 83 87 88 94 96 105 107 110 112 118 122 124 134 138 139 142 146 152 154 157 159 165 166 172 174 186 190 191 192 198 201 207
28 35 36 42 45 50 53 60 61 66 70 73 82 83 87 88 94 96 105 107 110 112 118 122 124 134 138 139 142 146 152 154 157 159 165 166 172 174 186 191 192 198 201 207 210
28 35 36 42 45 50 53 60 61 66 70 73 82 83 87 88 94 96 105 108 109 113 116 122 125 127 133 138 139 142 146 152 153 154 157 159 165 166 172 174 178 186 191 192 198 209
28 35 36 42 45 50 53 60 61 66 70 73 82 83 87 88 94 96 107 110 112 118 122 124 134 138 139 142 146 152 154 157 159 165 166 172 174 180 186 190 191 192 198 201 207
28 35 36 42 45 50 53 60 61 66 70 73 82 83 87 88 94 96 107 110 112 118 122 124 134 138 139 142 146 152 154 157 159 165 166 172 174 186 190 191 192 198 201 207
28 35 36 42 45 50 53 60 61 66 70 73 82 83 87 88 94 96 107 110 112 118 122 124 134 138 139 142 146 152 154 157 159 165 166 172 174 186 191 192 198 201 207 210
28 35 36 42 45 50 53 60 61 66 70 73 82 83 87 88 94 97 101 108 109 113 116 120 122 125 135 138 139 143 149 154 157 159 165 166 172 174 176 185 189 191 192 198 207 209
28 35 36 42 45 50 53 60 61 66 70 73 82 83 87 88 94 97 101 108 109 113 116 120 122 125 135 138 139 143 149 154 157 159 165 166 172 174 176 185 189 191 192 199 207 209
28 35 36 42 45 50 53 60 61 66 70 73 82 83 87 88 94 97 101 108 109 113 116 120 122 125 135 138 139 143 149 154 157 159 165 166 172 174 176 185 189 191 192 207 209
28 35 36 42 45 50 53 60 61 66 70 73 82 83 87 88 94 97 101 108 109 113 116 120 122 125 138 139 143 149 154 157 159 165 166 172 174 176 185 189 191 192 198 207 209
28 35 36 42 45 50 53 60 61 66 70 73 82 83 87 88 94 97 101 108 109 113 116 120 122 125 138 139 143 149 154 157 159 165 166 172 174 176 185 189 191 192 199 207 209
28 35 36 42 45 50 53 60 61 66 70 73 82 83 87 88 94 97 101 108 109 113 116 120 122 125 138 139 143 149 154 157 159 165 166 172 174 176 185 189 191 192 207 209
28 35 36 42 45 50 53 60 61 66 70 73 82 83 87 88 94 97 101 108 109 117 118 122 126 127 132 138 139 141 154 158 160 166 171 172 174 179 182 186 191 192 194 204 207 210
28 35 36 42 45 50 53 60 61 66 70 73 82 83 87 88 94 97 101 108 109 118 122 126 127 132 138 139 141 154 158 160 166 171 172 174 179 182 186 191 192 194 204 207 210
28 35 36 42 45 50 53 60 61 66 70 73 82 83 87 88 94 97 101 108 109 119 122 125 138 139 143 149 151 154 157 159 165 166 172 174 179 182 187 191 192 200 207 210
28 35 36 42 45 50 53 60 61 66 70 73 82 83 87 88 94 97 101 108 110 112 118 120 122 125 136 138 139 140 150 154 157 159 165 166 172 174 179 182 189 191 192 199 207 209
28 35 36 42 45 50 53 60 61 66 70 73 82 83 87 88 94 97 101 108 110 112 118 120 122 125 136 138 139 140 150 154 157 159 165 166 172 174 179 182 189 191 192 207 209
28 35 36 42 45 50 53 60 61 66 70 73 82 83 87 88 94 97 101 108 110 112 118 120 122 125 138 139 140 150 154 157 159 165 166 172 174 179 182 189 191 192 199 207 209
28 35 36 42 45 50 53 60 61 66 70 73 82 83 87 88 94 97 101 108 110 112 118 120 122 125 138 139 140 150 154 157 159 165 166 172 174 179 182 189 191 192 207 209
28 35 36 42 45 50 53 60 61 66 70 73 82 83 87 88 94 97 101 108 110 112 118 120 122 126 127 138 139 140 150 153 154 157 159 165 166 172 174 179 182 189 191 192 199 209
28 35 36 42 45 50 53 60 61 66 70 73 82 83 87 88 94 97 101 108 110 112 118 120 122 126 127 138 139 140 150 153 154 157 159 165 166 172 174 179 182 189 191 192 209
28 35 36 42 45 50 53 60 61 66 70 73 82 84 88 94 97 98 103 104 108 110 114 115 122 125 127 138 139 140 150 153 154 157 158 166 169 172 174 179 182 189 191 192 196 209
28 35 36 42 45 50 53 60 61 66 70 73 82 84 88 94 97 98 103 104 108 110 114 115 122 125 127 138 139 140 150 153 154 157 158 166 169 172 174 179 182 189 191 192 209
28 35 36 42 45 50 53 60 61 66 70 73 82 84 88 94 97 98 103 104 108 110 114 115 122 125 138 139 140 150 153 154 157 158 166 169 172 174 179 182 189 191 192 196 209
28 35 36 42 45 50 53 60 61 66 70 73 82 84 88 94 97 98 103 104 108 110 114 115 122 125 138 139 140 150 153 154 157 158 166 169 172 174 179 182 189 191 192 209
28 35 36 42 45 50 54 55 59 61 65 69 72 74 81 82 83 90 93 96 102 107 109 113 118 122 123 127 135 137 141 142 149 154 157 160 170 171 172 174 180 185 191 192 206 210
28 35 36 42 45 50 54 55 59 61 69 72 74 78 81 82 83 89 93 96 107 109 113 122 123 129 135 137 141 144 149 151 154 157 162 165 170 172 174 178 185 191 192 196 200 206 210
28 35 36 42 45 50 54 55 59 61 69 72 74 81 82 90 93 97 98 107 109 110 116 120 122 123 133 137 141 142 148 154 157 161 166 169 172 174 178 185 186 191 192 199 207 208
28 35 36 42 45 50 54 55 59 61 69 72 74 81 83 85 94 95 102 104 107 111 112 117 119 122 124 125 137 141 142 149 153 154 157 161 165 172 174 181 185 190 191 192 201 205 206
28 35 36 42 45 50 54 55 59 61 69 72 76 81 82 86 90 93 97 98 103 107 109 114 122 123 125 133 136 137 141 147 154 157 169 172 174 178 186 190 191 192 198 204 208
28 35 36 42 45 50 54 55 59 61 69 72 78 81 82 86 93 97 99 105 107 109 114 117 122 123 125 131 133 137 141 142 151 154 157 163 167 172 174 180 187 189 191 192 197 207 209
28 35 36 42 45 50 54 55 59 61 69 72 81 82 83 89 93 97 99 104 107 109 117 122 123 127 134 137 142 143 148 153 154 157 161 167 168 172 174 180 184 191 192 195 206 210
28 35 36 42 45 50 54 55 59 61 70 71 74 81 84 86 91 94 96 98 107 110 118 122 123 130 135 137 141 142 148 151 154 157 163 166 170 172 174 182 185 191 192 197 206 210
28 35 36 42 45 50 54 55 59 63 69 72 78 81 83 86 93 97 99 105 107 109 110 122 123 127 133 136 137 141 147 148 149 154 157 159 163 169 172 174 185 190 191 192 205 208
28 35 36 42 45 50 54 55 59 63 69 72 81 82 91 93 97 98 107 109 117 122 123 125 131 135 137 141 142 149 154 157 160 167 168 172 174 179 183 188 191 192 199 206 208
28 35 36 42 45 50 54 55 59 63 70 71 72 81 84 86 90 94 95 100 104 107 111 112 118 122 124 138 139 141 147 150 153 154 157 163 170 172 174 178 187 190 191 192 199 205
28 35 36 42 45 50 54 55 59 63 70 71 72 81 84 91 94 95 102 103 107 111 115 122 125 131 138 139 143 151 152 154 158 160 166 171 172 174 185 191 192 198 202 207 210
28 35 36 42 45 50 54 55 59 63 70 72 73 81 84 94 96 99 103 107 111 115 122 125 131 138 139 143 149 153 154 158 159 166 168 172 174 182 185 191 192 194 202 206 210
28 35 36 42 45 50 54 55 59 63 70 72 76 78 81 85 91 94 96 99 103 107 110 118 119 122 124 127 138 139 142 151 153 154 157 158 164 170 172 174 185 190 191 192 198 206
28 35 36 42 45 50 54 55 59 63 70 72 76 78 81 85 91 94 96 99 103 107 110 118 119 122 124 127 138 139 142 151 153 154 157 158 164 170 172 174 185 190 191 192 199 206
28 35 36 42 45 50 54 55 59 63 70 72 76 78 81 85 91 94 96 99 103 107 110 118 119 122 124 127 138 139 142 151 153 154 157 158 164 170 172 174 185 190 191 192 206
28 35 36 42 45 50 54 55 59 63 70 72 76 78 81 85 94 96 99 103 108 109 119 122 126 127 134 138 140 141 147 152 154 158 159 168 170 172 174 181 191 192 198 208 210
28 35 36 42 45 50 54 55 59 63 70 72 76 78 81 85 94 96 99 103 108 109 119 122 126 127 134 138 140 141 147 152 154 158 159 168 170 172 174 184 191 192 198 208 210
28 35 36 42 45 50 54 55 59 63 70 72 76 78 81 85 94 96 99 103 108 109 119 122 126 127 134 138 140 141 147 152 154 158 159 168 170 172 174 191 192 198 208 210
28 35 36 42 45 50 54 55 59 63 70 72 76 78 82 83 85 94 97 98 105 107 110 119 122 123 128 132 136 137 141 147 148 154 157 167 172 174 181 188 190 191 192 196 205 208
28 35 36 42 45 50 54 55 59 63 70 72 76 82 83 89 90 94 98 108 111 113 117 122 126 138 141 143 151 154 158 159 169 171 172 174 175 184 186 191 192 201 207 210
28 35 36 42 45 50 54 55 59 63 70 72 78 81 84 88 94 96 108 109 112 119 122 125 126 127 133 135 138 140 145 154 157 158 164 169 172 174 179 183 186 191 192 208 210
28 35 36 42 45 50 54 55 59 63 70 72 78 81 84 88 94 96 108 109 112 119 122 125 126 127 133 135 138 140 146 154 157 158 164 169 172 174 179 183 186 191 192 208 210
28 35 36 42 45 50 54 55 59 63 70 72 78 81 84 88 94 96 108 109 112 119 122 125 126 127 133 135 138 140 154 157 158 164 169 172 174 179 183 186 191 192 200 208 210
28 35 36 42 45 50 54 55 59 63 70 72 78 81 84 88 94 96 108 109 112 119 122 125 126 127 133 135 138 140 154 157 158 164 169 172 174 179 183 186 191 192 208 210
28 35 36 42 45 50 54 55 59 63 70 72 78 81 84 88 94 96 108 109 112 119 122 125 126 133 135 138 140 154 157 158 164 169 172 174 179 183 186 191 192 200 208 210
28 35 36 42 45 50 54 55 59 63 70 72 78 81 85 94 95 96 102 105 107 111 115 122 125 138 139 144 148 153 154 158 159 160 166 170 172 174 190 191 192 194 205 206
28 35 36 42 45 50 54 55 59 63 70 72 78 81 85 94 95 96 102 107 111 115 122 125 138 139 144 148 153 154 158 159 166 170 172 174 185 190 191 192 194 197 205 206
28 35 36 42 45 50 54 55 59 63 70 72 78 81 85 94 96 97 104 107 111 115 122 125 135 138 140 143 150 152 154 157 158 164 171 172 174 181 185 191 192 198 202 207 210
28 35 36 42 45 50 54 55 59 63 70 72 78 81 85 94 96 97 104 107 111 115 122 125 135 138 140 143 152 154 157 158 164 171 172 174 181 185 191 192 198 202 207 210
28 35 36 42 45 50 54 55 59 63 70 72 78 81 85 94 96 99 103 108 109 119 122 125 126 127 133 134 138 139 145 154 157 158 164 169 172 174 177 181 186 191 192 208 209
28 35 36 42 45 50 54 55 59 63 70 72 78 81 85 94 96 99 103 108 109 119 122 125 126 127 133 134 138 139 154 157 158 164 169 172 174 177 181 186 191 192 198 208 209
28 35 36 42 45 50 54 55 59 63 70 72 78 81 85 94 96 99 103 108 109 119 122 125 126 127 133 134 138 139 154 157 158 164 169 172 174 177 181 186 191 192 208 209
28 35 36 42 45 50 54 55 59 63 70 72 78 82 83 89 94 99 103 108 111 115 122 127 138 139 141 151 153 154 158 159 166 171 172 174 175 178 185 187 191 192 210
28 35 36 42 45 50 54 55 60 61 63 70 72 76 82 83 85 91 94 96 102 108 109 120 122 124 129 138 139 142 148 153 154 157 161 165 169 172 174 178 185 189 191 192 200 209
28 35 36 42 45 50 54 55 60 61 63 70 72 76 82 83 85 91 94 96 102 108 109 120 122 124 129 138 139 142 148 153 154 157 161 165 169 172 174 178 185 189 191 192 201 209
28 35 36 42 45 50 54 55 60 61 63 70 72 76 82 83 85 91 94 96 102 108 109 120 122 124 129 138 139 142 148 153 154 157 161 165 169 172 174 178 185 189 191 192 209
28 35 36 42 45 50 54 55 60 61 63 70 72 76 82 83 85 91 94 96 102 108 109 120 122 124 131 138 139 142 148 153 154 157 161 165 169 172 174 178 185 189 191 192 200 209
28 35 36 42 45 50 54 55 60 61 63 70 72 76 82 83 85 91 94 96 102 108 109 120 122 124 131 138 139 142 148 153 154 157 161 165 169 172 174 178 185 189 191 192 209
28 35 36 42 45 50 54 55 60 61 63 70 72 76 82 83 85 91 94 96 102 108 109 120 122 124 138 139 142 148 153 154 157 161 165 169 172 174 178 185 189 191 192 200 209
28 35 36 42 45 50 54 55 60 61 63 70 72 76 82 83 85 91 94 96 102 108 109 120 122 124 138 139 142 148 153 154 157 161 165 169 172 174 178 185 189 191 192 201 209
28 35 36 42 45 50 54 55 60 61 63 70 72 76 82 83 85 91 94 96 102 108 109 120 122 124 138 139 142 148 153 154 157 161 165 169 172 174 178 185 189 191 192 209
28 35 36 42 45 50 54 55 60 61 63 70 72 78 81 83 89 94 95 99 107 110 112 122 124 131 138 139 142 146 151 152 154 157 160 166 169 172 174 185 191 192 198 202 207 210
28 35 36 42 45 50 54 55 60 61 63 70 72 78 81 83 89 94 95 99 107 110 112 122 124 138 139 142 146 151 152 154 157 160 166 169 172 174 185 191 192 198 202 207 210
28 35 36 42 45 50 54 55 60 61 63 70 72 78 81 84 85 94 95 96 102 107 110 117 122 124 127 135 138 139 150 152 154 158 160 167 172 175 184 190 191 192 196 200 207
28 35 36 42 45 50 54 55 60 61 63 70 72 78 82 83 85 94 97 98 105 108 110 117 122 124 130 134 138 139 145 152 154 157 162 166 171 172 174 182 186 191 192 198 202 207 210
28 35 36 42 45 50 54 55 60 61 63 70 72 78 82 83 85 94 97 101 107 111 112 119 122 125 132 138 139 147 152 154 158 164 172 175 181 185 191 193 198 202 208 210
28 35 36 42 45 50 54 55 60 61 63 70 72 78 82 83 89 94 96 98 108 109 119 122 124 128 138 139 142 146 151 153 154 157 160 166 168 172 174 179 183 187 191 192 201 209
28 35 36 42 45 50 54 55 60 61 63 70 72 78 82 83 89 94 96 98 108 109 119 122 124 128 138 139 142 146 151 153 154 157 160 166 168 172 174 179 183 187 191 192 201 210
28 35 36 42 45 50 54 55 60 61 63 70 72 78 82 83 89 94 96 98 108 109 119 122 124 128 138 139 142 146 151 153 154 157 160 166 168 172 174 179 183 187 191 192 209
28 35 36 42 45 50 54 55 60 61 63 70 72 78 82 83 89 94 96 98 108 109 119 122 124 128 138 139 142 146 151 153 154 157 160 166 168 172 174 179 183 187 191 192 210
28 35 36 42 45 50 54 55 60 61 63 70 72 78 82 83 89 94 96 98 108 109 119 122 124 129 138 139 142 146 151 154 157 160 166 168 172 174 179 183 187 191 192 207 210
28 35 36 42 45 50 54 55 60 61 63 70 72 78 82 83 89 94 96 98 108 109 119 122 124 138 139 142 146 151 153 154 157 160 166 168 172 174 179 183 187 191 192 201 210
28 35 36 42 45 50 54 55 60 61 63 70 72 78 82 83 89 94 96 103 107 110 112 122 124 134 138 139 142 146 152 154 157 160 166 169 172 174 186 190 191 192 198 202 207
28 35 36 42 45 50 54 55 60 61 63 70 72 78 82 83 89 94 97 101 108 110 112 120 122 125 132 138 139 140 150 154 157 160 166 169 172 174 179 183 189 191 192 200 207 209
28 35 36 42 45 50 54 55 60 61 63 70 72 78 82 83 89 94 97 101 108 110 112 120 122 125 132 138 139 140 150 154 157 160 166 169 172 174 179 183 189 191 192 207 209
28 35 36 42 45 50 54 55 60 61 63 70 72 78 82 83 89 94 97 101 108 110 112 120 122 126 127 138 139 140 150 153 154 157 160 166 169 172 174 179 183 189 191 192 200 209
28 35 36 42 45 50 54 55 60 61 63 70 72 78 82 83 89 94 97 101 108 110 112 120 122 126 127 138 139 140 150 153 154 157 160 166 169 172 174 179 183 189 191 192 201 209
28 35 36 42 45 50 54 55 60 61 63 70 72 78 82 83 89 94 97 101 108 110 112 120 122 126 127 138 139 140 150 153 154 157 160 166 169 172 174 179 183 189 191 192 209
28 35 36 42 45 50 54 55 60 61 63 70 72 81 83 90 94 95 98 104 105 107 110 116 122 124 128 132 138 139 153 154 157 158 172 174 177 181 189 190 191 192 197 205 206
28 35 36 42 45 50 54 55 60 61 63 70 72 81 83 90 94 95 98 104 105 107 110 116 122 124 128 132 138 139 153 154 157 172 174 177 181 189 190 191 192 197 205 206
28 35 36 42 45 50 54 55 60 61 63 70 72 81 84 85 94 95 99 103 107 110 117 122 124 127 134 136 138 139 151 154 157 166 172 174 176 182 185 190 191 192 196 200 208
28 35 36 42 45 50 54 55 60 61 63 70 72 81 84 88 94 95 96 103 107 111 112 118 122 125 131 136 138 139 150 154 157 164 166 172 174 178 186 187 191 192 198 202 208 209
28 35 36 42 45 50 54 55 60 61 63 70 72 81 84 88 94 95 96 103 107 111 112 118 122 125 131 136 138 139 150 154 157 166 172 174 178 186 187 191 192 198 202 208 209
28 35 36 42 45 50 54 55 60 61 63 70 72 81 84 88 94 95 96 103 107 111 112 122 125 131 136 138 139 150 154 157 164 166 172 174 178 186 187 191 192 198 202 208 209
28 35 36 42 45 50 54 55 60 61 63 70 72 81 84 88 94 95 96 103 107 111 112 122 125 131 136 138 139 150 154 157 166 172 174 178 186 187 191 192 198 202 208 209
28 35 36 42 45 50 54 55 60 61 63 70 72 81 84 88 94 96 103 107 110 116 122 124 127 136 138 139 150 154 157 164 166 172 174 178 186 188 191 192 198 202 208 209
28 35 36 42 45 50 54 55 60 61 63 70 72 81 84 88 94 96 103 107 111 112 122 124 125 131 136 138 139 150 154 157 166 172 174 178 186 187 190 191 192 198 202 208
28 35 36 42 45 50 54 55 60 61 63 70 72 81 84 88 94 96 103 107 111 112 122 124 125 131 136 138 139 150 154 157 166 172 174 178 186 187 191 192 198 202 208 209
28 35 36 42 45 50 54 55 60 61 63 70 72 81 84 88 94 96 103 107 111 112 122 125 131 136 138 139 140 150 154 157 164 166 172 174 178 186 187 190 191 192 198 202 208
28 35 36 42 45 50 54 55 60 61 63 70 72 81 84 88 94 96 103 107 111 112 122 125 131 136 138 139 140 150 154 157 166 172 174 178 186 187 190 191 192 198 202 208
28 35 36 42 45 50 54 55 60 61 63 70 72 81 84 90 94 95 96 102 104 107 110 122 123 127 134 137 141 148 154 157 160 170 171 172 174 179 186 191 192 196 200 206 210
28 35 36 42 45 50 54 55 60 61 63 70 72 81 84 90 94 95 96 102 107 110 122 123 127 134 136 137 141 148 154 157 160 166 170 171 172 174 179 186 191 192 196 200 210
28 35 36 42 45 50 54 55 60 61 63 70 72 81 84 90 94 95 96 102 107 110 122 123 127 134 137 141 148 154 157 160 166 170 171 172 174 179 186 191 192 196 200 206 210
28 35 36 42 45 50 54 55 60 61 63 70 72 81 84 90 94 96 98 108 109 115 120 122 126 127 133 135 138 141 148 154 158 168 172 175 179 183 187 191 192 201 207 210
28 35 36 42 45 50 54 55 60 61 63 70 72 81 84 90 94 96 102 104 107 110 117 122 124 127 133 136 138 139 144 151 154 157 158 172 174 178 185 188 191 192 196 200 208 209
28 35 36 42 45 50 54 55 60 61 63 70 72 81 84 90 94 96 102 107 110 117 122 124 127 133 136 138 139 144 151 154 157 158 172 174 178 185 188 191 192 196 200 208 209
28 35 36 42 45 50 54 55 60 61 63 70 72 81 84 90 94 96 102 107 111 115 122 125 127 136 138 139 140 149 151 154 157 163 172 174 178 185 188 190 191 192 198 202 208
28 35 36 42 45 50 54 55 60 61 63 70 72 81 84 90 94 96 102 107 111 115 122 125 127 136 138 139 140 149 151 154 157 164 172 174 178 185 188 190 191 192 198 202 208
28 35 36 42 45 50 54 55 60 61 63 70 72 81 84 90 94 96 102 107 111 115 122 125 127 136 138 139 140 151 154 157 164 166 172 174 178 185 188 190 191 192 198 202 208
28 35 36 42 45 50 54 55 60 61 63 70 72 81 84 90 94 96 102 107 111 115 122 125 127 136 138 139 140 151 154 157 166 172 174 178 185 188 190 191 192 198 202 208
28 35 36 42 45 50 54 55 60 61 63 70 73 81 84 85 94 95 105 107 110 112 119 122 124 126 130 133 138 139 144 153 154 157 161 165 168 172 174 176 182 189 191 192 206 209
28 35 36 42 45 50 54 55 60 61 63 70 73 81 84 88 94 96 98 105 107 110 116 118 122 124 126 132 138 139 152 154 157 163 166 172 174 179 183 189 190 191 192 197 205 207
28 35 36 42 45 50 54 55 60 61 63 70 73 81 84 88 94 96 98 105 107 110 116 118 122 124 126 132 138 139 152 154 157 166 172 174 179 183 189 190 191 192 197 205 207
28 35 36 42 45 50 54 55 60 61 63 70 73 81 84 88 94 96 98 105 107 110 116 122 124 126 132 138 139 152 154 157 163 166 172 174 179 183 189 190 191 192 197 205 207
28 35 36 42 45 50 54 55 60 61 63 70 73 81 84 88 94 96 98 105 107 110 116 122 124 126 132 138 139 152 154 157 164 166 172 174 179 183 189 190 191 192 197 205 207
28 35 36 42 45 50 54 55 60 61 63 70 73 81 84 88 94 96 98 105 107 110 116 122 124 126 132 138 139 152 154 157 166 172 174 179 183 189 190 191 192 197 205 207
28 35 36 42 45 50 54 55 60 61 63 70 73 81 84 90 94 95 96 102 104 107 110 112 122 124 126 130 136 138 139 151 154 157 172 174 178 185 187 190 191 192 198 202 208
28 35 36 42 45 50 54 55 60 61 63 70 73 81 84 90 94 95 96 102 107 110 112 122 124 126 130 136 138 139 151 154 157 166 172 174 178 185 187 191 192 198 202 208 209
28 35 36 42 45 50 54 55 60 61 63 70 73 81 84 90 94 96 102 104 107 110 112 122 124 126 130 136 138 139 151 154 157 166 172 174 178 185 187 191 192 198 202 208 209
28 35 36 42 45 50 54 55 60 61 63 70 73 81 84 90 94 96 102 107 110 112 122 124 126 130 136 138 139 151 154 157 164 166 172 174 178 185 187 191 192 198 202 208 209
28 35 36 42 45 50 54 55 60 61 63 70 73 81 84 90 94 96 102 107 110 112 122 124 126 130 136 138 139 151 154 157 166 172 174 178 185 187 191 192 198 202 208 209
28 35 36 42 45 50 54 55 60 61 63 70 73 81 84 90 94 96 102 107 111 115 122 125 127 136 138 139 140 149 151 154 157 163 172 174 178 185 188 190 191 192 198 202 208
28 35 36 42 45 50 54 55 60 61 63 70 73 81 84 90 94 96 102 107 111 115 122 125 127 136 138 139 140 149 151 154 157 164 172 174 178 185 188 190 191 192 198 202 208
28 35 36 42 45 50 54 55 60 61 63 70 73 81 84 90 94 96 102 107 111 115 122 125 127 136 138 139 140 149 151 154 157 172 174 178 185 188 190 191 192 198 202 208
28 35 36 42 45 50 54 55 60 61 63 70 73 81 84 90 94 96 102 108 109 113 120 122 124 126 130 136 138 139 143 149 150 154 157 158 165 166 172 174 180 190 191 192 201 208
28 35 36 42 45 50 54 55 60 61 63 70 73 81 84 90 94 96 102 108 109 113 120 122 124 126 130 136 138 139 143 149 150 154 157 158 165 166 172 174 180 190 191 192 207
28 35 36 42 45 50 54 55 60 61 63 70 73 81 84 90 94 96 102 108 109 113 120 122 124 126 130 136 138 139 143 149 150 154 157 158 165 166 172 174 180 190 191 192 208
28 35 36 42 45 50 54 55 60 61 63 70 73 81 84 90 94 96 102 108 109 113 120 122 124 126 130 136 138 139 143 149 150 154 157 158 165 166 172 174 181 190 191 192 201 208
28 35 36 42 45 50 54 55 60 61 63 70 73 81 84 90 94 96 102 108 109 113 120 122 124 126 130 136 138 139 143 149 150 154 157 158 165 166 172 174 181 190 191 192 207
28 35 36 42 45 50 54 55 60 61 63 70 73 81 84 90 94 96 102 108 109 113 120 122 124 126 130 136 138 139 143 149 150 154 157 158 165 166 172 174 181 190 191 192 208
28 35 36 42 45 50 54 55 60 61 63 70 73 81 84 90 94 96 102 108 109 113 120 122 124 126 130 136 138 139 143 149 150 154 157 158 165 166 172 174 190 191 192 201 208
28 35 36 42 45 50 54 55 60 61 63 70 73 81 84 90 94 96 102 108 109 113 120 122 124 126 130 136 138 139 143 149 150 154 157 158 165 166 172 174 190 191 192 207
28 35 36 42 45 50 54 55 60 61 63 70 73 81 84 90 94 96 102 108 109 113 120 122 124 126 130 136 138 139 143 149 150 154 157 158 165 166 172 174 190 191 192 208
28 35 36 42 45 50 54 55 60 61 63 70 73 81 84 90 94 96 102 108 109 113 120 122 125 127 138 140 142 146 152 153 154 157 158 165 166 172 174 178 185 188 191 192 199 209
28 35 36 42 45 50 54 55 60 61 63 70 73 81 84 94 95 96 103 104 107 111 117 122 125 131 134 138 140 144 153 154 157 159 163 171 172 174 185 191 192 197 203 206 210
28 35 36 42 45 50 54 55 60 61 63 70 73 81 85 91 94 95 99 103 107 111 117 122 124 129 136 138 139 141 147 150 154 157 159 163 166 172 174 180 188 191 192 198 208 209
28 35 36 42 45 50 54 55 60 61 63 70 73 82 84 90 91 94 96 98 104 108 109 122 124 128 138 139 142 146 151 153 154 157 158 164 170 172 174 179 183 187 191 192 203 210
28 35 36 42 45 50 54 55 60 61 63 70 73 82 84 90 91 94 96 103 108 109 113 122 124 129 138 139 142 146 152 154 157 158 164 169 172 174 178 184 186 191 192 207 210
28 35 36 42 45 50 54 55 60 61 63 70 73 82 84 90 91 94 96 103 108 109 113 122 124 138 139 142 146 152 154 157 158 164 169 172 174 178 184 186 191 192 207 210
28 35 36 42 45 50 54 55 60 61 63 70 73 82 84 90 91 94 96 103 108 109 113 122 125 127 138 139 142 146 152 153 154 157 158 164 169 172 174 178 184 186 191 192 210
28 35 36 42 45 50 54 55 60 61 63 70 73 82 84 90 91 94 96 104 107 110 117 122 124 128 138 139 142 146 151 153 154 157 158 164 170 172 174 191 192 197 203 206 210
28 35 36 42 45 50 54 55 60 61 63 70 73 82 84 90 91 94 96 107 110 112 118 122 124 138 139 144 148 153 154 157 158 164 170 172 174 186 191 192 196 200 206 210
28 35 36 42 45 50 54 55 60 61 63 70 73 82 84 90 91 94 96 107 110 117 122 124 128 138 139 142 146 151 153 154 157 158 164 170 172 174 191 192 197 203 206 210
28 35 36 42 45 50 54 55 60 61 63 70 73 82 84 90 91 94 96 107 110 117 122 124 128 138 139 142 146 153 154 157 158 164 170 172 174 186 191 192 197 203 206 210
28 35 36 42 45 50 54 55 60 61 63 70 73 82 84 90 91 94 97 101 108 109 113 120 122 124 129 138 139 141 148 153 154 157 158 164 169 172 174 178 184 189 191 192 196 209
28 35 36 42 45 50 54 55 60 61 63 70 73 82 84 90 91 94 97 101 108 109 113 120 122 124 129 138 139 141 148 153 154 157 158 164 169 172 174 178 184 189 191 192 209
28 35 36 42 45 50 54 55 60 61 63 70 73 82 84 90 91 94 97 101 108 109 113 120 122 124 130 138 139 141 148 153 154 157 158 164 169 172 174 178 184 189 191 192 196 209
28 35 36 42 45 50 54 55 60 61 63 70 73 82 84 90 91 94 97 101 108 109 113 120 122 124 130 138 139 141 148 153 154 157 158 164 169 172 174 178 184 189 191 192 209
28 35 36 42 45 50 54 55 60 61 63 70 73 82 84 90 91 94 97 101 108 109 113 120 122 124 138 139 141 148 153 154 157 158 164 169 172 174 178 184 189 191 192 196 209
28 35 36 42 45 50 54 55 60 61 63 70 73 82 84 90 91 94 97 101 108 109 113 120 122 124 138 139 141 148 153 154 157 158 164 169 172 174 178 184 189 191 192 209
28 35 36 42 45 50 54 55 60 61 63 70 74 78 81 84 90 94 95 98 105 107 110 117 122 124 126 130 138 139 144 153 154 157 166 172 174 176 182 189 190 191 192 197 205 206
28 35 36 42 45 50 54 55 60 61 63 70 74 78 81 84 90 94 96 102 107 110 117 122 124 127 136 138 139 144 151 154 157 166 172 174 178 185 188 191 192 196 200 208 209
28 35 36 42 45 50 54 55 60 61 63 70 74 78 81 84 90 94 96 102 107 110 117 122 124 127 136 138 139 144 151 154 158 160 172 174 175 185 188 191 192 196 200 208 209
28 35 36 42 45 50 54 55 60 61 63 70 74 78 81 85 93 97 103 107 110 116 122 123 124 135 137 141 148 154 157 160 170 171 172 174 177 181 185 191 192 198 206 210
28 35 36 42 45 50 54 55 60 61 63 70 74 78 81 85 94 97 103 105 107 110 117 122 124 126 130 138 139 144 153 154 157 166 172 174 176 182 189 190 191 192 197 204 206
28 35 36 42 45 50 54 55 60 61 63 70 74 78 81 85 94 97 103 105 107 110 117 122 124 126 130 138 139 144 153 154 157 166 172 174 176 182 189 191 192 197 204 206 209
28 35 36 42 45 50 54 55 60 61 63 70 74 78 81 85 94 97 103 105 108 109 118 122 125 138 140 142 146 153 154 157 160 167 171 172 174 176 182 187 191 192 198 210
28 35 36 42 45 50 54 55 60 61 63 70 74 78 81 85 94 97 103 105 108 109 118 122 125 138 140 142 146 153 154 157 160 167 171 172 174 176 182 187 191 192 210
28 35 36 42 45 50 54 55 60 61 63 70 74 78 82 84 85 94 96 103 108 109 118 122 124 129 138 139 143 150 151 154 157 158 164 167 172 174 177 181 187 191 192 207 210
28 35 36 42 45 50 54 55 60 61 63 70 74 78 82 84 85 94 96 103 108 109 118 122 124 138 139 143 150 151 154 157 158 164 167 172 174 177 181 187 191 192 198 207 210
28 35 36 42 45 50 54 55 60 61 63 70 74 78 82 84 85 94 96 103 108 109 118 122 124 138 139 143 150 151 154 157 158 164 167 172 174 177 181 187 191 192 207 210
28 35 36 42 45 50 54 55 60 61 63 70 74 78 82 84 85 94 97 101 108 110 117 122 124 130 133 138 139 143 152 153 154 157 158 164 167 172 174 179 186 190 191 192 196 202
28 35 36 42 45 50 54 55 60 61 63 70 74 78 82 84 85 94 97 101 108 110 117 122 124 133 135 138 139 143 150 152 154 157 158 164 167 172 174 179 186 190 191 192 200 208
28 35 36 42 45 50 54 55 60 61 63 70 74 78 82 84 85 94 97 103 107 110 117 122 124 133 138 139 143 150 152 154 157 158 164 167 172 174 186 190 191 192 196 200 207
28 35 36 42 45 50 54 55 60 61 63 70 74 78 82 84 85 94 97 103 108 109 110 116 119 122 125 132 138 139 144 152 154 157 166 172 174 178 186 190 191 192 196 200 208
28 35 36 42 45 50 54 55 60 61 63 70 74 78 82 84 85 94 97 103 108 109 110 116 119 122 125 132 138 139 144 152 154 157 166 172 174 180 186 190 191 192 196 200 208
28 35 36 42 45 50 54 55 60 61 63 70 74 78 82 84 85 94 97 103 108 109 110 116 119 122 125 132 138 139 144 152 154 157 166 172 174 186 190 191 192 196 200 208
28 35 36 42 45 50 54 55 60 61 63 70 74 78 82 84 85 94 97 107 110 117 122 124 133 138 139 143 150 152 154 157 158 164 167 172 174 179 186 190 191 192 196 200 207
28 35 36 42 45 50 54 55 60 61 63 70 74 78 82 84 85 94 97 107 110 117 122 124 133 138 139 143 150 152 154 157 158 164 167 172 174 186 190 191 192 196 200 207
28 35 36 42 45 50 54 55 60 61 63 70 74 78 82 84 85 94 98 105 107 110 112 122 124 130 133 136 138 139 142 148 154 157 158 164 167 172 174 181 186 188 191 192 208 209
28 35 36 42 45 50 54 55 60 61 63 70 74 78 82 84 85 94 98 105 108 109 118 122 124 129 138 139 141 148 151 153 154 157 158 164 167 172 174 177 181 187 191 192 197 210
28 35 36 42 45 50 54 55 60 61 63 70 74 78 82 84 85 94 98 105 108 109 118 122 124 129 138 139 141 148 151 153 154 157 158 164 167 172 174 177 181 187 191 192 198 209
28 35 36 42 45 50 54 55 60 61 63 70 74 78 82 84 85 94 98 105 108 109 118 122 124 129 138 139 141 148 151 153 154 157 158 164 167 172 174 177 181 187 191 192 198 210
28 35 36 42 45 50 54 55 60 61 63 70 74 78 82 84 85 94 98 105 108 109 118 122 124 129 138 139 141 148 151 153 154 157 158 164 167 172 174 177 181 187 191 192 209
28 35 36 42 45 50 54 55 60 61 63 70 74 78 82 84 85 94 98 105 108 109 118 122 124 129 138 139 141 148 151 153 154 157 158 164 167 172 174 177 181 187 191 192 210
28 35 36 42 45 50 54 55 60 61 63 70 74 78 82 84 85 94 98 105 108 109 118 122 124 129 138 139 141 148 151 154 157 158 164 167 172 174 177 181 187 191 192 207 210
28 35 36 42 45 50 54 55 60 61 63 70 74 78 82 84 85 94 98 105 108 109 118 122 124 130 138 139 141 148 151 153 154 157 158 164 167 172 174 177 181 187 191 192 197 210
28 35 36 42 45 50 54 55 60 61 63 70 74 78 82 84 85 94 98 105 108 109 118 122 124 130 138 139 141 148 151 153 154 157 158 164 167 172 174 177 181 187 191 192 198 209
28 35 36 42 45 50 54 55 60 61 63 70 74 78 82 84 85 94 98 105 108 109 118 122 124 130 138 139 141 148 151 153 154 157 158 164 167 172 174 177 181 187 191 192 198 210
28 35 36 42 45 50 54 55 60 61 63 70 74 78 82 84 85 94 98 105 108 109 118 122 124 130 138 139 141 148 151 153 154 157 158 164 167 172 174 177 181 187 191 192 209
28 35 36 42 45 50 54 55 60 61 63 70 74 78 82 84 85 94 98 105 108 109 118 122 124 130 138 139 141 148 151 153 154 157 158 164 167 172 174 177 181 187 191 192 210
28 35 36 42 45 50 54 55 60 61 63 70 74 78 82 84 85 94 98 105 108 109 118 122 124 138 139 141 148 151 153 154 157 158 164 167 172 174 177 181 187 191 192 197 210
28 35 36 42 45 50 54 55 60 61 63 70 74 78 82 84 85 94 98 105 108 109 118 122 124 138 139 141 148 151 153 154 157 158 164 167 172 174 177 181 187 191 192 198 209
28 35 36 42 45 50 54 55 60 61 63 70 74 78 82 84 85 94 98 105 108 109 118 122 124 138 139 141 148 151 153 154 157 158 164 167 172 174 177 181 187 191 192 209
28 35 36 42 45 50 54 55 60 61 63 70 74 78 82 84 85 94 98 105 108 109 118 122 124 138 139 141 148 151 154 157 158 164 167 172 174 177 181 187 191 192 197 207 210
28 35 36 42 45 50 54 55 60 61 63 70 74 78 82 84 85 94 98 105 108 109 118 122 124 138 139 141 148 151 154 157 158 164 167 172 174 177 181 187 191 192 198 207 210
28 35 36 42 45 50 54 55 60 61 63 70 74 78 82 84 85 94 98 105 108 109 118 122 124 138 139 141 148 151 154 157 158 164 167 172 174 177 181 187 191 192 207 210
28 35 36 42 45 50 54 55 60 61 63 70 74 78 82 84 85 94 98 105 108 109 118 122 126 138 139 141 148 151 154 157 158 164 167 172 174 177 181 187 191 192 198 207 209
28 35 36 42 45 50 54 55 60 61 63 70 74 78 82 84 85 94 98 105 108 109 118 122 126 138 139 141 148 151 154 157 158 164 167 172 174 177 181 187 191 192 207 209
28 35 36 42 45 50 54 55 60 61 63 70 74 78 82 84 85 94 98 105 108 110 117 120 122 126 132 138 139 140 149 154 157 158 164 167 172 174 177 181 189 191 192 207 209
28 35 36 42 45 50 54 55 60 61 63 70 74 78 82 84 85 94 98 105 108 110 117 120 122 126 138 139 140 149 154 157 158 164 167 172 174 177 181 189 191 192 198 207 209
28 35 36 42 45 50 54 55 60 61 63 70 74 78 82 84 85 94 98 105 108 110 117 120 122 126 138 139 140 149 154 157 158 164 167 172 174 177 181 189 191 192 207 209
28 35 36 42 45 50 54 55 60 61 63 70 74 78 82 84 85 94 98 105 108 111 115 122 124 133 136 138 139 141 148 151 154 157 158 164 167 172 174 179 187 190 191 192 200 208
28 35 36 42 45 50 54 55 60 61 63 70 74 78 82 84 88 94 97 103 108 109 118 122 125 138 139 143 151 153 154 157 160 167 171 172 174 176 182 187 191 192 196 210
28 35 36 42 45 50 54 55 60 61 63 70 74 78 82 84 88 94 97 103 108 109 118 122 125 138 139 143 151 153 154 157 160 167 171 172 174 176 182 187 191 192 198 210
28 35 36 42 45 50 54 55 60 61 63 70 74 78 82 84 88 94 97 103 108 109 118 122 125 138 139 143 151 153 154 157 160 167 171 172 174 176 182 187 191 192 210
28 35 36 42 45 50 54 55 60 61 63 70 74 78 82 84 88 94 97 103 108 110 112 122 126 127 136 138 140 147 149 153 154 157 160 167 172 174 182 186 189 191 192 195 202 209
28 35 36 42 45 50 54 55 60 61 63 70 74 81 84 90 94 95 96 102 104 107 110 112 122 124 126 130 136 138 139 151 154 157 172 174 178 185 187 190 191 192 198 202 208
28 35 36 42 45 50 54 55 60 61 63 70 74 81 84 90 94 95 96 102 104 107 110 112 122 124 126 130 136 138 139 151 154 157 172 174 178 185 187 191 192 198 202 208 209
28 35 36 42 45 50 54 55 60 61 63 70 74 81 84 90 94 95 96 102 104 107 111 115 118 122 125 127 136 138 139 151 154 157 163 172 174 178 185 188 190 191 192 198 202 208
28 35 36 42 45 50 54 55 60 61 63 70 74 81 84 90 94 95 96 102 104 107 111 115 118 122 125 127 136 138 139 151 154 157 163 172 174 178 185 188 191 192 198 202 208 209
28 35 36 42 45 50 54 55 60 61 63 70 74 81 84 90 94 95 96 102 104 107 111 115 118 122 125 127 136 138 139 151 154 157 172 174 178 185 188 190 191 192 198 202 208
28 35 36 42 45 50 54 55 60 61 63 70 74 81 84 90 94 95 96 102 104 107 111 115 118 122 125 127 136 138 139 151 154 157 172 174 178 185 188 191 192 198 202 208 209
28 35 36 42 45 50 54 55 60 61 63 70 74 81 84 90 94 95 96 102 104 107 111 115 122 125 127 136 138 139 151 154 157 163 172 174 178 185 188 190 191 192 198 202 208
28 35 36 42 45 50 54 55 60 61 63 70 74 81 84 90 94 95 96 102 104 107 111 115 122 125 127 136 138 139 151 154 157 163 172 174 178 185 188 191 192 198 202 208 209
28 35 36 42 45 50 54 55 60 61 63 70 74 81 84 90 94 95 96 102 104 107 111 115 122 125 127 136 138 139 151 154 157 172 174 178 185 188 190 191 192 198 202 208
28 35 36 42 45 50 54 55 60 61 63 70 74 81 84 90 94 95 96 102 104 107 111 115 122 125 127 136 138 139 151 154 157 172 174 178 185 188 191 192 198 202 208 209
28 35 36 42 45 50 54 55 60 61 63 70 74 81 84 90 94 95 96 102 107 110 112 122 124 126 130 133 136 138 139 151 154 157 172 174 178 185 187 191 192 198 202 208 209
28 35 36 42 45 50 54 55 60 61 63 70 74 81 84 90 94 95 96 102 107 110 112 122 124 126 130 133 136 138 139 154 157 168 172 174 178 185 187 191 192 198 202 208 209
28 35 36 42 45 50 54 55 60 61 63 70 74 81 84 90 94 95 96 102 107 110 112 122 124 126 130 136 138 139 151 154 157 166 172 174 178 185 187 190 191 192 198 202 208
28 35 36 42 45 50 54 55 60 61 63 70 74 81 84 90 94 95 96 102 107 111 115 118 122 125 127 136 138 139 151 154 157 166 172 174 178 185 188 190 191 192 198 202 208
28 35 36 42 45 50 54 55 60 61 63 70 74 81 84 90 94 95 96 102 107 111 115 122 125 127 136 138 139 151 154 157 163 166 172 174 178 185 188 190 191 192 198 202 208
28 35 36 42 45 50 54 55 60 61 63 70 74 81 84 90 94 95 96 102 107 111 115 122 125 127 136 138 139 151 154 157 166 172 174 178 185 188 190 191 192 198 202 208
28 35 36 42 45 50 54 55 60 61 63 70 74 81 84 90 94 95 98 105 107 110 117 122 124 126 130 133 138 139 153 154 157 172 174 176 182 189 190 191 192 197 205 206
28 35 36 42 45 50 54 55 60 61 63 70 74 81 84 90 94 95 98 105 107 110 117 122 124 126 130 138 139 144 153 154 157 166 172 174 176 182 189 190 191 192 197 205 206
28 35 36 42 45 50 54 55 60 61 63 70 74 81 84 90 94 96 102 104 107 110 112 122 124 126 130 133 136 138 139 151 154 157 164 172 174 178 185 187 190 191 192 198 202 208
28 35 36 42 45 50 54 55 60 61 63 70 74 81 84 90 94 96 102 104 107 110 112 122 124 126 130 133 136 138 139 151 154 157 164 172 174 178 185 187 191 192 198 202 208 209
28 35 36 42 45 50 54 55 60 61 63 70 74 81 84 90 94 96 102 104 107 110 112 122 124 126 130 133 136 138 139 151 154 157 172 174 178 185 187 190 191 192 198 202 208
28 35 36 42 45 50 54 55 60 61 63 70 74 81 84 90 94 96 102 104 107 110 112 122 124 126 130 133 136 138 139 151 154 157 172 174 178 185 187 191 192 198 202 208 209
28 35 36 42 45 50 54 55 60 61 63 70 74 81 84 90 94 96 102 104 107 110 112 122 124 126 130 136 138 139 151 154 157 166 172 174 178 185 187 190 191 192 198 202 208
28 35 36 42 45 50 54 55 60 61 63 70 74 81 84 90 94 96 102 107 110 112 122 124 126 130 133 136 138 139 151 154 157 164 172 174 178 185 187 190 191 192 198 202 208
28 35 36 42 45 50 54 55 60 61 63 70 74 81 84 90 94 96 102 107 110 112 122 124 126 130 133 136 138 139 151 154 157 164 172 174 178 185 187 191 192 198 202 208 209
28 35 36 42 45 50 54 55 60 61 63 70 74 81 84 90 94 96 102 107 110 112 122 124 126 130 133 136 138 139 151 154 157 172 174 178 185 187 190 191 192 198 202 208
28 35 36 42 45 50 54 55 60 61 63 70 74 81 84 90 94 96 102 107 110 112 122 124 126 130 133 136 138 139 151 154 157 172 174 178 185 187 191 192 198 202 208 209
28 35 36 42 45 50 54 55 60 61 63 70 74 81 84 90 94 96 102 107 110 112 122 124 126 130 136 138 139 151 154 157 164 166 172 174 178 185 187 190 191 192 198 202 208
28 35 36 42 45 50 54 55 60 61 63 70 74 81 84 90 94 96 102 107 110 112 122 124 126 130 136 138 139 151 154 157 166 172 174 178 185 187 190 191 192 198 202 208
28 35 36 42 45 50 54 55 60 61 63 70 74 81 84 90 94 96 102 107 110 117 122 124 127 136 138 139 144 149 151 154 158 160 172 174 175 185 188 191 192 196 200 208 209
28 35 36 42 45 50 54 55 60 61 63 70 74 81 84 90 94 96 102 107 110 117 122 124 127 136 138 139 144 151 154 157 158 166 172 174 178 185 188 191 192 196 200 208 209
28 35 36 42 45 50 54 55 60 61 63 70 74 81 84 90 94 96 102 107 110 117 122 124 127 136 138 139 144 151 154 157 166 172 174 178 185 188 191 192 196 200 208 209
28 35 36 42 45 50 54 55 60 61 63 70 74 81 84 90 94 96 102 107 111 115 118 122 125 127 136 138 139 140 151 154 157 164 166 172 174 178 185 188 190 191 192 198 202 208
28 35 36 42 45 50 54 55 60 61 63 70 74 81 84 90 94 96 102 107 111 115 118 122 125 127 136 138 139 140 151 154 157 166 172 174 178 185 188 190 191 192 198 202 208
28 35 36 42 45 50 54 55 60 61 63 70 74 81 84 90 94 96 102 107 111 115 122 125 127 136 138 139 140 151 154 157 163 166 172 174 178 185 188 190 191 192 198 202 208
28 35 36 42 45 50 54 55 60 61 63 70 74 81 84 90 94 96 102 107 111 115 122 125 127 136 138 139 140 151 154 157 164 166 172 174 178 185 188 190 191 192 198 202 208
28 35 36 42 45 50 54 55 60 61 63 70 74 81 84 90 94 96 102 107 111 115 122 125 127 136 138 139 140 151 154 157 166 172 174 178 185 188 190 191 192 198 202 208
28 35 36 42 45 50 54 55 60 61 63 70 74 81 84 93 96 103 107 109 111 115 118 122 123 127 134 135 137 141 147 154 157 160 170 171 172 174 179 183 191 192 206 210
28 35 36 42 45 50 54 55 60 61 63 70 74 81 85 93 97 103 107 110 116 122 123 124 135 137 141 148 154 157 160 170 171 172 174 177 181 185 191 192 198 203 206 210
28 35 36 42 45 50 54 55 60 61 63 70 74 81 85 94 95 97 103 105 107 111 115 122 125 132 138 139 144 149 152 154 157 163 166 172 174 176 182 189 191 192 197 204 207 209
28 35 36 42 45 50 54 55 60 61 63 70 74 81 85 94 95 97 103 105 107 111 115 122 125 132 138 139 144 149 152 154 157 166 172 174 176 182 189 191 192 197 204 207 209
28 35 36 42 45 50 54 55 60 61 63 70 74 81 85 94 95 97 103 105 107 111 115 122 125 132 138 139 144 152 154 157 163 166 172 174 176 182 189 191 192 197 204 207 209
28 35 36 42 45 50 54 55 60 61 63 70 74 81 85 94 95 97 103 105 107 111 115 122 125 132 138 139 144 152 154 157 166 172 174 176 182 189 190 191 192 197 204 207
28 35 36 42 45 50 54 55 60 61 63 70 74 81 85 94 95 97 103 105 107 111 115 122 125 132 138 139 144 152 154 157 166 172 174 176 182 189 191 192 197 204 207 209
28 35 36 42 45 50 54 55 60 61 63 70 74 81 85 94 97 101 104 105 107 111 117 122 125 131 138 139 140 153 154 157 158 166 172 174 179 183 189 191 192 197 204 206 209
28 35 36 42 45 50 54 55 60 61 63 70 74 81 85 94 97 101 105 107 111 117 122 125 131 138 139 140 153 154 157 158 166 172 174 179 183 189 191 192 197 204 206 209
28 35 36 42 45 50 54 55 60 61 63 70 74 81 85 94 97 103 105 107 110 117 122 124 126 130 138 139 144 153 154 157 166 172 174 176 182 189 190 191 192 197 204 206
28 35 36 42 45 50 54 55 60 61 63 70 74 81 85 94 97 103 105 107 110 117 122 124 126 130 138 139 144 153 154 157 166 172 174 176 182 189 191 192 197 204 206 209
28 35 36 42 45 50 54 55 60 61 63 70 74 81 85 94 97 103 105 107 111 115 122 124 125 132 138 139 144 152 154 157 159 166 172 174 176 182 189 190 191 192 197 204 207
28 35 36 42 45 50 54 55 60 61 63 70 74 81 85 94 97 103 105 107 111 115 122 124 125 132 138 139 144 152 154 157 166 172 174 176 182 189 190 191 192 197 204 207
28 35 36 42 45 50 54 55 60 61 63 70 74 81 85 94 97 103 105 107 111 115 122 125 132 138 139 140 152 154 157 159 166 172 174 176 182 189 191 192 197 204 207 209
28 35 36 42 45 50 54 55 60 61 63 70 74 81 86 91 93 97 103 107 109 112 120 122 123 125 131 134 137 141 148 154 157 159 163 166 172 174 178 187 189 191 192 207 209
28 35 36 42 45 50 54 55 60 61 70 72 78 81 84 86 94 95 96 102 105 107 110 117 122 124 135 138 139 143 152 154 158 161 172 175 178 184 189 191 192 196 200 207 209
28 35 36 42 45 50 54 55 60 61 70 72 78 82 83 86 94 97 101 107 111 113 119 122 125 127 132 138 139 147 152 154 158 164 172 175 181 185 191 193 202 208 210
28 35 36 42 45 50 54 55 60 61 70 72 78 82 83 86 94 97 101 107 111 113 119 122 125 132 138 139 147 152 154 158 164 172 175 181 185 191 193 197 202 208 210
28 35 36 42 45 50 54 55 60 61 70 74 78 81 84 90 94 95 102 104 107 110 116 122 123 127 135 137 141 143 148 153 154 157 163 171 172 174 185 191 192 198 203 206 210
28 35 36 42 45 50 54 55 60 61 70 74 81 84 90 94 95 98 105 107 111 113 122 123 125 131 136 137 141 148 154 157 159 163 166 172 174 188 190 191 192 197 205 208
28 35 36 42 45 50 54 55 60 61 70 74 81 86 91 93 97 103 107 109 112 120 122 123 125 131 134 137 141 148 154 157 159 163 166 172 174 178 187 189 191 192 207 209
28 35 36 42 45 50 54 55 60 61 70 74 82 84 88 91 94 98 108 109 110 116 122 126 127 132 138 139 146 151 154 158 165 172 175 178 187 188 191 192 198 203 208 209
28 35 36 42 45 50 54 59 61 65 69 71 74 81 82 87 89 93 96 98 107 109 113 117 118 122 123 126 134 135 137 141 142 147 154 157 160 168 172 174 181 184 190 191 192 206 208
28 35 36 42 45 50 54 59 61 65 69 71 74 81 82 87 89 93 96 98 107 109 113 117 118 122 123 126 134 135 137 141 142 147 154 157 160 168 172 174 184 190 191 192 206 208
28 35 36 42 45 50 54 59 61 65 69 71 74 81 82 87 89 93 96 98 107 109 113 117 118 122 123 134 135 137 141 142 147 154 157 160 168 172 174 181 184 190 191 192 206 208
28 35 36 42 45 50 54 59 61 65 69 71 74 81 82 87 89 93 96 98 107 109 113 118 122 123 126 134 135 137 141 142 147 154 157 160 165 168 172 174 184 190 191 192 206 208
28 35 36 42 45 50 54 59 61 65 69 71 74 81 82 87 89 93 96 98 107 109 113 118 122 123 134 135 137 141 142 147 154 157 160 165 168 172 174 184 190 191 192 206 208
28 35 36 42 45 50 54 59 61 65 69 72 74 81 82 85 90 93 96 102 107 109 113 118 120 122 123 129 130 137 141 142 149 154 157 169 172 174 188 190 191 192 197 204 208
28 35 36 42 45 50 54 59 61 65 69 72 74 81 82 89 90 93 96 102 107 109 113 118 120 122 123 127 134 137 141 142 143 153 154 157 169 171 172 174 184 191 192 199 200 210
28 35 36 42 45 50 54 59 61 65 69 72 74 81 82 89 91 93 96 102 107 109 112 119 122 123 129 130 137 141 142 143 152 154 157 165 172 174 188 189 191 192 198 203 205 209
28 35 36 42 45 50 54 59 61 65 69 72 74 81 82 90 93 97 98 107 109 110 120 122 123 133 137 141 147 154 157 161 166 169 172 174 178 185 186 189 191 192 199 200 207
28 35 36 42 45 50 54 59 61 65 69 72 74 81 82 90 93 97 98 107 109 116 120 122 123 125 133 137 141 147 154 157 161 166 169 172 174 178 185 186 189 191 192 199 200 207
28 35 36 42 45 50 54 59 61 65 69 72 74 81 82 91 93 96 102 107 109 112 119 122 123 129 130 137 141 142 143 152 154 157 165 172 174 188 189 191 192 198 203 205 209
28 35 36 42 45 50 54 59 61 65 69 72 74 81 82 91 93 97 98 107 109 110 117 122 123 135 137 141 147 154 157 160 167 168 171 172 174 180 181 188 191 192 198 203 206
28 35 36 42 45 50 54 59 61 65 69 72 74 81 82 91 93 97 98 107 109 116 117 122 123 125 135 137 141 147 154 157 160 167 168 171 172 174 180 181 188 191 192 198 203 206
28 35 36 42 45 50 54 59 61 65 69 72 74 81 82 91 93 97 98 107 109 117 122 123 125 135 137 141 147 154 157 160 167 168 171 172 174 180 181 188 191 192 198 203 206
28 35 36 42 45 50 54 59 61 65 69 72 74 81 82 91 93 97 98 107 109 117 122 123 125 135 137 141 147 154 157 160 167 168 172 174 180 181 188 191 192 198 203 206 208
28 35 36 42 45 50 54 59 61 65 70 71 74 78 81 84 85 94 95 100 102 107 110 116 122 124 127 134 136 138 139 151 154 157 168 172 174 176 184 185 191 192 199 200 210
28 35 36 42 45 50 54 59 61 65 70 71 74 81 84 86 91 94 95 103 107 111 112 122 124 133 136 138 139 150 154 158 164 172 174 178 186 187 190 191 192 199 200 208
28 35 36 42 45 50 54 59 61 66 69 72 74 78 81 82 83 93 96 102 107 109 112 117 122 123 129 130 134 137 141 142 146 154 157 167 172 174 178 187 189 191 192 198 203 205 209
28 35 36 42 45 50 54 59 61 66 69 72 74 78 81 82 87 88 93 96 101 107 109 112 117 120 122 123 133 137 141 144 149 151 154 157 167 171 172 174 178 187 191 192 199 201 207
28 35 36 42 45 50 54 59 61 66 69 72 74 78 81 82 93 96 102 107 109 112 117 122 123 129 130 134 137 141 142 146 154 157 167 172 174 178 187 189 191 192 198 203 205 209
28 35 36 42 45 50 54 59 61 66 69 72 74 78 81 83 85 94 95 100 101 107 110 116 122 124 127 132 134 137 141 144 149 154 157 168 171 172 174 185 191 192 196 200 206 210
28 35 36 42 45 50 54 59 61 66 69 72 74 78 81 83 89 94 95 100 101 107 110 113 118 122 124 135 136 138 139 143 150 154 157 160 165 171 172 174 184 191 192 199 201 210
28 35 36 42 45 50 54 59 61 66 69 72 76 81 82 83 91 93 97 99 103 107 110 116 122 123 135 137 141 144 150 151 154 157 160 165 172 174 180 182 188 191 192 203 206 209
28 35 36 42 45 50 54 59 61 66 69 72 76 81 82 93 97 99 103 107 109 110 119 122 123 127 133 137 141 147 154 157 160 165 170 172 174 179 185 186 189 191 192 199 200 206
28 35 36 42 45 50 54 59 61 66 69 72 76 81 82 93 97 99 103 107 109 119 122 123 125 127 133 137 141 147 154 157 160 165 170 172 174 179 185 186 189 191 192 199 200 206
28 35 36 42 45 50 54 59 61 66 69 72 76 81 82 93 97 99 103 107 110 112 122 124 129 130 134 138 139 149 152 154 158 164 172 175 178 183 187 191 193 198 204 205 209
28 35 36 42 45 50 54 59 61 66 69 72 76 81 83 86 91 94 95 107 111 112 117 122 123 129 131 137 141 147 154 157 161 165 167 172 174 178 186 187 189 191 192 207 209
28 35 36 42 45 50 54 59 61 66 69 72 76 81 83 86 93 97 99 103 105 107 109 114 115 122 123 127 133 137 141 146 150 154 157 160 165 170 171 172 174 180 182 191 192 205 210
28 35 36 42 45 50 54 59 61 66 69 72 76 81 83 86 93 97 99 103 105 107 110 116 122 124 129 130 138 139 143 149 152 154 157 158 167 170 172 174 180 182 191 192 205 210
28 35 36 42 45 50 54 59 61 66 69 72 76 81 83 86 93 97 99 103 105 107 110 116 122 124 129 130 138 139 143 149 152 154 157 160 165 171 172 174 180 182 191 192 205 210
28 35 36 42 45 50 54 59 61 66 69 72 76 81 83 86 93 97 99 103 105 107 110 116 122 124 129 130 138 139 143 149 152 154 158 163 167 172 175 178 183 189 190 191 193 199 201
28 35 36 42 45 50 54 59 61 66 69 72 76 81 83 86 94 95 105 107 111 113 117 119 122 124 135 138 139 143 149 154 158 163 167 172 175 178 183 189 190 191 192 199 201 207
28 35 36 42 45 50 54 59 61 66 69 72 76 81 83 86 94 95 105 107 111 113 117 119 122 125 131 138 139 143 149 153 154 157 160 165 171 172 174 180 182 191 192 206 210
28 35 36 42 45 50 54 59 61 66 69 72 76 81 83 86 94 95 105 107 111 113 117 119 122 125 131 138 139 143 149 153 154 158 163 167 172 175 178 183 189 190 191 193 199 201
28 35 36 42 45 50 54 59 61 66 70 71 76 81 84 88 94 96 99 104 107 111 113 117 120 122 125 131 138 139 143 150 153 154 157 160 166 171 172 174 186 191 192 199 200 210
28 35 36 42 45 50 54 59 61 69 71 77 81 82 86 90 93 96 99 105 107 109 112 122 123 126 130 133 136 137 141 143 152 154 157 162 164 172 174 185 189 191 192 205 209
28 35 36 42 45 50 54 59 61 69 71 77 81 82 86 90 93 96 99 105 107 109 114 116 122 123 127 133 137 141 142 146 151 154 157 160 170 171 172 174 185 191 192 206 210
28 35 36 42 45 50 54 59 61 69 71 77 81 82 86 93 96 99 105 107 109 112 117 122 123 133 136 137 141 143 152 154 157 162 164 172 174 177 181 185 189 191 192 205 209
28 35 36 42 45 50 54 59 61 69 71 77 81 82 86 93 96 99 105 107 109 112 122 123 126 130 133 136 137 141 143 152 154 157 162 164 165 172 174 185 189 191 192 205 209
28 35 36 42 45 50 54 59 61 69 71 77 81 82 86 93 96 99 105 107 109 112 122 123 133 136 137 141 143 152 154 157 162 164 165 172 174 177 181 185 189 191 192 205 209
28 35 36 42 45 50 54 59 61 69 71 77 81 82 86 93 96 99 105 107 109 114 116 117 122 123 127 133 137 141 142 146 151 154 157 160 170 171 172 174 185 191 192 206 210
28 35 36 42 45 50 54 59 61 69 72 74 78 81 82 83 93 96 102 107 109 112 117 120 122 123 129 130 134 137 141 142 146 154 157 167 172 174 178 187 189 191 192 198 203 209
28 35 36 42 45 50 54 59 61 69 72 74 78 81 82 83 93 96 102 107 109 112 117 122 123 129 130 134 137 141 142 146 154 157 167 172 174 178 187 189 191 192 198 203 205 209
28 35 36 42 45 50 54 59 61 69 72 74 78 81 82 93 96 102 107 109 112 117 120 122 123 129 130 134 137 141 142 146 154 157 164 167 172 174 178 187 189 191 192 198 203 209
28 35 36 42 45 50 54 59 61 69 72 74 78 81 82 93 96 102 107 109 112 117 120 122 123 129 130 134 137 141 142 146 154 157 167 172 174 178 187 189 191 192 198 203 209
28 35 36 42 45 50 54 59 61 69 72 74 78 81 82 93 96 102 107 109 112 117 122 123 129 130 134 137 141 142 146 154 157 167 172 174 178 187 189 191 192 198 203 205 209
28 35 36 42 45 50 54 59 61 69 72 74 78 81 83 89 94 95 100 101 107 110 113 118 122 124 132 138 139 143 150 154 157 158 168 169 172 174 184 191 192 199 201 207 210
28 35 36 42 45 50 54 59 61 69 72 74 81 82 83 90 93 97 98 103 107 109 113 118 122 123 129 130 134 137 141 142 147 149 154 157 163 169 172 174 178 186 190 191 192 207 208
28 35 36 42 45 50 54 59 61 69 72 76 81 82 83 89 93 97 99 103 107 109 119 122 123 127 133 137 141 154 157 160 165 170 171 172 174 179 185 186 191 192 199 200 206
28 35 36 42 45 50 54 59 61 69 72 76 81 82 83 93 97 99 103 107 109 119 122 123 127 133 137 141 147 154 157 160 165 170 171 172 174 179 185 186 191 192 199 200 206
28 35 36 42 45 50 54 59 61 69 72 76 81 82 89 93 96 102 107 109 113 117 120 122 123 127 134 137 141 142 143 148 153 154 157 167 172 174 179 184 187 191 192 199 200 209
28 35 36 42 45 50 54 59 61 69 72 76 81 82 93 97 99 103 107 109 110 119 122 123 127 133 137 141 147 154 157 160 165 170 172 174 179 185 186 189 191 192 199 200 206
28 35 36 42 45 50 54 59 61 69 72 76 81 82 93 97 99 103 107 109 119 122 123 125 127 133 137 141 147 154 157 160 165 170 172 174 179 185 186 189 191 192 199 200 206
28 35 36 42 45 50 54 59 61 69 72 76 81 83 86 93 97 99 103 105 107 109 114 115 122 123 127 133 137 141 146 150 154 157 160 165 170 171 172 174 180 182 191 192 205 210
28 35 36 42 45 50 54 59 61 69 72 76 81 83 86 93 97 99 103 105 107 110 116 122 124 129 130 138 139 143 149 152 154 158 163 167 172 175 178 183 189 190 191 193 199 201
28 35 36 42 45 50 54 59 61 70 71 76 81 84 86 90 94 96 102 107 110 113 118 119 122 124 129 131 132 138 139 143 151 154 157 160 166 172 174 185 190 191 192 196 200 208
28 35 36 42 45 50 54 59 61 70 71 76 81 84 88 94 95 99 104 107 111 113 120 122 125 127 133 138 140 145 147 148 154 159 160 165 170 172 174 182 186 190 191 192 206
28 35 36 42 45 50 54 59 61 70 71 76 81 84 88 94 96 99 104 107 111 113 117 120 122 125 131 138 139 143 150 153 154 157 160 166 171 172 174 186 191 192 199 200 210
28 35 36 42 45 50 54 59 61 70 71 76 81 84 88 94 96 99 104 108 109 114 116 117 122 126 128 132 135 138 139 143 150 154 158 164 167 172 175 178 184 189 191 192 207 209
28 35 36 42 45 50 54 59 63 69 72 73 81 82 87 88 93 96 98 107 109 111 117 118 122 123 134 135 137 141 142 146 151 154 157 167 172 174 179 183 189 191 192 199 201 206
28 35 36 42 45 50 54 59 63 69 72 76 81 82 83 89 90 93 97 98 107 109 120 122 123 133 137 141 142 154 157 162 163 169 172 174 178 185 186 191 192 198 202 207 208
28 35 36 42 45 50 54 59 63 69 72 76 81 82 83 89 90 93 97 99 103 107 109 122 123 127 133 137 141 142 151 154 157 160 170 171 172 174 185 191 192 199 200 206 210
28 35 36 42 45 50 54 59 63 69 72 76 81 82 83 89 91 93 97 98 107 109 117 122 123 135 137 141 142 154 157 160 167 168 172 174 179 183 188 189 191 192 199 200 206
28 35 36 42 45 50 54 59 63 69 72 76 81 82 83 90 93 97 98 107 109 120 122 123 133 137 141 142 147 154 157 162 163 169 172 174 178 185 186 191 192 198 202 207 208
28 35 36 42 45 50 54 59 63 69 72 76 81 82 83 90 93 97 99 103 107 109 122 123 127 133 137 141 142 147 151 154 157 160 170 171 172 174 185 191 192 199 200 206 210
28 35 36 42 45 50 54 59 63 69 72 76 81 82 83 91 93 97 98 107 109 117 122 123 135 137 141 142 147 154 157 160 167 168 172 174 179 183 188 189 191 192 199 200 206
28 35 36 42 45 50 54 59 63 69 72 76 81 82 85 93 97 98 105 107 109 110 122 123 128 132 133 137 141 142 147 151 154 157 165 171 172 174 185 191 192 199 200 206 210
28 35 36 42 45 50 54 59 63 69 72 76 81 82 85 93 97 98 105 107 109 122 123 125 128 132 133 137 141 142 147 151 154 157 165 171 172 174 185 191 192 199 200 206 210
28 35 36 42 45 50 54 59 63 69 72 76 81 82 89 90 93 96 98 107 109 120 122 123 133 137 141 142 147 154 157 162 163 169 172 174 178 185 186 191 192 198 202 207 208
28 35 36 42 45 50 54 59 63 69 72 76 81 82 89 90 93 97 98 107 109 110 120 122 123 133 137 141 142 147 154 157 162 163 169 172 174 178 185 186 191 192 198 202 207 208
28 35 36 42 45 50 54 59 63 69 72 76 81 82 89 90 93 97 99 103 107 109 110 122 123 127 133 137 141 142 147 151 154 157 160 170 171 172 174 185 191 192 199 200 206 210
28 35 36 42 45 50 54 59 63 69 72 76 81 82 89 91 93 96 98 107 109 117 122 123 135 137 141 142 147 154 157 160 167 168 172 174 179 183 188 189 191 192 199 200 206
28 35 36 42 45 50 54 59 63 69 72 76 81 82 89 91 93 97 98 107 109 110 117 122 123 135 137 141 142 147 154 157 160 167 168 172 174 179 183 188 189 191 192 199 200 206
28 35 36 42 45 50 54 59 63 69 72 76 81 82 90 93 97 98 107 109 110 120 122 123 133 137 141 142 147 154 157 162 163 169 172 174 178 185 186 191 192 198 202 207 208
28 35 36 42 45 50 54 59 63 69 72 76 81 82 90 93 97 99 103 107 109 110 122 123 127 133 137 141 142 147 151 154 157 160 170 171 172 174 185 191 192 199 200 206 210
28 35 36 42 45 50 54 59 63 69 72 76 81 82 91 93 96 98 107 109 117 122 123 135 137 141 142 147 154 157 160 167 168 172 174 179 183 188 189 191 192 199 200 206
28 35 36 42 45 50 54 59 63 69 72 76 81 82 91 93 97 98 107 109 110 117 122 123 135 137 141 142 147 154 157 160 167 168 172 174 179 183 188 189 191 192 199 200 206
28 35 36 42 45 50 54 59 63 69 72 76 81 83 85 91 94 95 100 102 107 110 111 116 122 124 135 138 139 144 148 152 154 157 158 165 167 172 174 186 191 192 199 200 209
28 35 36 42 45 50 54 59 63 69 72 76 81 83 85 91 94 95 100 102 107 110 116 122 124 126 135 138 139 144 148 152 154 157 158 165 167 172 174 186 191 192 199 200 209
28 35 36 42 45 50 54 59 63 69 72 76 81 83 85 91 94 95 100 102 107 111 112 122 124 125 132 134 137 141 142 147 152 154 157 168 172 174 179 183 189 191 192 199 200 207
28 35 36 42 45 50 54 59 63 69 72 76 81 83 85 91 94 95 100 102 107 111 112 122 124 125 132 134 137 141 147 154 157 159 168 169 172 174 179 183 189 191 192 199 200 207
28 35 36 42 45 50 54 59 63 69 72 76 81 83 85 91 94 95 100 102 107 111 113 122 124 125 132 134 137 141 147 154 157 159 168 169 172 174 179 183 189 191 192 199 200 207
28 35 36 42 45 50 54 59 63 69 72 76 81 83 85 91 94 95 103 107 111 113 122 124 125 134 136 138 139 145 147 151 154 158 164 172 175 180 181 188 191 193 198 206 209
28 35 36 42 45 50 54 59 63 69 72 76 81 83 86 90 94 95 98 104 107 111 112 122 124 125 135 138 139 150 152 154 158 164 172 175 177 183 187 190 191 192 199 200 207
28 35 36 42 45 50 54 59 63 69 72 77 81 82 83 90 93 97 99 103 104 107 110 112 122 124 136 138 139 145 146 150 154 158 164 172 175 177 181 188 190 191 193 197 203 206
28 35 36 42 45 50 54 59 63 69 72 77 81 82 83 90 93 97 101 107 110 112 119 122 124 129 131 137 142 143 149 152 154 157 170 171 172 174 180 181 185 191 192 198 202 205
28 35 36 42 45 50 54 59 63 69 72 77 81 82 83 90 93 97 101 107 110 112 119 122 124 129 131 137 142 143 149 152 154 158 164 172 174 180 181 185 191 192 198 202 205 209
28 35 36 42 45 50 54 59 63 69 72 77 81 82 90 93 97 99 103 104 107 110 112 122 124 136 138 139 145 146 150 154 158 164 172 175 177 181 188 190 191 193 197 203 206
28 35 36 42 45 50 54 59 63 69 72 81 82 83 89 90 91 93 97 98 104 107 109 122 123 129 130 136 137 141 142 146 154 157 160 168 172 174 188 190 191 192 198 202 208
28 35 36 42 45 50 54 59 63 69 72 81 82 83 90 93 97 101 107 110 112 119 120 122 124 129 131 137 141 147 154 157 159 166 170 172 174 180 181 185 191 192 198 202 208
28 35 36 42 45 50 54 59 63 69 73 81 82 84 91 93 96 102 107 109 117 122 123 130 135 137 141 142 146 154 157 162 164 167 172 174 179 183 188 191 192 197 203 206 208
28 35 36 42 45 50 54 59 63 69 73 81 82 84 91 93 96 102 107 109 117 122 123 135 137 141 142 146 154 157 162 164 167 172 174 179 183 188 191 192 197 203 206 208
28 35 36 42 45 50 54 59 63 69 73 81 82 84 91 93 97 101 107 110 112 118 120 122 124 129 131 134 138 139 144 148 154 157 158 165 169 172 174 180 181 190 191 192 207
28 35 36 42 45 50 54 59 63 69 73 81 82 84 91 93 97 101 107 110 112 118 120 122 124 129 131 134 138 139 144 148 154 159 161 167 172 175 176 183 187 191 193 199 200 210
28 35 36 42 45 50 54 59 63 69 73 81 82 84 91 93 97 105 107 109 110 117 122 123 129 130 136 137 142 146 154 158 160 166 169 171 172 175 180 182 185 191 193 198 202
28 35 36 42 45 50 54 59 63 69 73 81 82 91 93 97 101 107 109 117 122 123 125 135 137 141 142 147 154 157 162 163 167 172 174 179 183 188 191 192 197 203 206 208
28 35 36 42 45 50 54 59 63 69 74 78 81 82 87 93 97 98 107 109 119 120 122 123 125 131 133 137 141 143 151 154 157 159 163 165 172 174 185 189 191 192 207 209
28 35 36 42 45 50 54 59 63 69 74 78 81 82 93 97 98 107 109 119 120 122 123 125 131 133 137 141 143 151 154 157 159 163 165 172 174 185 189 191 192 207 209
28 35 36 42 45 50 54 59 63 70 71 72 77 78 81 84 91 94 95 100 101 107 110 112 122 124 135 136 138 139 144 148 154 157 172 174 178 185 187 191 192 196 200 208 209
28 35 36 42 45 50 54 59 63 70 71 72 77 78 81 84 91 94 95 100 101 107 111 115 122 124 127 136 138 139 141 151 154 158 163 172 174 178 185 188 190 191 192 198 202 208
28 35 36 42 45 50 54 59 63 70 71 72 77 81 84 88 93 96 107 109 112 118 122 123 128 132 134 135 137 141 146 151 154 157 165 172 174 178 187 189 191 192 199 201 209
28 35 36 42 45 50 54 59 63 70 71 72 77 81 85 93 97 101 107 110 113 117 120 122 124 127 133 134 138 139 145 147 154 157 162 163 172 174 176 185 187 190 191 192 208
28 35 36 42 45 50 54 59 63 70 71 72 77 81 85 94 95 101 103 107 111 115 122 123 125 134 136 137 141 144 148 153 154 157 160 166 167 172 174 186 191 192 199 201 210
28 35 36 42 45 50 54 59 63 70 71 72 77 81 85 94 95 103 107 110 113 117 122 124 127 133 134 138 139 142 146 151 154 157 162 163 172 174 176 185 187 190 191 192 201 208
28 35 36 42 45 50 54 59 63 70 71 72 77 81 85 94 95 103 107 111 115 122 123 125 134 136 137 141 144 148 153 154 157 160 166 167 172 174 177 186 191 192 199 201 210
28 35 36 42 45 50 54 59 63 70 71 72 77 81 85 94 95 103 107 111 115 122 123 125 134 136 137 141 144 148 153 154 157 160 166 167 172 174 186 191 192 199 201 210
28 35 36 42 45 50 54 59 63 70 71 72 77 81 86 90 94 95 98 104 107 111 115 122 123 125 134 136 137 141 143 153 154 157 163 165 171 172 174 186 191 192 199 201 210
28 35 36 42 45 50 54 59 63 70 71 72 77 81 86 90 94 95 98 104 107 111 115 122 123 125 134 136 137 141 143 153 154 157 165 171 172 174 186 191 192 199 201 210
28 35 36 42 45 50 54 59 63 70 72 73 81 83 89 94 95 104 105 107 110 112 118 122 124 132 138 139 152 154 158 159 163 172 174 179 183 189 190 191 192 199 201 207
28 35 36 42 45 50 54 59 63 70 72 73 81 84 86 90 94 95 96 104 107 110 116 117 122 123 129 130 135 137 141 142 146 154 157 165 171 172 174 185 191 192 197 203 206 210
28 35 36 42 45 50 54 59 63 70 72 73 81 84 86 90 94 95 96 104 107 110 116 122 123 129 130 135 137 141 142 146 154 157 165 171 172 174 185 191 192 197 203 206 210
28 35 36 42 45 50 54 59 63 70 72 73 81 84 88 94 95 96 102 103 105 107 110 115 122 123 127 133 136 137 141 142 149 154 157 162 163 172 174 188 190 191 192 198 202 208
28 35 36 42 45 50 54 59 63 70 72 73 81 84 88 94 95 96 103 105 107 110 115 122 123 127 133 136 137 141 142 147 149 154 157 162 163 172 174 188 190 191 192 198 202 208
28 35 36 42 45 50 54 59 63 70 72 73 81 84 88 94 95 96 103 105 107 110 116 122 123 127 133 136 137 141 142 149 154 157 162 163 172 174 188 190 191 192 198 202 208
28 35 36 42 45 50 54 59 63 70 72 73 81 84 88 94 95 96 103 105 107 110 122 123 127 133 136 137 141 142 147 149 154 157 162 163 172 174 188 190 191 192 198 202 208
28 35 36 42 45 50 54 59 63 70 72 73 81 84 88 94 95 102 103 105 107 110 115 122 123 127 133 136 137 141 142 147 149 154 157 162 163 172 174 188 190 191 192 198 202 208
28 35 36 42 45 50 54 59 63 70 72 73 81 84 88 94 95 102 103 105 107 110 116 122 123 127 133 136 137 141 142 149 154 157 162 163 172 174 188 190 191 192 198 202 208
28 35 36 42 45 50 54 59 63 70 72 73 81 84 88 94 95 102 103 105 107 110 122 123 127 133 136 137 141 142 147 149 154 157 162 163 172 174 188 190 191 192 198 202 208
28 35 36 42 45 50 54 59 63 70 72 73 81 84 88 94 95 102 103 105 107 111 113 117 122 124 125 133 138 139 152 154 158 164 172 174 178 184 189 190 191 192 199 200 207
28 35 36 42 45 50 54 59 63 70 72 73 81 84 88 94 95 103 105 107 110 115 122 123 127 133 136 137 141 142 147 149 154 157 162 163 172 174 188 190 191 192 198 202 208
28 35 36 42 45 50 54 59 63 70 72 73 81 84 88 94 95 103 105 107 110 116 122 123 127 133 136 137 141 142 149 154 157 162 163 172 174 188 190 191 192 198 202 208
28 35 36 42 45 50 54 59 63 70 72 73 81 84 88 94 95 103 105 107 110 122 123 127 133 136 137 141 142 147 149 154 157 162 163 172 174 188 190 191 192 198 202 208
28 35 36 42 45 50 54 59 63 70 72 73 81 84 88 94 95 103 105 107 111 113 117 122 124 125 133 138 139 152 154 158 164 165 172 174 178 184 189 190 191 192 199 200 207
28 35 36 42 45 50 54 59 63 70 72 73 81 84 88 94 95 103 105 107 111 113 117 122 124 125 133 138 139 152 154 158 164 172 174 178 184 189 190 191 192 199 200 207
28 35 36 42 45 50 54 59 63 70 72 73 81 84 88 94 95 103 105 107 111 113 117 122 124 133 138 139 141 147 152 154 158 165 172 174 178 184 189 191 192 199 200 207 209
28 35 36 42 45 50 54 59 63 70 72 73 81 84 88 94 95 103 105 107 111 113 117 122 124 133 138 139 141 147 152 154 158 168 172 174 178 184 189 191 192 199 200 207 209
28 35 36 42 45 50 54 59 63 70 72 73 81 84 88 94 95 103 105 107 111 113 117 122 124 133 138 139 141 147 152 154 158 172 174 178 184 189 191 192 199 200 207 209
28 35 36 42 45 50 54 59 63 70 72 73 81 84 88 94 96 98 104 107 110 116 122 123 124 132 134 136 137 141 144 148 154 157 162 163 172 174 186 190 191 192 196 203 208
28 35 36 42 45 50 54 59 63 70 72 73 81 84 89 91 94 95 100 101 107 110 116 122 123 128 132 134 137 141 142 146 154 157 165 171 172 174 186 191 192 197 203 206 210
28 35 36 42 45 50 54 59 63 70 72 73 81 84 89 91 94 95 100 101 107 110 116 122 123 128 132 134 137 141 143 149 154 157 165 172 174 186 189 191 192 196 200 206 209
28 35 36 42 45 50 54 59 63 70 72 73 81 84 89 91 94 95 100 101 107 111 115 122 124 125 131 132 136 138 139 151 154 158 163 172 174 179 183 185 190 191 192 197 203 208
28 35 36 42 45 50 54 59 63 70 72 73 81 84 89 91 94 95 100 101 107 111 115 122 124 125 131 132 136 138 139 151 154 158 163 172 174 179 183 185 191 192 197 203 208 209
28 35 36 42 45 50 54 59 63 70 72 73 81 84 89 91 94 95 100 101 107 111 115 122 124 125 131 132 136 138 139 151 154 158 172 174 179 183 185 190 191 192 197 203 208
28 35 36 42 45 50 54 59 63 70 72 73 81 84 89 91 94 95 100 101 107 111 115 122 124 125 131 132 136 138 139 151 154 158 172 174 179 183 185 191 192 197 203 208 209
28 35 36 42 45 50 54 59 63 70 72 73 81 84 89 91 94 95 100 101 107 111 115 122 124 125 132 136 138 139 151 154 158 164 172 174 179 183 185 191 192 197 203 208 209
28 35 36 42 45 50 54 59 63 70 72 73 81 84 91 94 95 100 101 107 110 116 122 123 128 132 134 136 137 141 143 149 154 157 164 165 172 174 186 189 191 192 196 200 209
28 35 36 42 45 50 54 59 63 70 72 73 81 84 91 94 95 100 101 107 111 115 122 124 125 131 132 136 138 139 151 154 158 163 172 174 179 183 185 190 191 192 197 203 208
28 35 36 42 45 50 54 59 63 70 72 73 81 84 91 94 95 100 101 107 111 115 122 124 125 131 132 136 138 139 151 154 158 163 172 174 179 183 185 191 192 197 203 208 209
28 35 36 42 45 50 54 59 63 70 72 73 81 84 91 94 95 100 101 107 111 115 122 124 125 131 132 136 138 139 151 154 158 172 174 179 183 185 190 191 192 197 203 208
28 35 36 42 45 50 54 59 63 70 72 73 81 84 91 94 95 100 101 107 111 115 122 124 131 132 136 138 139 141 151 154 158 164 172 174 179 183 185 190 191 192 197 203 208
28 35 36 42 45 50 54 59 63 70 72 73 81 84 91 94 95 100 101 107 111 115 122 124 132 136 138 139 141 151 154 158 164 169 172 174 179 183 185 190 191 192 197 203 208
28 35 36 42 45 50 54 59 63 70 72 73 81 84 91 94 95 100 101 107 111 115 122 124 132 136 138 139 141 151 154 158 164 172 174 179 183 185 190 191 192 197 203 208
28 35 36 42 45 50 54 59 63 70 72 73 81 85 91 94 95 96 102 103 107 111 116 118 122 124 129 130 138 139 150 153 154 158 167 172 174 177 181 186 191 192 198 202 206 209
28 35 36 42 45 50 54 59 63 70 72 73 81 85 91 94 95 96 102 103 107 111 116 118 122 124 129 130 138 139 150 153 154 158 172 174 177 181 186 191 192 198 202 206 209
28 35 36 42 45 50 54 59 63 70 72 73 81 85 91 94 95 102 103 107 110 112 122 123 126 130 135 136 137 141 142 147 149 154 157 162 163 172 174 185 190 191 192 198 202 208
28 35 36 42 45 50 54 59 63 70 72 73 81 85 91 94 95 102 103 107 110 122 123 126 130 135 136 137 141 142 147 149 154 157 162 163 172 174 185 190 191 192 198 202 208
28 35 36 42 45 50 54 59 63 70 72 73 81 85 91 94 95 102 103 107 111 118 122 124 129 130 138 139 141 150 153 154 158 164 172 174 177 181 186 191 192 198 202 206 209
28 35 36 42 45 50 54 59 63 70 72 73 81 85 91 94 95 103 107 110 112 122 123 126 130 135 136 137 141 142 147 149 154 157 162 163 172 174 185 190 191 192 198 202 208
28 35 36 42 45 50 54 59 63 70 72 73 81 85 91 94 95 103 107 110 116 122 123 126 130 135 136 137 141 142 149 154 157 162 163 172 174 185 190 191 192 198 202 208
28 35 36 42 45 50 54 59 63 70 72 73 81 85 91 94 95 103 107 110 122 123 126 130 135 136 137 141 142 147 149 154 157 162 163 172 174 185 190 191 192 198 202 208
28 35 36 42 45 50 54 59 63 70 72 73 81 85 91 94 95 103 107 111 116 118 122 124 129 130 138 139 141 150 153 154 158 164 172 174 177 181 186 190 191 192 198 202 206
28 35 36 42 45 50 54 59 63 70 72 73 81 85 91 94 95 103 107 111 118 122 124 129 130 138 139 141 150 153 154 158 164 172 174 177 181 186 191 192 198 202 206 209
28 35 36 42 45 50 54 59 63 70 72 73 81 85 93 98 104 107 109 110 117 122 123 126 130 134 136 137 141 142 147 149 154 157 162 163 172 174 179 183 189 191 192 205 209
28 35 36 42 45 50 54 59 63 70 72 73 81 86 90 94 95 100 101 107 112 118 122 125 126 130 138 139 151 152 154 158 164 172 174 177 184 185 190 191 192 194 202 207
28 35 36 42 45 50 54 59 63 70 72 77 78 81 84 88 94 95 98 105 107 111 112 118 122 124 125 135 138 139 152 154 158 164 172 174 179 183 189 190 191 192 199 200 207
28 35 36 42 45 50 54 59 63 70 72 77 78 81 84 88 94 96 98 107 111 112 118 120 122 124 129 130 138 139 150 154 158 164 172 174 175 186 188 191 192 198 202 208 209
28 35 36 42 45 50 54 59 63 70 72 77 78 81 84 88 94 96 98 107 111 112 118 120 122 125 131 138 139 144 148 150 153 154 157 158 163 168 172 174 180 182 191 192 206 210
28 35 36 42 45 50 54 59 63 70 72 77 78 81 84 88 94 96 98 107 111 112 118 120 122 125 131 138 139 144 148 150 153 154 157 158 168 172 174 180 182 191 192 206 210
28 35 36 42 45 50 54 59 63 70 72 77 78 81 85 93 97 101 107 109 110 122 123 134 136 137 142 143 149 150 154 157 162 163 169 172 174 176 182 191 192 198 202 205 210
28 35 36 42 45 50 54 59 63 70 72 77 78 81 85 94 95 100 101 107 110 116 122 123 126 133 134 137 141 142 146 154 157 160 167 171 172 174 186 191 192 198 202 206 210
28 35 36 42 45 50 54 59 63 70 72 77 78 81 85 94 96 97 101 105 107 112 119 122 124 125 136 138 139 147 149 154 158 161 165 168 172 175 180 181 188 191 193 208 210
28 35 36 42 45 50 54 59 63 70 72 77 78 81 85 94 96 97 101 107 110 116 122 123 124 134 136 137 141 143 150 154 157 162 163 170 172 174 179 183 186 191 192 196 203 208
28 35 36 42 45 50 54 59 63 70 72 77 78 81 85 94 96 97 101 107 112 119 122 124 129 130 138 139 144 148 151 154 158 164 172 174 175 185 188 190 191 192 196 203 206
28 35 36 42 45 50 54 59 63 70 72 77 78 81 85 94 96 99 103 108 109 119 122 126 127 133 134 138 139 146 154 157 162 163 169 172 174 182 184 189 191 192 195 205 207 209
28 35 36 42 45 50 54 59 63 70 72 77 78 81 85 94 96 99 103 108 109 119 122 126 127 133 134 138 139 154 157 162 163 169 172 174 182 184 189 191 192 195 205 207 209
28 35 36 42 45 50 54 59 64 66 70 71 72 74 81 84 88 93 96 104 107 109 117 122 123 127 134 135 137 141 147 154 157 160 170 171 172 174 179 184 191 192 200 206 210
28 35 36 42 45 50 54 59 64 66 70 71 74 81 84 85 94 96 104 105 107 110 116 122 124 130 133 138 139 144 152 154 158 159 163 172 174 175 183 189 190 191 192 197 204 207
28 35 36 42 45 50 54 59 64 66 70 71 74 81 84 85 94 96 104 105 107 110 116 122 124 133 138 139 144 152 154 158 159 163 172 174 175 183 189 190 191 192 197 204 207
28 35 36 42 45 50 54 59 64 66 70 71 74 81 84 88 93 96 101 104 107 109 111 117 122 123 127 135 137 141 142 147 154 157 160 170 171 172 174 179 184 185 191 192 206 210
28 35 36 42 45 50 54 59 64 66 70 71 74 81 84 88 93 96 102 107 109 112 120 122 123 128 133 134 137 141 142 149 154 157 165 172 174 178 187 189 191 192 207 209
28 35 36 42 45 50 54 59 64 66 70 71 74 81 84 88 93 96 102 107 109 112 120 122 123 128 133 134 137 141 146 149 154 157 159 165 172 174 178 187 189 191 192 207 209
28 35 36 42 45 50 54 59 64 66 70 71 74 81 84 88 93 96 102 107 109 115 118 122 123 127 136 137 141 142 143 153 154 157 165 171 172 174 179 184 185 191 192 205 210
28 35 36 42 45 50 54 59 64 66 70 71 74 81 84 88 93 96 102 107 109 115 118 122 123 127 136 137 141 143 153 154 157 159 165 171 172 174 179 184 185 191 192 205 210
28 35 36 42 45 50 54 59 64 66 70 71 74 81 84 88 93 96 104 107 109 111 117 122 123 127 134 135 137 141 142 147 154 157 160 170 171 172 174 179 184 191 192 206 210
28 35 36 42 45 50 54 59 64 66 70 71 74 81 84 88 93 96 104 107 109 111 117 122 123 127 135 137 141 142 147 154 157 160 170 171 172 174 179 184 185 191 192 206 210
28 35 36 42 45 50 54 59 64 66 70 71 74 81 84 88 93 96 104 107 109 111 117 122 123 127 135 137 141 147 154 157 160 170 171 172 174 179 184 185 191 192 206 210
28 35 36 42 45 50 54 59 64 66 70 71 74 81 84 88 93 96 104 107 109 117 122 123 127 134 135 137 141 142 147 154 157 160 170 171 172 174 179 184 191 192 200 206 210
28 35 36 42 45 50 54 59 64 66 70 71 74 81 84 88 93 96 104 107 109 117 122 123 127 134 135 137 141 142 147 154 157 160 170 171 172 174 179 184 191 192 206 210
28 35 36 42 45 50 54 59 64 66 70 71 74 81 84 88 93 96 104 107 109 117 122 123 127 134 135 137 141 147 154 157 160 170 171 172 174 179 184 191 192 196 206 210
28 35 36 42 45 50 54 59 64 66 70 71 74 81 84 88 93 96 104 107 109 117 122 123 127 135 137 141 142 147 154 157 160 170 171 172 174 179 184 185 191 192 206 210
28 35 36 42 45 50 54 59 64 66 70 71 74 81 84 88 93 96 104 107 109 117 122 123 127 135 137 141 147 154 157 159 160 170 171 172 174 179 184 185 191 192 206 210
28 35 36 42 45 50 54 59 64 66 70 71 74 81 84 88 93 97 98 107 110 118 120 122 123 124 132 134 137 141 142 147 154 157 163 166 172 174 178 186 190 191 192 198 207 208
28 35 36 42 45 50 54 59 64 66 70 71 74 81 84 88 93 97 98 107 110 118 120 122 123 124 132 134 137 141 142 147 154 157 166 172 174 178 186 190 191 192 198 207 208
28 35 36 42 45 50 54 59 64 66 70 71 74 81 84 88 93 97 98 107 110 118 120 122 123 124 132 134 137 141 147 154 157 163 166 172 174 178 186 190 191 192 198 207 208
28 35 36 42 45 50 54 59 64 66 70 71 74 81 84 88 93 97 98 107 110 118 120 122 123 124 132 134 137 141 147 154 157 166 172 174 178 186 190 191 192 198 207 208
28 35 36 42 45 50 54 59 64 66 70 71 74 81 84 88 93 97 99 104 107 110 112 122 123 124 132 134 136 137 142 143 152 154 157 166 171 172 174 176 182 191 192 205 210
28 35 36 42 45 50 54 59 64 66 70 71 74 81 84 88 93 97 99 104 107 110 112 122 123 124 132 136 137 142 143 152 154 157 166 171 172 174 176 182 185 191 192 205 210
28 35 36 42 45 50 54 59 64 66 70 71 74 81 84 90 93 96 102 107 109 111 115 118 122 123 127 136 137 141 143 153 154 157 165 171 172 174 179 184 185 191 192 205 210
28 35 36 42 45 50 54 59 64 66 70 71 74 81 84 90 93 96 102 107 109 112 120 122 123 128 133 134 137 141 142 146 149 154 157 165 172 174 178 187 189 191 192 207 209
28 35 36 42 45 50 54 59 64 66 70 71 74 81 84 90 93 96 102 107 109 118 122 123 127 134 136 137 141 143 153 154 157 165 171 172 174 179 184 191 192 196 200 205 210
28 35 36 42 45 50 54 59 64 66 70 71 74 81 84 90 93 96 104 107 109 117 122 123 127 134 135 137 141 147 154 157 160 170 171 172 174 179 184 191 192 196 200 206 210
28 35 36 42 45 50 54 59 64 66 70 71 74 81 84 93 96 102 107 109 112 120 122 123 128 133 134 137 141 142 146 149 154 157 165 172 174 178 187 189 191 192 207 209
28 35 36 42 45 50 54 59 64 66 70 71 74 81 84 93 96 104 107 109 117 122 123 127 134 135 137 141 147 154 157 160 170 171 172 174 179 184 191 192 196 200 206 210
28 35 36 42 45 50 54 59 64 66 70 71 74 81 85 94 96 97 101 104 105 107 111 113 122 124 132 134 136 137 141 147 154 157 166 172 174 179 187 189 191 192 199 200 209
28 35 36 42 45 50 54 59 64 66 70 71 74 81 85 94 96 97 101 104 105 107 111 116 122 123 124 132 137 141 147 154 157 166 172 174 179 188 189 191 192 197 204 206 209
28 35 36 42 45 50 54 59 64 66 70 71 74 81 85 94 96 97 101 104 105 107 111 122 123 124 132 137 141 147 154 157 166 172 174 179 188 189 191 192 197 204 206 209
28 35 36 42 45 50 54 59 64 66 70 71 74 81 85 94 96 97 104 105 107 111 115 122 123 124 132 136 137 141 147 154 157 163 166 172 174 179 188 189 191 192 197 204 209
28 35 36 42 45 50 54 59 64 66 70 71 74 81 85 94 96 97 104 105 107 111 115 122 123 124 132 136 137 141 147 154 157 166 172 174 179 188 189 191 192 197 204 209
28 35 36 42 45 50 54 59 64 66 70 71 74 81 85 94 96 97 104 105 107 111 115 122 123 124 132 137 141 147 154 157 166 172 174 179 188 189 191 192 197 204 206 209
28 35 36 42 45 50 54 59 64 66 70 71 74 81 85 94 96 101 104 105 107 111 115 122 123 124 132 136 137 141 142 147 154 157 166 172 174 179 188 189 191 192 197 204 209
28 35 36 42 45 50 54 59 64 66 70 71 74 81 85 94 96 101 104 105 107 111 115 122 123 124 132 136 137 141 147 154 157 159 166 172 174 179 188 189 191 192 197 204 209
28 35 36 42 45 50 54 59 64 66 70 71 74 81 85 94 96 101 104 105 107 111 115 122 123 124 132 136 137 142 144 149 154 157 160 167 172 174 188 189 191 192 195 201 209
28 35 36 42 45 50 54 59 64 66 70 71 74 81 85 94 96 101 104 105 107 111 115 122 123 124 132 137 141 142 147 154 157 166 172 174 179 188 189 191 192 197 204 206 209
28 35 36 42 45 50 54 59 64 66 70 71 74 81 85 94 96 101 104 105 107 111 115 122 123 124 132 137 141 147 154 157 166 172 174 177 179 188 189 191 192 197 204 206 209
28 35 36 42 45 50 54 59 64 66 70 71 74 81 85 94 96 101 104 105 107 111 115 122 123 124 132 137 142 144 149 154 157 160 167 172 174 188 189 191 192 195 201 206 209
28 35 36 42 45 50 54 59 64 66 70 71 74 81 86 91 94 96 97 98 107 112 120 122 124 130 133 136 138 139 150 154 159 163 172 174 175 183 186 191 192 195 201 208 209
28 35 36 42 45 50 54 59 64 66 70 71 74 81 86 91 94 96 98 107 111 115 122 123 124 132 135 136 137 142 143 151 154 157 166 171 172 174 181 185 191 192 195 201 210
28 35 36 42 45 50 54 59 64 66 70 71 74 81 86 91 94 96 98 107 112 120 122 124 126 130 133 136 138 139 150 154 159 160 172 174 175 183 186 191 192 195 201 208 209
28 35 36 42 45 50 54 59 64 66 70 71 74 81 86 91 94 96 98 107 112 120 122 124 126 130 133 136 138 139 150 154 159 161 172 174 175 183 186 190 191 192 195 201 208
28 35 36 42 45 50 54 59 64 66 70 71 74 81 86 91 94 96 98 107 112 120 122 124 126 130 133 136 138 139 150 154 159 161 172 174 175 183 186 191 192 195 201 208 209
28 35 36 42 45 50 54 59 64 66 70 71 74 81 86 91 94 96 98 107 112 120 122 124 126 130 133 136 138 139 150 154 159 172 174 175 183 186 190 191 192 195 201 208
28 35 36 42 45 50 54 59 64 66 70 71 74 81 86 91 94 96 98 107 112 120 122 124 126 130 133 136 138 139 150 154 159 172 174 175 183 186 191 192 195 201 208 209
28 35 36 42 45 50 54 59 64 66 70 71 74 81 86 91 94 96 98 107 112 120 122 124 126 133 136 138 139 146 150 154 159 163 172 174 175 183 186 190 191 192 195 201 208
28 35 36 42 45 50 54 59 64 66 70 71 74 81 86 91 94 96 98 107 112 120 122 124 126 133 136 138 139 150 154 159 163 172 174 175 183 186 190 191 192 195 201 208
28 35 36 42 45 50 54 59 64 66 70 71 74 81 86 91 94 96 98 107 112 120 122 124 126 133 136 138 139 150 154 159 163 172 174 175 183 186 191 192 195 201 208 209
28 35 36 42 45 50 54 59 64 66 70 71 74 81 86 91 94 96 98 107 112 120 122 124 130 133 136 138 139 142 150 154 159 163 172 174 175 183 186 190 191 192 195 201 208
28 35 36 42 45 50 54 59 64 66 70 71 76 81 84 88 94 96 99 104 107 111 113 120 122 124 132 136 138 139 143 150 154 157 160 166 171 172 174 186 191 192 199 200 210
28 35 36 42 45 50 54 59 64 66 70 71 76 81 84 88 94 96 99 104 107 111 113 120 122 125 131 138 139 143 150 153 154 157 160 166 171 172 174 186 191 192 199 200 210
28 35 36 42 45 50 54 59 64 66 70 71 76 81 84 90 94 96 99 104 105 107 111 112 119 122 124 132 138 139 145 146 154 157 160 166 169 172 174 189 190 191 192 198 205 207
28 35 36 42 45 50 54 59 64 66 70 71 76 81 84 90 94 96 99 104 105 107 111 112 119 122 125 131 136 138 139 145 146 154 157 160 166 169 172 174 189 190 191 192 198 205
28 35 36 42 45 50 54 59 64 66 70 71 76 81 84 90 94 96 99 104 105 107 111 115 122 124 127 133 137 142 143 150 153 154 157 165 172 174 180 181 191 192 198 205 206 209
28 35 36 42 45 50 54 59 64 66 70 71 76 81 84 90 94 96 99 104 105 107 111 115 122 124 127 133 137 142 143 150 153 154 158 164 171 172 174 180 181 191 192 198 205 206
28 35 36 42 45 50 54 59 64 66 70 71 76 81 84 94 96 99 104 105 107 111 112 119 122 124 132 138 139 145 146 154 157 160 166 169 172 174 189 190 191 192 198 205 207
28 35 36 42 45 50 54 59 64 66 70 71 76 81 84 94 96 99 104 105 107 111 112 119 122 125 131 136 138 139 145 146 154 157 160 166 169 172 174 189 190 191 192 198 205
28 35 36 42 45 50 54 59 64 66 70 71 76 81 84 94 96 99 104 105 107 111 115 122 124 127 133 137 142 143 150 153 154 157 165 172 174 180 181 191 192 198 205 206 209
28 35 36 42 45 50 54 59 64 66 70 71 76 81 84 94 96 99 104 105 107 111 115 122 124 127 133 137 142 143 150 153 154 158 164 171 172 174 180 181 191 192 198 205 206
28 35 36 42 50 51 54 55 59 60 69 71 81 82 89 93 96 99 104 107 109 115 117 122 123 127 134 137 141 143 148 153 154 157 161 167 168 172 174 177 184 191 192 199 206 210
28 35 36 42 50 51 55 59 60 69 71 81 82 89 93 96 100 104 107 109 115 117 122 123 128 134 137 141 144 148 153 154 157 162 167 168 172 174 177 184 191 192 197 206 210
28 35 36 42 50 54 55 59 61 63 65 69 71 81 82 87 89 93 96 102 107 109 117 122 123 127 136 137 141 142 143 153 154 157 167 171 172 174 179 183 184 191 192 205 210
28 35 36 42 50 54 55 59 61 63 65 69 71 81 82 90 91 93 96 99 103 107 109 112 122 123 130 131 136 137 141 142 143 149 152 154 157 162 164 172 174 179 188 191 192 205 209
28 35 36 42 50 54 55 59 61 63 65 69 71 81 82 90 91 93 96 102 107 109 112 122 123 126 136 137 141 143 149 152 154 157 172 174 180 182 188 190 191 192 198 202 205
28 35 36 42 50 54 55 59 61 63 65 69 71 81 82 90 91 93 96 102 107 109 112 122 123 136 137 141 142 143 149 152 154 157 172 174 180 182 188 190 191 192 198 202 205
28 35 36 42 50 54 55 59 61 63 65 69 71 81 82 91 93 96 99 103 104 107 109 112 122 123 130 131 136 137 141 142 143 152 154 157 162 164 167 172 174 179 188 191 192 205 209
28 35 36 42 50 54 55 59 61 63 65 70 71 77 81 83 94 95 98 104 107 110 112 119 122 124 132 136 138 139 142 151 154 157 172 174 179 183 185 191 192 199 201 208 209
28 35 36 42 50 54 55 59 61 63 69 71 81 82 91 93 96 99 103 104 107 109 112 122 123 130 131 136 137 141 143 152 154 157 162 164 167 172 174 177 183 189 191 192 205 209
28 35 36 42 50 54 55 59 61 63 69 72 73 76 81 83 91 94 95 103 107 110 119 122 124 127 133 138 139 145 147 151 154 157 158 164 170 172 174 190 191 192 198 202 206
28 35 36 42 50 54 55 59 61 63 70 71 78 81 84 85 88 94 95 105 107 110 118 122 124 129 131 135 138 139 144 148 154 157 172 174 176 182 189 190 191 192 197 204 206
28 35 36 42 50 54 55 59 61 63 70 71 78 81 84 85 88 94 95 105 107 110 118 122 124 129 131 135 138 139 144 148 154 157 172 174 176 182 189 191 192 197 204 206 209
28 35 36 42 50 54 55 59 61 63 70 71 78 81 84 85 88 94 96 102 107 110 122 123 124 134 136 137 141 143 149 150 154 157 162 164 170 172 174 186 191 192 198 202 210
28 35 36 42 50 54 55 59 61 63 70 71 78 81 84 85 88 94 96 102 107 110 122 123 124 134 137 141 143 149 150 154 157 162 164 170 172 174 186 191 192 198 202 206 210
28 35 36 42 50 54 55 59 61 64 70 71 74 81 84 86 88 91 94 96 98 107 110 118 122 124 127 135 138 139 145 148 152 154 158 159 165 168 172 175 181 182 188 191 193 208 210
28 35 36 42 50 54 55 59 61 65 69 71 77 81 82 86 90 93 96 99 105 107 109 112 122 123 126 133 136 137 141 143 152 154 157 162 164 172 174 185 189 191 192 205 209
28 35 36 42 50 54 55 59 61 65 69 71 77 81 82 86 90 93 96 99 105 107 109 112 122 123 133 136 137 141 143 152 154 157 162 164 172 174 185 189 191 192 196 205 209
28 35 36 42 50 54 55 59 61 65 69 71 77 81 82 86 90 93 96 99 105 107 109 114 116 122 123 127 133 137 141 142 151 154 157 160 170 171 172 174 185 191 192 206 210
28 35 36 42 50 54 55 59 61 65 69 71 77 81 82 86 93 96 98 107 109 114 116 122 123 130 134 135 137 141 142 144 150 154 157 160 165 168 172 174 184 190 191 192 206 208
28 35 36 42 50 54 55 59 61 65 69 71 77 81 82 86 93 96 98 107 109 114 116 122 123 134 135 137 141 142 144 150 154 157 160 165 168 172 174 184 190 191 192 206 208
28 35 36 42 50 54 55 59 61 65 69 71 77 81 82 86 93 96 99 105 107 109 112 117 122 123 133 136 137 141 143 152 154 157 162 164 172 174 177 185 189 191 192 205 209
28 35 36 42 50 54 55 59 61 65 69 71 77 81 82 86 93 96 99 105 107 109 112 117 122 123 133 136 137 141 143 152 154 157 162 164 172 174 181 185 189 191 192 196 205 209
28 35 36 42 50 54 55 59 61 65 69 71 77 81 82 86 93 96 99 105 107 109 112 117 122 123 133 136 137 141 143 152 154 157 162 164 172 174 185 189 191 192 196 205 209
28 35 36 42 50 54 55 59 61 65 69 71 81 82 86 90 91 93 96 102 107 109 112 122 123 126 136 137 141 143 149 152 154 157 162 164 172 174 188 190 191 192 198 204 205
28 35 36 42 50 54 55 59 61 65 69 71 81 82 86 90 91 93 96 102 107 109 112 122 123 130 136 137 141 142 143 149 152 154 157 162 164 172 174 188 190 191 192 198 204 205
28 35 36 42 50 54 55 59 61 65 69 71 81 82 86 91 93 96 102 107 109 112 117 122 123 136 137 141 143 149 152 154 157 162 164 172 174 177 188 190 191 192 198 204 205
28 35 36 42 50 54 55 59 61 65 69 71 81 82 86 91 93 96 102 107 109 112 117 122 123 136 137 141 143 149 152 154 157 162 164 172 174 188 190 191 192 196 198 204 205
28 35 36 42 50 54 55 59 61 65 69 72 74 81 83 91 93 96 102 107 109 112 117 122 123 136 137 141 143 150 152 154 157 162 164 172 174 188 190 191 192 198 203 205
28 35 36 42 50 54 55 59 61 65 69 72 74 81 83 91 93 96 105 107 109 112 117 120 122 123 129 131 137 141 147 154 157 161 166 172 174 178 187 189 191 192 207 209
28 35 36 42 50 54 55 59 61 65 70 71 74 78 81 83 85 94 95 100 102 107 110 111 119 122 124 135 136 138 139 144 149 154 157 160 167 172 174 177 186 191 192 200 201 208 209
28 35 36 42 50 54 55 59 61 65 70 71 74 78 81 83 85 94 95 105 107 110 111 119 122 124 127 138 139 146 147 153 154 157 162 164 168 172 174 179 184 189 191 192 206 209
28 35 36 42 50 54 55 59 61 65 70 71 74 78 81 83 94 95 105 107 110 111 119 122 124 127 138 139 146 147 153 154 157 162 164 168 172 174 179 184 189 191 192 206 209
28 35 36 42 50 54 55 59 61 65 70 71 74 81 84 85 94 95 100 103 107 110 116 122 124 127 134 136 138 139 144 146 149 154 158 159 166 167 172 174 189 191 192 199 205 209
28 35 36 42 50 54 55 59 63 65 69 72 75 81 82 83 90 91 93 97 98 101 107 110 116 122 124 135 137 141 143 150 151 154 157 170 172 174 181 182 190 191 192 198 202 206
28 35 36 42 50 54 55 59 63 65 69 72 75 81 82 83 90 91 93 97 98 101 107 110 119 120 122 124 129 131 137 141 147 154 157 170 172 174 178 186 190 191 192 198 202 208
28 35 36 42 50 54 55 59 63 65 70 71 72 81 84 87 94 96 99 103 107 111 113 118 122 124 129 134 138 139 146 147 154 159 160 163 172 174 175 184 189 191 192 195 205 207 209
28 35 36 42 50 54 55 59 63 65 70 71 73 81 84 85 88 91 94 96 102 107 110 118 122 124 129 131 138 139 150 153 154 157 159 170 172 174 179 186 190 191 192 200 202 206
28 35 36 42 50 54 55 59 63 65 70 71 73 81 84 87 93 97 98 101 104 107 110 116 122 123 124 132 134 136 137 141 144 148 154 157 166 172 174 181 182 190 191 192 205 208
28 35 36 42 50 54 55 59 63 65 70 71 73 81 84 88 93 96 102 107 109 117 120 122 123 127 133 134 137 141 144 148 154 157 159 166 172 174 180 182 190 191 192 207 208
28 35 36 42 50 54 55 59 63 65 70 71 78 81 84 85 88 94 95 105 107 110 118 122 124 129 131 135 138 139 144 148 154 157 159 172 174 176 182 189 190 191 192 197 204 206
28 35 36 42 50 54 55 59 63 65 70 71 78 81 84 85 88 94 96 102 107 110 112 118 119 122 124 129 131 138 139 151 154 158 159 172 174 175 185 188 191 192 198 202 208 209
28 35 36 42 50 54 55 59 63 65 70 71 78 81 84 85 88 94 96 102 107 110 113 122 123 124 134 136 137 141 143 149 150 154 157 159 172 174 179 183 186 191 192 199 201 209
28 35 36 42 50 54 55 59 63 65 70 71 78 81 84 88 93 96 102 107 109 122 123 127 134 136 137 141 143 149 153 154 157 162 164 169 172 174 179 183 191 192 196 205 210
28 35 36 42 50 54 55 59 63 65 70 71 78 81 84 88 93 96 104 107 109 114 116 122 123 127 134 135 137 141 147 154 157 160 170 171 172 174 179 183 191 192 196 206 210
28 35 36 42 50 54 55 60 61 63 70 71 81 83 90 94 95 101 102 107 110 112 118 122 124 128 132 135 138 139 145 150 154 157 166 172 174 178 186 187 191 192 196 200 208 209
28 35 36 42 50 54 55 60 61 63 70 71 81 83 90 94 95 101 102 107 110 112 118 122 124 128 132 135 138 139 150 154 157 162 166 172 174 178 186 187 191 192 196 200 208 209
28 35 36 42 50 54 55 60 61 63 70 72 73 76 81 83 90 94 95 104 105 107 110 112 118 122 124 128 132 138 139 146 147 153 154 157 162 164 172 174 178 189 191 192 206 209
28 35 36 42 50 54 55 60 61 63 70 72 73 76 81 83 90 94 95 104 105 107 110 116 122 124 128 132 138 139 153 154 157 172 174 180 182 189 190 191 192 197 203 206
28 35 36 42 50 54 55 60 61 63 70 72 73 76 81 83 94 95 105 107 110 112 118 119 122 124 129 131 138 139 142 148 153 154 157 161 165 168 172 174 178 189 191 192 206 209
28 35 36 42 50 54 55 60 61 63 70 72 76 82 83 85 91 94 96 105 108 109 114 116 122 125 132 138 140 152 153 154 158 164 172 174 177 183 187 191 192 197 204 210
28 35 36 42 50 54 59 61 63 65 69 71 81 82 85 91 93 96 101 102 107 109 117 122 123 136 137 141 144 148 149 154 157 172 174 177 180 182 188 190 191 192 197 204 205
28 35 36 42 50 54 59 61 63 65 69 71 81 82 87 89 93 96 101 102 107 109 117 122 123 127 136 137 141 142 143 153 154 157 167 171 172 174 179 183 184 191 192 205 210
28 35 36 42 50 54 59 61 63 65 69 71 81 82 90 91 93 96 102 107 109 112 122 123 130 136 137 141 142 143 149 152 154 157 172 174 180 182 188 190 191 192 198 202 205
28 35 36 42 50 54 59 61 63 65 69 71 81 82 90 91 93 96 102 107 109 112 122 123 136 137 141 143 146 149 152 154 157 172 174 177 180 182 188 190 191 192 198 202 205
28 35 36 42 50 54 59 61 63 65 70 71 78 81 83 93 96 101 102 107 109 112 120 122 123 128 132 134 137 141 143 149 154 157 169 172 174 177 180 182 190 191 192 207 208
28 35 36 42 50 54 59 61 63 65 70 71 78 81 83 93 96 104 107 109 114 116 122 123 127 130 135 137 141 142 147 154 157 160 170 171 172 174 179 183 185 191 192 206 210
28 35 36 42 50 54 59 61 65 69 71 76 77 81 82 86 90 93 96 99 105 107 109 112 122 123 133 136 137 141 142 143 152 154 157 162 164 172 174 185 189 191 192 200 205 209
28 35 36 42 50 54 59 61 65 69 71 76 77 81 82 86 90 93 96 99 105 107 109 112 122 123 133 136 137 141 143 152 154 157 162 164 172 174 185 189 191 192 196 205 209
28 35 36 42 50 54 59 61 65 69 71 76 77 81 82 86 93 96 98 107 109 114 116 122 123 134 135 137 141 142 144 150 154 157 160 165 168 172 174 184 190 191 192 206 208
28 35 36 42 50 54 59 61 65 69 71 76 77 81 82 86 93 96 99 105 107 109 112 117 122 123 133 136 137 141 143 152 154 157 162 164 172 174 177 185 189 191 192 200 205 209
28 35 36 42 50 54 59 61 65 69 71 76 77 81 82 86 93 96 99 105 107 109 112 117 122 123 133 136 137 141 143 152 154 157 162 164 172 174 177 185 189 191 192 205 209
28 35 36 42 50 54 59 61 65 69 71 76 77 81 82 86 93 96 99 105 107 109 112 117 122 123 133 136 137 141 143 152 154 157 162 164 172 174 185 189 191 192 196 205 209
28 35 36 42 50 54 59 61 65 69 71 76 77 81 82 86 93 96 99 105 107 109 112 122 123 133 136 137 141 142 143 152 154 157 162 164 165 172 174 185 189 191 192 205 209
28 35 36 42 50 54 59 61 65 69 71 76 77 81 82 86 93 96 99 105 107 109 112 122 123 133 136 137 141 143 152 154 157 162 164 165 172 174 177 185 189 191 192 205 209
28 35 36 42 50 54 59 61 65 69 71 76 81 82 86 91 93 96 98 104 107 109 114 116 117 122 123 136 137 141 142 147 154 157 160 168 172 174 188 190 191 192 198 204 208
28 35 36 42 50 54 59 61 65 69 71 76 81 82 86 91 93 96 98 104 107 109 114 116 122 123 126 136 137 141 142 147 154 157 160 165 168 172 174 188 190 191 192 198 204 208
28 35 36 42 50 54 59 61 65 69 71 76 81 82 86 91 93 96 98 104 107 109 114 116 122 123 136 137 141 142 147 154 157 160 165 168 172 174 188 190 191 192 198 204 208
28 35 36 42 50 54 59 61 65 69 71 77 81 82 86 90 93 96 99 105 107 109 112 122 123 130 133 136 137 141 142 143 152 154 157 162 164 172 174 185 189 191 192 205 209
28 35 36 42 50 54 59 61 65 69 71 77 81 82 86 90 93 96 99 105 107 109 112 122 123 130 133 136 137 141 143 152 154 157 162 164 172 174 185 189 191 192 196 205 209
28 35 36 42 50 54 59 61 65 69 71 77 81 82 86 90 93 96 99 105 107 109 112 122 123 133 136 137 141 143 146 152 154 157 162 164 172 174 185 189 191 192 196 205 209
28 35 36 42 50 54 59 61 65 69 71 77 81 82 86 90 93 96 101 107 109 112 120 122 123 134 137 141 144 150 151 154 157 162 164 172 174 177 178 184 187 191 192 207 209
28 35 36 42 50 54 59 61 65 69 71 77 81 82 86 90 93 96 101 107 109 112 120 122 123 134 137 141 144 150 151 154 157 162 164 172 174 178 184 187 191 192 196 207 209
28 35 36 42 50 54 59 61 65 69 71 77 81 82 86 93 96 99 101 105 107 109 112 117 122 123 133 136 137 141 143 152 154 157 162 164 172 174 177 185 189 191 192 205 209
28 35 36 42 50 54 59 61 65 69 71 77 81 82 86 93 96 99 101 105 107 109 112 122 123 126 133 136 137 141 143 152 154 157 162 164 165 172 174 185 189 191 192 205 209
28 35 36 42 50 54 59 61 65 69 71 77 81 82 86 93 96 99 101 105 107 109 112 122 123 133 136 137 141 142 143 152 154 157 162 164 165 172 174 185 189 191 192 205 209
28 35 36 42 50 54 59 61 65 69 71 77 81 82 86 93 96 99 101 105 107 109 112 122 123 133 136 137 141 143 152 154 157 162 164 165 172 174 177 185 189 191 192 205 209
28 35 36 42 50 54 59 61 65 69 71 77 81 82 86 93 96 99 105 107 109 112 117 122 123 133 136 137 141 143 152 154 157 162 164 172 174 181 185 189 191 192 196 205 209
28 35 36 42 50 54 59 61 65 69 71 77 81 82 86 93 96 99 105 107 109 112 122 123 130 133 136 137 141 142 143 152 154 157 162 164 165 172 174 185 189 191 192 205 209
28 35 36 42 50 54 59 61 65 69 71 77 81 82 86 93 96 99 105 107 109 112 122 123 130 133 136 137 141 143 152 154 157 162 164 165 172 174 177 185 189 191 192 205 209
28 35 36 42 50 54 59 61 65 69 71 77 81 82 86 93 96 101 107 109 112 120 122 123 126 134 137 141 144 150 151 154 157 162 164 165 172 174 178 184 187 191 192 207 209
28 35 36 42 50 54 59 61 65 69 71 77 81 82 86 93 96 101 107 109 112 120 122 123 134 137 141 144 150 151 154 157 162 164 165 172 174 177 178 184 187 191 192 207 209
28 35 36 42 50 54 59 61 65 69 71 81 82 86 90 91 93 96 101 102 107 109 112 122 123 126 136 137 141 143 149 152 154 157 162 164 172 174 188 190 191 192 198 204 205
28 35 36 42 50 54 59 61 65 69 71 81 82 86 90 91 93 96 101 102 107 109 112 122 123 136 137 141 142 143 149 152 154 157 162 164 172 174 181 188 190 191 192 198 204 205
28 35 36 42 50 54 59 61 65 69 71 81 82 86 90 91 93 96 101 102 107 109 112 122 123 136 137 141 142 143 149 152 154 157 162 164 172 174 188 190 191 192 198 204 205
28 35 36 42 50 54 59 61 65 69 71 81 82 86 90 91 93 96 101 102 107 109 112 122 123 136 137 141 143 149 152 154 157 162 164 172 174 177 188 190 191 192 198 204 205
28 35 36 42 50 54 59 61 65 69 71 81 82 86 90 91 93 96 102 107 109 112 122 123 130 136 137 141 142 143 149 152 154 157 162 164 172 174 188 190 191 192 198 204 205
28 35 36 42 50 54 59 61 65 69 71 81 82 86 91 93 96 101 102 107 109 112 117 122 123 136 137 141 143 149 152 154 157 162 164 172 174 177 188 190 191 192 198 204 205
28 35 36 42 50 54 59 61 65 69 71 81 82 86 91 93 96 101 102 107 109 112 122 123 126 136 137 141 143 149 152 154 157 162 164 165 172 174 188 190 191 192 198 204 205
28 35 36 42 50 54 59 61 65 69 71 81 82 86 91 93 96 101 102 107 109 112 122 123 136 137 141 142 143 149 152 154 157 162 164 165 172 174 188 190 191 192 198 204 205
28 35 36 42 50 54 59 61 65 69 71 81 82 86 91 93 96 102 107 109 112 117 122 123 136 137 141 143 149 152 154 157 162 164 172 174 181 188 190 191 192 196 198 204 205
28 35 36 42 50 54 59 61 65 69 71 81 82 86 91 93 96 102 107 109 112 122 123 130 136 137 141 142 143 149 152 154 157 162 164 165 172 174 188 190 191 192 198 204 205
28 35 36 42 50 54 59 61 65 69 71 81 82 86 91 93 96 102 107 109 112 122 123 130 136 137 141 143 149 152 154 157 162 164 165 172 174 188 190 191 192 196 198 204 205
28 35 36 42 50 54 59 61 65 69 71 81 82 86 91 93 96 102 107 109 112 122 123 136 137 141 143 146 149 152 154 157 162 164 165 172 174 188 190 191 192 196 198 204 205
28 35 36 42 50 54 59 63 65 69 71 81 82 85 91 93 96 99 103 104 107 109 111 122 123 129 131 136 137 141 142 146 147 154 157 165 172 174 188 190 191 192 197 204 208
28 35 36 42 50 54 59 63 65 69 71 81 82 87 89 93 96 98 107 109 111 119 120 122 123 128 132 133 137 141 142 146 147 154 157 165 172 174 178 186 190 191 192 207 208
28 35 36 42 50 54 59 63 65 69 72 73 76 81 83 89 94 95 104 107 110 112 118 122 124 135 138 139 144 148 150 154 157 158 165 169 172 174 190 191 192 196 199 201 207
28 35 36 42 50 54 59 63 65 69 72 74 81 82 83 89 91 93 97 98 101 107 110 113 117 122 124 134 135 137 141 152 154 157 165 172 174 178 186 189 191 192 199 201 209
28 35 36 42 50 54 59 63 65 69 72 75 76 77 81 83 85 94 95 103 105 107 110 111 119 122 124 127 138 139 149 153 154 157 158 164 170 172 174 190 191 192 198 202 206
28 35 36 42 50 54 59 63 65 69 72 75 76 77 81 83 85 94 95 103 105 107 110 111 119 122 124 127 138 139 149 153 154 157 158 164 170 172 174 191 192 198 202 206 210
28 35 36 42 50 54 59 63 65 69 72 75 76 77 81 83 86 93 97 98 107 109 110 116 117 122 123 134 135 137 141 146 150 154 157 160 168 171 172 174 184 191 192 206 210
28 35 36 42 50 54 59 63 65 69 72 75 76 81 82 90 93 97 98 107 109 114 118 122 123 125 131 134 135 137 141 144 148 154 157 160 168 172 174 184 190 191 192 206 208
28 35 36 42 50 54 59 63 65 69 72 76 81 83 85 94 95 100 104 107 110 115 117 119 122 124 126 137 141 142 147 154 157 160 167 170 172 174 179 183 189 191 192 199 205 206
28 35 36 42 50 54 59 63 65 69 72 76 81 83 85 94 95 100 104 107 110 115 117 119 122 124 131 137 141 142 147 154 157 160 167 170 172 174 179 183 189 191 192 199 205 206
28 35 36 42 50 54 59 63 65 69 72 76 81 83 85 94 95 100 104 107 110 116 122 124 126 127 134 138 139 144 148 152 154 158 163 165 167 172 175 182 188 191 192 199 205 209
28 35 36 42 50 54 59 63 65 69 73 76 81 82 83 89 91 93 97 100 101 102 107 110 112 122 124 132 136 137 141 142 152 154 157 167 172 174 179 183 189 191 192 205 209
28 35 36 42 50 54 59 63 65 70 71 72 77 81 84 85 88 94 96 105 107 110 122 123 124 132 136 137 141 144 148 151 154 157 166 172 174 180 182 188 191 192 197 204 209
28 35 36 42 50 54 59 63 65 70 71 72 77 81 84 85 88 94 96 105 107 110 122 123 124 132 137 141 144 148 151 154 157 166 172 174 180 182 188 191 192 197 204 206 209
28 35 36 42 50 54 59 63 65 70 71 72 77 81 84 88 93 96 99 103 107 109 118 122 123 127 134 136 137 141 143 153 154 157 165 171 172 174 180 182 191 192 196 205 210
28 35 36 42 50 54 59 63 65 70 71 72 77 81 84 88 93 96 107 109 112 118 122 123 128 132 135 137 141 143 151 154 157 165 171 172 174 180 182 185 191 192 206 210
28 35 36 42 50 54 59 63 65 70 71 72 77 81 84 88 93 96 107 109 117 122 123 127 134 135 137 141 144 148 151 154 157 160 166 170 172 174 180 182 191 192 196 206 210
28 35 36 42 50 54 59 63 65 70 71 72 77 81 84 88 93 96 107 109 117 122 123 127 134 135 137 141 144 148 151 154 157 160 166 170 172 174 180 182 191 192 206 210
28 35 36 42 50 54 59 63 65 70 71 72 77 81 84 88 93 96 107 109 117 122 123 127 134 135 137 141 151 154 157 160 166 170 172 174 179 183 189 191 192 199 201 206
28 35 36 42 50 54 59 63 65 70 71 72 77 81 84 88 93 96 107 109 117 122 123 127 135 137 141 144 148 151 154 157 160 166 170 172 174 180 182 185 191 192 206 210
28 35 36 42 50 54 59 63 65 70 71 72 77 81 85 88 94 95 103 107 111 115 122 123 125 134 137 141 144 148 153 154 157 160 166 167 172 174 186 191 192 199 201 206 210
28 35 36 42 50 54 59 63 65 70 71 73 81 84 85 88 91 93 96 104 107 109 111 114 116 122 123 128 132 135 137 141 146 147 148 154 157 169 172 174 185 190 191 192 197 208
28 35 36 42 50 54 59 63 65 70 71 73 81 84 87 88 89 94 96 99 103 107 111 113 122 123 124 133 134 137 142 143 149 154 157 165 172 174 186 189 191 192 195 201 206 209
28 35 36 42 50 54 59 63 65 70 71 73 81 84 87 88 93 97 98 107 109 120 122 123 125 133 134 137 141 146 147 148 154 157 162 167 169 172 174 178 186 189 191 192 198 207
28 35 36 42 50 54 59 63 65 70 71 73 81 84 88 89 93 96 102 107 109 117 120 122 123 127 133 134 137 141 142 149 154 157 162 164 172 174 179 183 189 191 192 207 209
28 35 36 42 50 54 59 63 65 70 71 73 81 84 88 93 96 99 103 107 109 111 118 122 123 129 131 136 137 141 142 147 154 157 165 171 172 174 178 184 185 191 192 205 210
28 35 36 42 50 54 59 63 65 70 71 73 81 84 88 93 96 99 103 107 109 118 122 123 129 131 134 136 137 141 142 147 154 157 165 171 172 174 178 184 191 192 205 210
28 35 36 42 50 54 59 63 65 70 71 73 81 84 88 93 96 99 103 107 109 118 122 123 129 131 136 137 141 142 147 154 157 165 171 172 174 178 184 185 191 192 205 210
28 35 36 42 50 54 59 63 65 70 71 73 81 84 88 93 96 102 107 109 117 120 122 123 127 133 134 137 141 142 149 154 157 162 164 172 174 179 183 189 191 192 207 209
28 35 36 42 50 54 59 63 65 70 71 73 81 84 88 93 96 102 107 109 117 120 122 123 127 133 134 137 141 144 148 154 157 159 166 172 174 180 182 190 191 192 207 208
28 35 36 42 50 54 59 63 65 70 71 73 81 84 88 93 96 102 107 109 117 120 122 123 127 133 137 141 144 148 154 157 166 172 174 180 182 185 190 191 192 196 207 208
28 35 36 42 50 54 59 63 65 70 71 73 81 84 88 93 96 104 107 109 114 116 122 123 128 132 135 137 141 142 147 154 157 165 171 172 174 178 184 185 191 192 206 210
28 35 36 42 50 54 59 63 65 70 71 73 81 84 88 93 97 98 104 107 109 117 122 123 125 131 134 136 137 141 149 154 157 162 164 172 174 179 183 189 191 192 205 209
28 35 36 42 50 54 59 63 65 70 71 73 81 85 88 91 94 95 103 107 111 114 115 116 122 124 133 136 138 139 150 154 159 160 172 174 176 182 186 190 191 192 198 202 208
28 35 36 42 50 54 59 63 65 70 71 73 81 85 88 91 94 95 103 107 111 114 115 116 122 125 128 132 138 139 150 153 154 159 160 172 174 176 182 186 190 191 192 194 203 206
28 35 36 42 50 54 59 63 65 70 71 73 81 85 88 91 94 95 103 107 111 114 115 116 122 125 128 132 138 139 150 153 154 159 161 172 174 176 182 186 190 191 192 194 203 206
28 35 36 42 50 54 59 63 65 70 71 73 81 85 88 91 94 95 103 107 111 115 122 123 125 131 135 136 137 141 142 149 154 157 162 164 172 174 185 190 191 192 198 202 208
28 35 36 42 50 54 59 63 65 70 71 73 81 85 88 91 94 95 103 107 111 115 122 123 125 131 135 136 137 141 149 154 157 159 162 164 172 174 185 190 191 192 198 202 208
28 35 36 42 50 54 59 63 65 70 71 73 81 85 88 91 94 96 97 102 107 111 115 122 123 124 132 135 137 141 144 148 154 157 166 172 174 185 189 191 192 199 201 206 209
28 35 36 42 50 54 59 63 65 70 71 73 81 85 88 93 97 100 101 102 107 109 118 120 122 123 128 132 137 142 143 149 154 157 165 172 174 176 182 185 190 191 192 207 208
28 35 36 42 50 54 59 63 65 70 71 73 81 85 88 93 97 100 101 102 107 110 113 117 122 123 124 133 135 137 142 143 149 154 157 165 172 174 176 182 185 190 191 192 206 208
28 35 36 42 50 54 59 63 65 70 71 77 78 81 84 87 88 89 94 96 98 107 110 111 120 122 124 138 139 150 153 154 157 160 168 170 172 174 191 192 198 202 206 210
28 35 36 42 50 54 59 63 65 70 71 77 81 83 86 90 94 95 97 104 107 110 112 122 124 132 136 138 139 150 154 157 172 174 178 186 187 191 192 196 199 200 201 208 209
28 35 36 42 50 54 59 63 65 70 71 77 81 83 86 90 94 95 98 104 107 110 111 119 122 124 132 138 139 153 154 157 172 174 177 180 181 182 189 190 191 192 197 205 206
28 35 36 42 50 54 59 63 65 70 71 77 81 84 85 88 94 95 103 107 110 113 117 122 124 127 133 134 138 139 151 154 157 159 172 174 176 185 187 191 192 199 201 208 209
28 35 36 42 50 54 59 63 65 70 71 77 81 84 85 88 94 95 103 107 110 113 117 122 124 127 133 134 138 139 151 154 157 172 174 176 185 187 190 191 192 196 199 201 208
28 35 36 42 50 54 59 63 65 70 71 77 81 84 85 88 94 96 105 107 110 113 117 120 122 124 133 138 139 145 147 154 158 159 172 174 175 183 189 190 191 192 197 204 207
28 35 36 42 50 54 59 63 65 70 71 77 81 84 85 94 95 103 107 110 113 117 122 124 127 133 134 138 139 151 154 157 172 174 176 185 187 190 191 192 196 199 200 201 208
28 35 36 42 50 54 59 63 65 70 71 77 81 84 85 94 95 103 107 110 113 117 122 124 127 133 134 138 139 151 154 157 172 174 176 185 187 191 192 196 199 200 201 208 209
28 35 36 42 50 54 59 63 65 70 71 77 81 84 88 93 96 98 107 109 117 120 122 123 129 131 134 137 141 142 151 154 157 160 166 172 174 179 183 189 191 192 207 209
28 35 36 42 50 54 59 63 65 70 71 77 81 84 88 93 96 99 103 107 109 111 118 122 123 127 136 137 141 143 153 154 157 165 171 172 174 180 182 185 191 192 205 210
28 35 36 42 50 54 59 63 65 70 71 77 81 84 88 93 96 99 103 107 109 112 118 122 123 129 131 134 137 141 142 151 154 157 165 172 174 178 187 189 191 192 207 209
28 35 36 42 50 54 59 63 65 70 71 77 81 84 88 93 96 99 103 107 109 118 122 123 127 134 136 137 141 143 153 154 157 165 171 172 174 180 182 191 192 196 205 210
28 35 36 42 50 54 59 63 65 70 71 77 81 84 88 93 96 99 103 107 109 118 122 123 127 136 137 141 142 143 153 154 157 165 171 172 174 180 182 185 191 192 205 210
28 35 36 42 50 54 59 63 65 70 71 77 81 84 88 93 97 98 107 109 117 122 123 125 135 137 141 144 148 153 154 157 160 166 168 172 174 180 182 185 191 192 206 210
28 35 36 42 50 54 59 63 65 70 71 77 81 84 88 93 97 98 107 110 113 117 122 123 124 133 135 137 141 143 151 154 157 165 171 172 174 180 182 185 191 192 206 210
28 35 36 42 50 54 59 63 65 70 71 78 81 84 85 88 93 96 102 107 109 122 123 134 136 137 141 143 149 150 154 157 159 162 164 169 172 174 190 191 192 198 202 205
28 35 36 42 50 54 59 63 65 70 71 78 81 84 85 88 94 95 105 107 110 118 122 124 129 131 135 138 139 144 148 154 157 159 172 174 176 182 189 190 191 192 197 204 206
28 35 36 42 50 54 59 63 65 70 71 78 81 84 85 88 94 96 102 107 110 112 118 119 122 124 129 131 138 139 151 154 158 159 172 174 175 185 188 191 192 198 202 208 209
28 35 36 42 50 54 59 63 65 70 71 78 81 84 87 88 89 94 96 98 104 107 110 116 122 124 127 136 138 139 151 154 158 159 172 174 175 185 188 191 192 198 202 208 209
28 35 36 42 50 54 59 63 65 70 71 78 81 84 88 89 93 96 102 107 109 122 123 127 134 136 137 141 143 149 153 154 157 162 164 169 172 174 179 183 191 192 196 205 210
28 35 36 42 50 54 59 63 65 70 71 78 81 84 88 89 93 96 104 107 109 114 116 122 123 127 134 135 137 141 147 154 157 160 170 171 172 174 179 183 191 192 196 206 210
28 35 36 42 50 54 59 63 65 70 71 78 81 84 88 93 96 98 104 107 109 111 122 123 129 131 136 137 141 142 147 154 157 169 172 174 178 185 186 190 191 192 198 202 208
28 35 36 42 50 54 59 63 65 70 71 78 81 84 88 93 96 98 104 107 109 114 116 122 123 128 132 137 141 142 147 154 157 169 172 174 178 185 186 190 191 192 207 208
28 35 36 42 50 54 59 63 65 70 71 78 81 84 88 93 96 98 104 107 109 122 123 129 131 134 136 137 141 142 147 154 157 160 169 171 172 174 179 183 191 192 205 210
28 35 36 42 50 54 59 63 65 70 71 78 81 84 88 93 96 98 104 107 109 122 123 129 131 134 136 137 141 142 147 154 157 169 172 174 178 186 190 191 192 198 202 208
28 35 36 42 50 54 59 63 65 70 71 78 81 84 88 93 96 98 104 107 109 122 123 129 131 136 137 141 142 147 154 157 169 172 174 178 185 186 190 191 192 198 202 208
28 35 36 42 50 54 59 63 65 70 71 78 81 84 88 93 96 101 102 107 109 112 120 122 123 128 132 137 141 142 143 149 154 157 169 172 174 180 182 185 190 191 192 207 208
28 35 36 42 50 54 59 63 65 70 71 78 81 84 88 93 96 101 102 107 109 112 120 122 123 128 132 137 141 143 149 154 157 169 172 174 180 182 185 190 191 192 196 207 208
28 35 36 42 50 54 59 63 65 70 71 78 81 84 88 93 96 101 102 107 109 122 123 127 134 136 137 141 143 149 153 154 157 159 162 164 169 172 174 179 183 191 192 205 210
28 35 36 42 50 54 59 63 65 70 71 78 81 84 88 93 96 102 107 109 111 112 120 122 123 128 132 137 141 143 149 154 157 169 172 174 180 182 185 190 191 192 207 208
28 35 36 42 50 54 59 63 65 70 71 78 81 84 88 93 96 102 107 109 111 122 123 127 136 137 141 143 149 153 154 157 169 172 174 180 182 185 190 191 192 198 202 205
28 35 36 42 50 54 59 63 65 70 71 78 81 84 88 93 96 102 107 109 112 120 122 123 128 132 137 141 142 143 149 154 157 169 172 174 180 182 185 190 191 192 207 208
28 35 36 42 50 54 59 63 65 70 71 78 81 84 88 93 96 102 107 109 112 120 122 123 128 132 137 141 143 149 154 157 169 172 174 180 182 185 190 191 192 196 207 208
28 35 36 42 50 54 59 63 65 70 71 78 81 84 88 93 96 102 107 109 122 123 127 134 136 137 141 143 149 153 154 157 159 162 164 169 172 174 179 183 191 192 205 210
28 35 36 42 50 54 59 63 65 70 71 78 81 84 88 93 96 102 107 109 122 123 127 134 136 137 141 143 149 153 154 157 159 169 172 174 180 182 190 191 192 198 202 205
28 35 36 42 50 54 59 63 65 70 71 78 81 84 88 93 96 102 107 109 122 123 127 134 136 137 141 143 149 153 154 157 162 164 169 172 174 179 183 191 192 196 205 210
28 35 36 42 50 54 59 63 65 70 71 78 81 84 88 93 96 102 107 109 122 123 127 136 137 141 142 143 149 153 154 157 169 172 174 180 182 185 190 191 192 198 202 205
28 35 36 42 50 54 59 63 65 70 71 78 81 84 88 93 96 104 107 109 111 114 116 122 123 127 134 135 137 141 146 147 154 157 160 170 171 172 174 179 183 191 192 206 210
28 35 36 42 50 54 59 63 65 70 71 78 81 84 88 93 96 104 107 109 111 114 116 122 123 127 134 135 137 141 147 154 157 160 170 171 172 174 179 183 191 192 206 210
28 35 36 42 50 54 59 63 65 70 71 78 81 84 88 93 96 104 107 109 114 116 122 123 127 134 135 137 141 142 147 154 157 160 170 171 172 174 179 183 191 192 206 210
28 35 36 42 50 54 59 63 65 70 71 78 81 84 88 93 96 104 107 109 114 116 122 123 127 134 135 137 141 146 147 154 157 160 170 171 172 174 179 183 191 192 196 206 210
28 35 36 42 50 54 59 63 65 70 71 78 81 84 88 93 96 104 107 109 114 116 122 123 127 134 135 137 141 147 154 157 160 170 171 172 174 179 183 191 192 196 206 210
28 35 36 42 50 54 59 63 65 70 71 78 81 84 88 93 97 98 107 109 120 122 123 125 131 134 137 141 149 154 157 162 164 169 172 174 178 186 189 191 192 198 202 207
28 35 36 42 50 54 59 63 65 70 71 78 81 85 88 93 97 100 101 102 107 110 112 118 122 123 124 135 137 142 143 152 154 157 170 171 172 174 176 182 185 191 192 198 202 210
28 35 36 42 50 54 59 63 65 70 71 78 81 85 88 94 95 105 107 111 114 115 116 122 125 127 133 134 138 139 144 148 154 159 160 172 174 176 182 189 190 191 192 194 205 206
28 35 36 42 50 54 59 63 65 70 71 78 81 85 88 94 95 105 107 111 115 122 123 125 131 136 137 141 142 149 154 157 162 164 168 172 174 179 183 188 191 192 197 204 208
28 35 36 42 50 54 59 63 65 70 71 78 81 85 88 94 95 105 107 111 115 122 123 125 131 136 137 141 149 154 157 159 162 164 168 172 174 179 183 188 191 192 197 204 208
28 35 36 42 50 54 59 63 65 70 72 73 81 84 87 88 94 96 99 103 107 110 120 122 124 129 134 136 138 139 143 149 154 157 158 164 166 172 174 185 190 191 192 200 202 208
28 35 36 42 50 54 59 63 65 70 72 73 81 84 87 88 94 96 105 107 110 115 116 117 122 124 129 134 138 139 143 149 152 154 157 158 166 168 172 174 179 183 191 192 207 210
28 35 36 42 50 54 59 63 69 71 77 81 82 85 93 96 98 105 107 109 115 122 123 126 128 132 133 137 141 142 146 151 154 157 165 171 172 174 185 191 192 199 201 206 210
28 35 36 42 50 54 59 63 69 71 77 81 82 88 90 93 96 98 107 109 111 120 122 123 133 137 141 142 146 154 157 162 164 169 172 174 178 185 186 191 192 198 202 207 208
28 35 36 42 50 54 59 63 69 71 77 81 82 88 90 93 96 99 103 107 109 111 122 123 127 133 137 141 142 146 151 154 157 160 170 171 172 174 185 191 192 199 201 206 210
28 35 36 42 50 54 59 63 69 71 77 81 82 88 91 93 96 98 107 109 111 117 122 123 135 137 141 142 146 154 157 160 167 168 172 174 179 183 188 189 191 192 199 201 206
28 35 36 42 50 54 59 63 69 71 81 82 88 90 91 93 96 98 104 107 109 111 122 123 129 131 136 137 141 142 146 147 154 157 160 168 172 174 188 190 191 192 198 202 208
28 35 36 42 50 54 59 63 69 73 76 81 82 83 89 90 93 97 100 101 102 107 110 113 122 123 133 136 137 141 142 152 154 157 160 166 171 172 174 185 191 192 205 210
28 35 36 42 50 54 59 63 69 73 76 81 83 84 89 93 96 107 109 111 115 117 120 122 123 133 137 141 143 149 151 154 157 172 174 179 183 185 191 192 199 201 207 209
28 35 36 42 50 54 59 63 69 73 76 81 83 84 89 93 96 107 109 117 120 122 123 133 137 141 143 149 151 154 157 159 163 172 174 179 183 185 191 192 199 201 207 209
28 35 36 42 50 54 59 63 69 73 76 81 83 86 93 97 99 101 105 107 110 116 122 123 124 132 133 136 137 141 143 149 154 157 159 162 164 172 174 185 190 191 192 205 208
28 35 36 42 50 54 59 63 69 73 76 81 83 89 93 96 98 104 107 109 111 115 122 123 128 132 134 137 141 142 151 154 157 165 171 172 174 184 191 192 199 201 206 210
28 35 36 42 50 54 59 63 69 73 76 81 83 89 94 95 103 104 107 110 112 118 122 124 126 136 138 139 150 154 158 159 163 172 175 180 182 188 191 192 198 202 208 209
28 35 36 42 50 54 59 63 69 73 76 81 83 89 94 95 103 104 107 110 122 124 126 129 130 131 137 141 143 149 154 157 170 171 172 174 177 185 191 192 198 202 206 210
28 35 36 42 50 54 59 63 69 73 76 81 83 91 94 95 97 100 102 107 111 115 122 124 125 132 134 136 137 141 146 147 154 157 168 172 174 179 183 189 191 192 197 203 209
28 35 36 42 50 54 59 63 69 73 76 81 83 91 94 95 97 103 107 111 115 122 124 125 131 136 137 141 142 150 154 157 160 166 170 172 174 180 182 186 191 192 198 202 208
28 35 36 42 50 54 59 63 69 73 76 81 83 91 94 95 97 103 107 111 115 122 124 125 131 136 137 141 150 154 157 160 166 170 172 174 180 182 186 191 192 198 202 208
28 35 36 42 50 54 59 63 69 73 76 81 83 91 94 95 97 103 107 111 115 122 124 125 131 137 141 150 154 157 160 166 170 172 174 180 182 186 191 192 198 202 206 208
28 35 36 42 50 54 59 63 69 73 76 81 83 91 94 95 100 102 107 111 113 115 117 122 125 131 138 140 143 149 153 154 159 160 172 175 176 183 185 190 191 192 193 205 206
28 35 36 42 50 54 59 63 69 73 76 81 83 91 94 95 100 102 107 111 114 115 122 124 125 132 134 136 137 141 142 147 154 157 168 172 174 179 183 189 191 192 197 203 209
28 35 36 42 50 54 59 63 69 73 76 81 83 91 94 95 100 102 107 111 114 115 122 124 125 132 134 136 137 141 146 147 154 157 159 168 172 174 179 183 189 191 192 197 203 209
28 35 36 42 50 54 59 63 69 73 76 81 83 91 94 95 100 102 107 111 114 115 122 124 125 132 134 136 137 141 147 154 157 159 168 172 174 179 183 189 191 192 197 203 209
28 35 36 42 50 54 59 63 69 73 76 81 83 91 94 95 100 102 107 111 115 122 124 125 132 134 136 137 141 142 147 154 157 168 172 174 179 183 189 191 192 197 203 209
28 35 36 42 50 54 59 63 69 73 76 81 83 91 94 95 100 102 107 111 115 122 124 125 132 134 136 137 141 146 147 154 157 159 168 172 174 179 183 189 191 192 197 203 209
28 35 36 42 50 54 59 63 69 73 76 81 83 91 94 95 100 102 107 111 115 122 124 125 132 134 136 137 141 147 154 157 159 168 172 174 179 183 189 191 192 197 203 209
28 35 36 42 50 54 59 63 70 71 72 76 78 81 85 88 94 96 102 105 107 110 118 122 124 129 131 138 139 142 153 154 157 172 174 179 183 189 191 192 197 204 206 209
28 35 36 42 50 54 59 63 70 71 73 76 81 84 88 90 93 96 102 107 109 117 120 122 123 127 133 137 141 144 148 154 157 166 172 174 180 182 185 190 191 192 196 207 208
28 35 36 42 50 54 59 63 70 71 73 76 81 84 88 93 96 104 107 109 114 116 122 123 128 132 134 135 137 141 147 150 154 157 165 171 172 174 178 184 191 192 196 206 210
28 35 36 42 50 54 59 63 70 71 73 76 81 84 88 93 96 104 107 109 114 116 122 123 128 132 134 135 137 141 147 154 157 165 171 172 174 178 184 191 192 196 206 210
28 35 36 42 50 54 59 63 70 71 73 81 84 88 90 93 96 101 102 107 109 117 120 122 123 127 133 134 137 141 144 148 154 157 159 166 172 174 180 182 190 191 192 207 208
28 35 36 42 50 54 59 63 70 71 73 81 84 88 90 93 96 101 102 107 109 117 120 122 123 127 133 137 141 144 148 154 157 166 172 174 180 182 185 190 191 192 196 207 208
28 35 36 42 50 54 59 63 70 71 73 81 84 88 93 96 102 107 109 115 117 120 122 123 127 133 134 137 141 142 149 154 157 162 164 172 174 179 183 189 191 192 207 209
28 35 36 42 50 54 59 63 70 71 73 81 84 88 93 96 102 107 109 115 117 120 122 123 127 133 134 137 141 144 148 154 157 159 166 172 174 180 182 190 191 192 207 208
28 35 36 42 50 54 59 63 70 71 73 81 84 88 93 96 102 107 109 115 117 120 122 123 127 133 134 137 141 146 149 154 157 159 162 164 172 174 179 183 189 191 192 207 209
28 35 36 42 50 54 59 63 70 71 73 81 84 88 93 96 102 107 109 117 120 122 123 127 133 134 137 141 146 149 154 157 159 162 164 172 174 179 183 189 191 192 207 209
28 35 36 42 50 54 59 63 70 71 73 81 84 88 93 96 104 107 109 114 116 122 123 128 132 134 135 137 141 146 147 154 157 165 171 172 174 178 184 191 192 196 206 210
28 35 36 42 50 54 59 63 70 71 73 81 84 88 93 96 104 107 109 114 116 122 123 128 132 134 135 137 141 147 154 157 163 165 171 172 174 178 184 191 192 196 206 210
28 35 36 42 50 54 59 63 70 71 73 81 85 88 91 94 96 97 102 107 111 115 122 123 124 132 135 137 141 144 148 154 157 166 172 174 185 189 191 192 199 201 206 209
28 35 36 42 50 54 59 63 70 71 73 81 85 88 91 94 96 102 107 111 115 122 123 124 132 135 136 137 141 144 148 154 157 159 166 172 174 185 189 191 192 199 201 209
28 35 36 42 50 54 59 63 70 71 73 81 85 88 93 97 100 101 102 107 109 118 120 122 123 128 132 137 142 143 149 154 157 165 172 174 176 182 185 190 191 192 207 208
28 35 36 42 50 54 59 63 70 71 73 81 85 88 93 97 100 101 102 107 110 113 117 122 123 124 133 135 137 142 143 149 154 157 165 172 174 176 182 185 190 191 192 206 208
28 35 36 42 50 54 59 63 70 71 76 78 81 84 85 88 94 95 105 107 110 118 122 124 129 131 135 138 139 144 148 154 157 159 172 174 176 182 189 190 191 192 197 204 206
28 35 36 42 50 54 59 63 70 71 76 78 81 84 87 88 89 94 96 98 104 107 110 116 122 124 127 136 138 139 151 154 158 159 172 174 175 185 188 191 192 198 202 208 209
28 35 36 42 50 54 59 63 70 71 76 78 81 84 88 89 93 96 102 107 109 111 122 123 127 136 137 141 143 149 153 154 157 162 164 169 172 174 179 183 185 191 192 205 210
28 35 36 42 50 54 59 63 70 71 76 78 81 84 88 89 93 96 104 107 109 114 116 122 123 127 134 135 137 141 147 154 157 160 170 171 172 174 179 183 191 192 196 206 210
28 35 36 42 50 54 59 63 70 71 76 78 81 84 88 89 93 96 104 107 109 114 116 122 123 127 135 137 141 147 154 157 159 160 170 171 172 174 179 183 185 191 192 206 210
28 35 36 42 50 54 59 63 70 71 76 78 81 84 88 89 93 97 98 107 109 114 116 122 123 125 133 135 137 141 147 154 157 160 168 171 172 174 179 183 185 191 192 206 210
28 35 36 42 50 54 59 63 70 71 76 78 81 84 88 89 93 97 98 107 110 116 122 123 124 135 137 141 143 149 151 154 157 162 164 170 172 174 179 183 185 191 192 206 210
28 35 36 42 50 54 59 63 70 71 76 78 81 84 88 93 96 98 104 107 109 111 122 123 129 131 136 137 141 142 147 154 157 169 172 174 178 185 186 190 191 192 198 202 208
28 35 36 42 50 54 59 63 70 71 76 78 81 84 88 93 96 98 104 107 109 114 116 122 123 128 132 134 137 141 142 147 154 157 169 172 174 178 186 190 191 192 207 208
28 35 36 42 50 54 59 63 70 71 76 78 81 84 88 93 96 98 104 107 109 114 116 122 123 128 132 137 141 142 147 154 157 169 172 174 178 185 186 190 191 192 207 208
28 35 36 42 50 54 59 63 70 71 76 78 81 84 88 93 96 98 104 107 109 122 123 129 131 134 136 137 141 142 147 154 157 160 169 171 172 174 179 183 191 192 205 210
28 35 36 42 50 54 59 63 70 71 76 78 81 84 88 93 96 98 104 107 109 122 123 129 131 134 136 137 141 142 147 154 157 169 172 174 178 186 190 191 192 198 202 208
28 35 36 42 50 54 59 63 70 71 76 78 81 84 88 93 96 98 104 107 109 122 123 129 131 136 137 141 142 147 154 157 160 169 171 172 174 179 183 185 191 192 205 210
28 35 36 42 50 54 59 63 70 71 76 78 81 84 88 93 96 98 104 107 109 122 123 129 131 136 137 141 142 147 154 157 169 172 174 178 185 186 190 191 192 198 202 208
28 35 36 42 50 54 59 63 70 71 76 78 81 84 88 93 96 102 107 109 111 112 120 122 123 128 132 134 137 141 143 149 154 157 169 172 174 180 182 190 191 192 207 208
28 35 36 42 50 54 59 63 70 71 76 78 81 84 88 93 96 102 107 109 111 112 120 122 123 128 132 137 141 143 149 154 157 169 172 174 180 182 185 190 191 192 207 208
28 35 36 42 50 54 59 63 70 71 76 78 81 84 88 93 96 102 107 109 111 122 123 127 136 137 141 143 149 153 154 157 162 164 169 172 174 179 183 185 191 192 205 210
28 35 36 42 50 54 59 63 70 71 76 78 81 84 88 93 96 102 107 109 111 122 123 127 136 137 141 143 149 153 154 157 169 172 174 180 182 185 190 191 192 198 202 205
28 35 36 42 50 54 59 63 70 71 76 78 81 84 88 93 96 102 107 109 112 120 122 123 128 132 134 137 141 143 149 154 157 159 169 172 174 180 182 190 191 192 207 208
28 35 36 42 50 54 59 63 70 71 76 78 81 84 88 93 96 102 107 109 112 120 122 123 128 132 137 141 143 149 154 157 169 172 174 180 182 185 190 191 192 196 207 208
28 35 36 42 50 54 59 63 70 71 76 78 81 84 88 93 96 102 107 109 122 123 127 134 136 137 141 143 149 153 154 157 159 169 172 174 180 182 190 191 192 198 202 205
28 35 36 42 50 54 59 63 70 71 76 78 81 84 88 93 96 102 107 109 122 123 127 134 136 137 141 143 149 153 154 157 169 172 174 180 182 190 191 192 196 198 202 205
28 35 36 42 50 54 59 63 70 71 76 78 81 84 88 93 96 102 107 109 122 123 127 136 137 141 143 149 153 154 157 169 172 174 180 182 185 190 191 192 196 198 202 205
28 35 36 42 50 54 59 63 70 71 76 78 81 84 88 93 96 104 107 109 111 114 116 122 123 127 134 135 137 141 147 154 157 160 170 171 172 174 179 183 191 192 206 210
28 35 36 42 50 54 59 63 70 71 76 78 81 84 88 93 96 104 107 109 111 114 116 122 123 127 135 137 141 147 154 157 160 170 171 172 174 179 183 185 191 192 206 210
28 35 36 42 50 54 59 63 70 71 76 78 81 84 88 93 96 104 107 109 114 116 122 123 127 134 135 137 141 142 147 154 157 160 170 171 172 174 179 183 191 192 200 206 210
28 35 36 42 50 54 59 63 70 71 76 78 81 84 88 93 96 104 107 109 114 116 122 123 127 134 135 137 141 142 147 154 157 160 170 171 172 174 179 183 191 192 206 210
28 35 36 42 50 54 59 63 70 71 76 78 81 84 88 93 96 104 107 109 114 116 122 123 127 134 135 137 141 147 154 157 160 170 171 172 174 179 183 191 192 196 206 210
28 35 36 42 50 54 59 63 70 71 76 78 81 84 88 93 96 104 107 109 114 116 122 123 127 135 137 141 142 147 154 157 160 170 171 172 174 179 183 185 191 192 206 210
28 35 36 42 50 54 59 63 70 71 76 78 81 84 88 93 96 104 107 109 114 116 122 123 127 135 137 141 147 154 157 159 160 170 171 172 174 179 183 185 191 192 206 210
28 35 36 42 50 54 59 63 70 71 76 78 81 84 88 93 97 98 107 109 114 116 122 123 125 133 135 137 141 147 154 157 160 168 171 172 174 179 183 185 191 192 206 210
28 35 36 42 50 54 59 63 70 71 76 78 81 84 88 93 97 98 107 109 120 122 123 125 131 134 137 141 149 154 157 162 164 169 172 174 178 186 189 191 192 198 202 207
28 35 36 42 50 54 59 63 70 71 76 78 81 84 88 93 97 98 107 110 116 122 123 124 135 137 141 143 149 151 154 157 162 164 170 172 174 179 183 185 191 192 206 210
28 35 36 42 50 54 59 63 70 71 76 78 81 85 88 93 97 100 101 102 107 110 112 118 122 123 124 135 137 142 143 152 154 157 170 171 172 174 176 182 185 191 192 198 202 210
28 35 36 42 50 54 59 63 70 71 76 78 81 85 88 94 95 105 107 111 115 122 123 125 131 136 137 141 149 154 157 159 162 164 168 172 174 179 183 188 191 192 197 204 208
28 35 36 42 50 54 59 63 70 71 76 78 81 85 93 96 102 107 109 111 122 123 134 136 137 141 143 149 150 154 157 162 164 169 172 174 177 181 191 192 198 202 205 210
28 35 36 42 50 54 59 63 70 71 76 78 81 85 94 95 97 100 102 107 111 115 122 123 125 133 134 137 141 147 154 157 160 167 171 172 174 186 191 192 198 202 206 210
28 35 36 42 50 54 59 63 70 71 76 78 81 85 94 95 100 102 107 111 115 116 122 123 125 133 134 137 141 147 154 157 159 160 167 171 172 174 186 191 192 198 202 206 210
28 35 36 42 50 54 59 63 70 71 76 78 81 85 94 95 100 102 107 111 115 122 123 125 133 134 137 141 142 147 154 157 160 167 171 172 174 186 191 192 198 202 206 210
28 35 36 42 50 54 59 63 70 71 76 78 81 85 94 95 100 102 107 111 115 122 123 125 133 134 137 141 147 154 157 159 160 167 171 172 174 186 191 192 198 202 206 210
28 35 36 42 50 54 59 63 70 71 76 78 81 85 94 96 97 102 107 111 115 122 123 124 134 136 137 141 143 149 150 154 157 162 164 170 172 174 186 191 192 198 202 210
28 35 36 42 50 54 59 63 70 71 76 78 81 85 94 96 97 102 107 111 115 122 123 124 134 137 141 143 149 150 154 157 162 164 170 172 174 186 191 192 198 202 206 210
28 35 36 42 50 54 59 63 70 71 78 81 85 88 94 95 97 100 102 107 111 115 122 123 125 133 134 137 141 147 154 157 160 167 171 172 174 186 191 192 198 202 206 210
28 35 36 42 50 54 59 63 70 71 78 81 85 88 94 95 100 102 107 111 115 122 123 125 133 134 137 141 142 147 154 157 160 167 171 172 174 186 191 192 198 202 206 210
28 35 36 42 50 54 59 63 70 71 78 81 85 88 94 96 97 102 107 111 115 122 123 124 134 137 141 143 149 150 154 157 162 164 170 172 174 186 191 192 198 202 206 210
28 35 36 42 50 54 59 63 70 71 78 81 85 88 94 96 102 107 110 112 118 119 122 124 126 129 131 138 139 151 154 158 159 163 172 174 175 185 188 191 192 198 202 208 209
28 35 36 42 50 54 59 63 70 71 78 81 85 88 94 96 102 107 111 115 122 123 124 134 137 141 143 149 150 154 157 159 162 164 170 172 174 186 191 192 198 202 206 210
28 35 36 42 50 54 59 63 70 71 78 81 85 94 95 100 101 102 107 111 115 122 123 125 133 134 136 137 141 142 147 154 157 160 167 171 172 174 186 191 192 198 202 210
28 35 36 42 50 54 59 63 70 71 78 81 85 94 95 100 101 102 107 111 115 122 123 125 133 134 137 141 142 147 154 157 160 167 171 172 174 186 191 192 198 202 206 210
28 35 36 42 50 54 59 63 70 71 78 81 85 94 95 100 101 102 107 111 115 122 123 125 133 134 137 141 147 154 157 159 160 167 171 172 174 186 191 192 198 202 206 210
28 35 36 42 50 54 59 63 70 71 78 81 85 94 95 100 102 107 111 114 115 122 123 125 133 134 136 137 141 146 147 154 157 160 167 171 172 174 177 186 191 192 198 202 210
28 35 36 42 50 54 59 63 70 71 78 81 85 94 95 100 102 107 111 114 115 122 123 125 133 134 136 137 141 147 154 157 160 163 167 171 172 174 177 186 191 192 198 202 210
28 35 36 42 50 54 59 63 70 71 78 81 85 94 95 100 102 107 111 115 122 123 125 133 134 136 137 141 146 147 154 157 160 167 171 172 174 177 186 191 192 198 202 210
28 35 36 42 50 54 59 63 70 71 78 81 85 94 95 100 102 107 111 115 122 123 125 133 134 136 137 141 147 154 157 160 163 167 171 172 174 177 186 191 192 198 202 210
28 35 36 42 50 54 59 63 70 71 78 81 85 94 95 101 105 107 110 111 115 118 122 124 129 131 135 138 139 144 148 154 157 159 172 174 176 182 189 190 191 192 197 204 206
28 35 36 42 50 54 59 63 70 71 78 81 85 94 96 101 102 107 111 115 122 123 124 134 136 137 141 142 143 149 150 154 157 162 164 170 172 174 186 191 192 198 202 210
28 35 36 42 50 54 59 63 70 71 78 81 85 94 96 101 102 107 111 115 122 123 124 134 137 141 142 143 149 150 154 157 162 164 170 172 174 186 191 192 198 202 206 210
28 35 36 42 50 54 59 63 70 71 78 81 85 94 96 101 102 107 111 115 122 123 124 134 137 141 143 149 150 154 157 159 162 164 170 172 174 186 191 192 198 202 206 210
28 35 36 42 50 54 59 64 65 66 70 71 72 74 81 84 88 93 96 102 107 109 118 122 123 127 134 136 137 141 143 153 154 157 165 171 172 174 179 184 191 192 200 205 210
28 35 36 42 50 54 59 64 65 66 70 71 72 74 81 85 88 94 95 104 105 107 111 115 122 123 125 131 136 137 141 149 154 157 165 172 174 179 188 190 191 192 197 204 208
28 35 36 42 50 54 59 64 65 66 70 71 72 74 81 85 94 95 104 105 107 111 115 122 123 125 131 136 137 141 149 154 157 165 172 174 179 188 190 191 192 197 204 208
28 35 36 42 50 54 59 64 65 66 70 71 72 74 81 85 94 95 104 105 107 111 115 122 123 125 131 137 141 149 154 157 165 172 174 179 188 190 191 192 197 204 206 208
28 35 36 42 50 54 59 64 65 66 70 71 72 74 81 85 94 96 104 105 107 111 115 122 123 124 132 137 141 147 154 157 166 172 174 179 188 189 191 192 197 204 206 209
28 35 36 42 50 54 59 64 65 66 70 71 72 74 81 86 91 94 95 98 107 112 115 120 122 125 133 136 138 139 150 154 159 163 172 174 176 182 186 190 191 192 194 202 208
28 35 36 42 50 54 59 64 65 66 70 71 72 74 81 86 91 94 95 98 107 112 120 122 125 133 136 138 139 150 154 159 163 172 174 176 182 186 190 191 192 194 202 208
28 35 36 42 50 54 59 64 65 66 70 71 72 74 81 86 91 94 96 98 107 112 115 120 122 124 133 136 138 139 150 154 159 163 172 174 175 183 186 191 192 195 201 208 209
28 35 36 42 50 54 59 64 65 66 70 71 72 74 81 86 91 94 96 98 107 112 120 122 124 133 136 138 139 150 154 159 160 163 172 174 175 183 186 191 192 195 201 208 209
28 35 36 42 50 54 59 64 65 66 70 71 72 74 81 86 91 94 96 98 107 112 120 122 124 133 136 138 139 150 154 159 163 172 174 175 183 186 191 192 195 201 208 209
28 35 36 42 50 54 59 64 65 66 70 71 72 81 86 94 95 103 105 107 112 115 122 125 128 133 134 138 139 152 154 159 161 163 172 175 178 184 187 191 193 195 201 208 209
28 35 36 42 50 54 59 64 65 66 70 71 72 81 86 94 96 98 104 107 112 120 122 124 132 136 138 139 150 154 159 160 163 172 175 179 184 185 191 192 195 201 208 209
28 35 36 42 50 54 59 64 65 66 70 71 74 81 84 85 88 94 95 104 105 107 110 118 122 124 132 138 139 144 153 154 157 159 172 174 176 182 189 190 191 192 197 204 206
28 35 36 42 50 54 59 64 65 66 70 71 74 81 84 85 88 94 96 104 105 107 110 116 122 124 133 138 139 144 152 154 158 159 172 174 175 183 189 190 191 192 197 204 207
28 35 36 42 50 54 59 64 65 66 70 71 74 81 84 85 88 94 96 104 105 107 110 122 123 124 132 136 137 141 142 147 154 157 166 172 174 179 188 189 191 192 197 204 209
28 35 36 42 50 54 59 64 65 66 70 71 74 81 84 85 88 94 96 104 105 107 110 122 123 124 132 137 141 142 147 154 157 166 172 174 179 188 189 191 192 197 204 206 209
28 35 36 42 50 54 59 64 65 66 70 71 74 81 84 86 88 93 97 98 107 109 118 120 122 123 125 131 134 137 141 146 149 154 157 165 172 174 178 186 189 191 192 207 209
28 35 36 42 50 54 59 64 65 66 70 71 74 81 84 88 93 96 98 107 109 117 120 122 123 128 133 137 141 142 147 154 157 166 172 174 178 185 186 190 191 192 207 208
28 35 36 42 50 54 59 64 65 66 70 71 74 81 84 88 93 96 101 104 107 109 117 122 123 127 135 137 141 142 147 154 157 160 170 171 172 174 179 184 185 191 192 206 210
28 35 36 42 50 54 59 64 65 66 70 71 74 81 84 88 93 96 102 107 109 111 112 120 122 123 128 133 134 137 141 146 149 154 157 165 172 174 178 187 189 191 192 207 209
28 35 36 42 50 54 59 64 65 66 70 71 74 81 84 88 93 96 102 107 109 111 118 122 123 127 136 137 141 143 153 154 157 165 171 172 174 179 184 185 191 192 205 210
28 35 36 42 50 54 59 64 65 66 70 71 74 81 84 88 93 96 102 107 109 112 120 122 123 128 133 134 137 141 142 149 154 157 165 172 174 178 187 189 191 192 207 209
28 35 36 42 50 54 59 64 65 66 70 71 74 81 84 88 93 96 102 107 109 118 122 123 127 134 136 137 141 143 153 154 157 165 171 172 174 179 184 191 192 196 205 210
28 35 36 42 50 54 59 64 65 66 70 71 74 81 84 88 93 96 102 107 109 118 122 123 127 136 137 141 142 143 153 154 157 165 171 172 174 179 184 185 191 192 205 210
28 35 36 42 50 54 59 64 65 66 70 71 74 81 84 88 93 96 104 107 109 117 122 123 127 134 135 137 141 142 147 154 157 160 170 171 172 174 179 184 191 192 206 210
28 35 36 42 50 54 59 64 65 66 70 71 74 81 84 88 93 96 104 107 109 117 122 123 127 134 135 137 141 147 154 157 160 170 171 172 174 179 184 191 192 196 206 210
28 35 36 42 50 54 59 64 65 66 70 71 74 81 84 88 93 96 104 107 109 117 122 123 127 135 137 141 142 147 154 157 160 170 171 172 174 179 184 185 191 192 206 210
28 35 36 42 50 54 59 64 65 66 70 71 74 81 84 88 93 96 104 107 109 117 122 123 127 135 137 141 147 154 157 159 160 170 171 172 174 179 184 185 191 192 206 210
28 35 36 42 50 54 59 64 65 66 70 71 74 81 84 88 93 97 98 107 109 118 120 122 123 125 131 134 137 141 146 149 154 157 165 172 174 178 186 189 191 192 198 207 209
28 35 36 42 50 54 59 64 65 66 70 71 74 81 84 88 93 97 98 107 109 118 120 122 123 125 131 134 137 141 149 154 157 165 172 174 178 186 189 191 192 198 207 209
28 35 36 42 50 54 59 64 65 66 70 71 74 81 84 88 93 97 99 104 107 109 112 122 123 125 131 134 136 137 142 143 152 154 158 166 171 172 174 175 183 191 192 205 210
28 35 36 42 50 54 59 64 65 66 70 71 74 81 84 88 93 97 99 104 107 110 112 122 123 124 132 136 137 142 143 152 154 157 166 171 172 174 176 182 185 191 192 205 210
28 35 36 42 50 54 59 64 65 66 70 71 74 81 85 88 93 97 99 101 104 107 110 112 122 123 124 132 136 137 142 143 152 154 157 166 171 172 174 176 182 185 191 192 205 210
28 35 36 42 50 54 59 64 65 66 70 71 74 81 85 88 94 95 104 105 107 111 113 115 118 122 125 127 134 138 139 152 154 159 160 172 174 176 182 189 190 191 192 194 202 207
28 35 36 42 50 54 59 64 65 66 70 71 74 81 85 88 94 95 104 105 107 111 113 115 122 123 125 131 136 137 141 142 149 154 157 165 172 174 188 190 191 192 197 204 208
28 35 36 42 50 54 59 64 65 66 70 71 74 81 85 88 94 95 104 105 107 111 115 122 123 125 131 136 137 141 142 149 154 157 165 172 174 179 188 190 191 192 197 204 208
28 35 36 42 50 54 59 64 65 66 70 71 74 81 85 88 94 95 104 105 107 111 115 122 123 125 131 136 137 142 144 149 154 158 160 167 172 174 188 189 191 192 194 202 209
28 35 36 42 50 54 59 64 65 66 70 71 74 81 85 88 94 96 104 105 107 111 113 115 118 122 124 127 134 138 139 152 154 159 160 172 174 175 183 189 190 191 192 195 201 207
28 35 36 42 50 54 59 64 65 66 70 71 74 81 85 88 94 96 104 105 107 111 115 122 123 124 132 137 142 144 149 154 157 160 167 172 174 188 189 191 192 195 201 206 209
28 35 36 42 50 54 59 64 65 66 70 71 74 81 85 93 97 99 104 107 109 112 122 123 125 131 136 137 142 143 146 152 154 158 166 171 172 174 175 183 185 191 192 205 210
28 35 36 42 50 54 59 64 65 66 70 71 74 81 85 93 97 99 104 107 110 112 122 123 124 132 136 137 142 143 146 152 154 157 166 171 172 174 176 182 185 191 192 205 210
28 35 36 42 50 54 59 64 65 66 70 71 74 81 85 94 95 97 104 105 107 111 115 122 123 125 131 136 137 141 146 149 154 157 165 172 174 179 188 190 191 192 197 204 208
28 35 36 42 50 54 59 64 65 66 70 71 74 81 85 94 95 97 104 105 107 111 115 122 123 125 131 136 137 141 149 154 157 165 172 174 179 188 190 191 192 197 204 208
28 35 36 42 50 54 59 64 65 66 70 71 74 81 85 94 95 97 104 105 107 111 115 122 123 125 131 137 141 149 154 157 165 172 174 179 188 190 191 192 197 204 206 208
28 35 36 42 50 54 59 64 65 66 70 71 74 81 85 94 95 103 105 107 110 116 122 124 133 138 139 142 152 154 158 159 163 172 174 179 184 189 191 192 197 204 207 209
28 35 36 42 50 54 59 64 65 66 70 71 74 81 85 94 95 104 105 107 110 111 115 118 122 124 132 138 139 144 153 154 157 159 172 174 176 182 189 190 191 192 197 204 206
28 35 36 42 50 54 59 64 65 66 70 71 74 81 85 94 95 104 105 107 111 113 118 122 125 127 134 138 139 152 154 159 160 163 172 174 176 182 189 190 191 192 194 202 207
28 35 36 42 50 54 59 64 65 66 70 71 74 81 85 94 95 104 105 107 111 115 122 123 125 131 136 137 141 142 149 154 157 165 172 174 179 188 190 191 192 197 204 208
28 35 36 42 50 54 59 64 65 66 70 71 74 81 85 94 95 104 105 107 111 115 122 123 125 131 136 137 142 144 149 154 158 160 167 172 174 188 189 191 192 194 202 209
28 35 36 42 50 54 59 64 65 66 70 71 74 81 85 94 95 104 105 107 111 115 122 123 125 131 137 141 149 154 157 165 172 174 177 179 188 190 191 192 197 204 206 208
28 35 36 42 50 54 59 64 65 66 70 71 74 81 85 94 96 97 104 105 107 111 115 122 123 124 132 137 141 147 154 157 166 172 174 179 188 189 191 192 197 204 206 209
28 35 36 42 50 54 59 64 65 66 70 71 74 81 85 94 96 101 104 105 107 111 115 122 123 124 132 137 141 142 147 154 157 166 172 174 179 188 189 191 192 197 204 206 209
28 35 36 42 50 54 59 64 65 66 70 71 74 81 85 94 96 101 104 105 107 111 115 122 123 124 132 137 141 147 154 157 166 172 174 177 179 188 189 191 192 197 204 206 209
28 35 36 42 50 54 59 64 65 66 70 71 74 81 85 94 96 101 104 105 107 111 115 122 123 124 132 137 142 144 149 154 157 160 167 172 174 188 189 191 192 195 201 206 209
28 35 36 42 50 54 59 64 65 66 70 71 74 81 85 94 96 104 105 107 110 116 122 124 133 138 139 142 144 152 154 158 159 163 172 174 175 183 189 191 192 197 204 207 209
28 35 36 42 50 54 59 64 65 66 70 71 74 81 85 94 96 104 105 107 111 115 122 123 124 132 137 141 142 147 154 157 166 172 174 179 188 189 191 192 197 204 206 209
28 35 36 42 50 54 59 64 65 66 70 71 74 81 85 94 96 104 105 107 111 115 122 123 124 132 137 141 147 154 157 166 172 174 177 179 188 189 191 192 197 204 206 209
28 35 36 42 50 54 59 64 65 66 70 71 74 81 85 94 96 104 105 107 111 115 122 123 124 132 137 142 144 149 154 157 160 167 172 174 188 189 191 192 195 201 206 209
28 35 36 42 50 54 59 64 65 66 70 71 74 81 86 88 91 94 95 98 107 111 113 122 123 125 131 135 136 137 142 143 146 151 154 158 166 171 172 174 185 191 192 194 202 210
28 35 36 42 50 54 59 64 65 66 70 71 74 81 86 88 91 94 95 98 107 111 113 122 123 125 131 135 137 142 143 146 151 154 158 166 171 172 174 185 191 192 194 202 206 210
28 35 36 42 50 54 59 64 65 66 70 71 74 81 86 88 91 94 95 98 107 111 115 122 123 125 131 135 136 137 142 143 151 154 158 166 171 172 174 185 191 192 194 202 210
28 35 36 42 50 54 59 64 65 66 70 71 74 81 86 88 91 94 95 98 107 112 120 122 125 126 133 136 138 139 150 154 159 163 172 174 176 182 186 190 191 192 194 202 208
28 35 36 42 50 54 59 64 65 66 70 71 74 81 86 88 91 94 95 103 107 111 113 122 123 127 135 137 142 143 146 153 154 157 166 171 172 174 185 191 192 195 201 206 210
28 35 36 42 50 54 59 64 65 66 70 71 74 81 86 88 91 94 96 97 98 107 112 120 122 124 133 136 138 139 150 154 159 163 172 174 175 183 186 191 192 195 201 208 209
28 35 36 42 50 54 59 64 65 66 70 71 74 81 86 88 91 94 96 98 107 111 113 122 123 124 132 135 136 137 142 143 146 151 154 157 166 171 172 174 185 191 192 195 201 210
28 35 36 42 50 54 59 64 65 66 70 71 74 81 86 88 91 94 96 98 107 111 113 122 123 124 132 135 137 142 143 146 151 154 157 166 171 172 174 185 191 192 195 201 206 210
28 35 36 42 50 54 59 64 65 66 70 71 74 81 86 88 91 94 96 98 107 111 115 122 123 124 132 135 137 142 143 151 154 157 166 171 172 174 185 191 192 195 201 206 210
28 35 36 42 50 54 59 64 65 66 70 71 74 81 86 88 91 94 96 98 107 112 120 122 124 126 133 136 138 139 150 154 159 160 163 172 174 175 183 186 191 192 195 201 208 209
28 35 36 42 50 54 59 64 65 66 70 71 74 81 86 88 91 94 96 98 107 112 120 122 124 126 133 136 138 139 150 154 159 163 172 174 175 183 186 191 192 195 201 208 209
28 35 36 42 50 54 59 64 65 66 70 71 74 81 86 88 91 94 96 102 107 111 113 122 123 127 135 137 142 143 146 153 154 158 166 171 172 174 185 191 192 194 202 206 210
28 35 36 42 50 54 59 64 65 66 70 71 74 81 86 88 93 97 99 104 107 109 112 122 123 125 131 134 136 137 142 143 146 152 154 158 166 171 172 174 175 183 191 192 205 210
28 35 36 42 50 54 59 64 65 66 70 71 74 81 86 88 93 97 99 104 107 109 117 122 123 127 136 137 142 143 146 153 154 157 166 171 172 174 176 182 185 191 192 205 210
28 35 36 42 50 54 59 64 65 66 70 71 74 81 86 88 93 97 99 104 107 110 112 122 123 124 132 136 137 142 143 146 152 154 157 166 171 172 174 176 182 185 191 192 205 210
28 35 36 42 50 54 59 64 65 66 70 71 74 81 86 91 94 95 98 107 111 113 115 122 123 125 131 135 136 137 142 143 151 154 158 166 171 172 174 185 191 192 194 202 210
28 35 36 42 50 54 59 64 65 66 70 71 74 81 86 91 94 95 98 107 111 115 122 123 125 131 135 136 137 142 143 151 154 158 166 171 172 174 185 191 192 194 202 210
28 35 36 42 50 54 59 64 65 66 70 71 74 81 86 91 94 95 98 107 112 115 120 122 125 133 136 138 139 142 150 154 159 161 163 172 174 176 182 186 190 191 192 194 202 208
28 35 36 42 50 54 59 64 65 66 70 71 74 81 86 91 94 95 98 107 112 115 120 122 125 133 136 138 139 142 150 154 159 163 172 174 176 182 186 190 191 192 194 202 208
28 35 36 42 50 54 59 64 65 66 70 71 74 81 86 91 94 95 98 107 112 120 122 125 126 133 136 138 139 150 154 159 161 163 172 174 176 182 186 190 191 192 194 202 208
28 35 36 42 50 54 59 64 65 66 70 71 74 81 86 91 94 95 98 107 112 120 122 125 126 133 136 138 139 150 154 159 163 172 174 176 182 186 190 191 192 194 202 208
28 35 36 42 50 54 59 64 65 66 70 71 74 81 86 91 94 95 98 107 112 120 122 125 130 133 136 138 139 142 150 154 159 161 163 172 174 176 182 186 190 191 192 194 202 208
28 35 36 42 50 54 59 64 65 66 70 71 74 81 86 91 94 95 98 107 112 120 122 125 130 133 136 138 139 142 150 154 159 163 172 174 176 182 186 190 191 192 194 202 208
28 35 36 42 50 54 59 64 65 66 70 71 74 81 86 91 94 95 98 107 112 120 122 125 133 136 138 139 142 150 154 159 161 163 172 174 176 182 186 190 191 192 194 202 208
28 35 36 42 50 54 59 64 65 66 70 71 74 81 86 91 94 95 98 107 112 120 122 125 133 136 138 139 142 150 154 159 163 172 174 176 182 186 190 191 192 194 202 208
28 35 36 42 50 54 59 64 65 66 70 71 74 81 86 91 94 96 97 98 107 112 120 122 124 133 136 138 139 150 154 159 161 163 172 174 175 183 186 191 192 195 201 208 209
28 35 36 42 50 54 59 64 65 66 70 71 74 81 86 91 94 96 97 98 107 112 120 122 124 133 136 138 139 150 154 159 163 172 174 175 183 186 191 192 195 201 208 209
28 35 36 42 50 54 59 64 65 66 70 71 74 81 86 91 94 96 98 107 111 113 115 122 123 124 132 135 137 142 143 151 154 157 166 171 172 174 185 191 192 195 201 206 210
28 35 36 42 50 54 59 64 65 66 70 71 74 81 86 91 94 96 98 107 111 115 122 123 124 132 135 137 142 143 151 154 157 166 171 172 174 185 191 192 195 201 206 210
28 35 36 42 50 54 59 64 65 66 70 71 74 81 86 91 94 96 98 107 112 120 122 124 126 133 136 138 139 150 154 159 160 163 172 174 175 183 186 191 192 195 201 208 209
28 35 36 42 50 54 59 64 65 66 70 71 74 81 86 91 94 96 98 107 112 120 122 124 126 133 136 138 139 150 154 159 161 163 172 174 175 183 186 191 192 195 201 208 209
28 35 36 42 50 54 59 64 65 66 70 71 74 81 86 91 94 96 98 107 112 120 122 124 126 133 136 138 139 150 154 159 163 172 174 175 183 186 191 192 195 201 208 209
28 35 36 42 50 54 59 64 65 66 70 71 74 81 86 93 97 99 101 104 107 109 112 122 123 125 131 134 136 137 142 143 152 154 158 166 171 172 174 175 183 191 192 205 210
28 35 36 42 50 54 59 64 65 66 70 71 74 81 86 93 97 99 101 104 107 109 112 122 123 125 131 136 137 142 143 152 154 158 166 171 172 174 175 183 185 191 192 205 210
28 35 36 42 50 54 59 64 65 66 70 71 74 81 86 93 97 99 101 104 107 110 112 122 123 124 132 134 136 137 142 143 152 154 157 166 171 172 174 176 182 191 192 205 210
28 35 36 42 50 54 59 64 65 66 70 71 74 81 86 93 97 99 101 104 107 110 112 122 123 124 132 136 137 142 143 152 154 157 166 171 172 174 176 182 185 191 192 205 210
28 35 36 42 50 54 59 64 65 66 70 71 81 84 86 94 95 104 105 107 111 112 115 122 123 125 131 136 137 141 146 149 154 157 165 172 174 188 190 191 192 198 204 208
28 35 36 42 50 54 59 64 65 66 70 71 81 86 88 94 95 98 104 107 111 113 122 124 132 136 138 139 141 147 150 154 159 160 163 168 172 176 179 184 187 191 192 208 209
28 35 36 42 50 54 59 64 65 66 70 71 81 86 88 94 95 98 104 107 111 113 122 125 130 133 134 137 142 143 146 151 154 158 164 171 172 174 185 191 192 194 202 206 210
28 35 36 42 50 54 59 64 65 66 70 72 74 82 83 85 94 97 98 101 105 107 110 119 122 123 128 133 136 137 141 142 147 149 154 157 165 172 174 186 190 191 192 197 208
28 35 36 42 50 54 59 64 65 66 70 72 74 82 83 85 94 98 108 110 111 116 118 120 122 126 127 130 134 138 139 153 154 158 167 172 174 175 183 189 191 192 198 203 209
28 35 36 42 50 54 59 64 65 66 70 72 74 82 83 85 94 99 104 108 110 119 120 122 126 127 130 134 138 139 140 148 154 158 159 164 166 172 174 178 189 190 191 192 205 207
28 35 36 42 50 54 59 64 65 66 70 72 74 82 83 91 94 97 98 107 110 116 122 124 132 138 139 144 149 152 154 158 160 167 172 174 181 183 189 190 191 192 196 205 207
28 35 36 42 50 54 59 64 65 66 70 72 74 82 83 91 94 98 108 109 117 120 122 125 127 134 135 138 139 142 154 158 159 164 171 172 174 179 184 191 192 200 202 207 210
28 35 36 42 50 54 59 64 65 66 70 72 74 82 83 91 94 99 104 107 111 112 115 122 125 134 136 138 139 140 148 154 157 160 169 172 174 176 182 186 190 191 192 198 208
28 35 36 42 50 54 59 64 65 69 72 74 81 82 83 89 91 93 97 98 101 107 109 119 120 122 123 129 132 137 141 143 151 154 157 165 172 174 188 189 191 192 198 203 209
28 35 36 42 50 54 59 64 65 69 72 74 81 82 83 90 91 93 97 98 101 107 110 119 120 122 123 129 131 137 141 146 147 154 157 160 168 172 174 188 190 191 192 198 203 208
28 35 36 42 50 54 59 64 65 69 72 74 81 82 83 90 91 93 97 98 101 107 110 119 120 122 123 129 131 137 141 147 154 157 160 168 172 174 188 190 191 192 198 203 208
28 35 36 42 50 54 59 64 65 69 72 74 81 82 91 93 97 98 101 107 109 110 116 119 120 122 123 129 132 137 141 144 149 154 157 165 172 174 178 186 190 191 192 207 208
28 35 36 42 50 54 59 64 65 69 72 75 77 81 83 88 90 94 95 99 107 111 112 115 122 124 125 131 135 136 137 141 143 150 154 157 159 166 171 172 174 186 191 192 199 202 210
28 35 36 42 50 54 59 64 65 69 72 75 77 81 83 88 90 94 95 99 107 111 112 115 122 124 125 131 135 136 137 141 144 150 154 157 159 166 171 172 174 186 191 192 199 202 210
28 35 36 42 50 54 59 64 65 69 72 75 77 81 83 88 90 94 95 99 107 111 112 115 122 124 125 131 135 136 137 141 150 154 157 159 166 171 172 174 186 191 192 199 202 210
28 35 36 42 50 54 59 64 65 69 74 81 82 83 89 91 93 97 99 101 104 107 109 117 122 123 127 136 137 142 143 153 154 157 167 171 172 174 180 183 191 192 195 205 210
28 35 36 42 50 54 59 64 65 69 74 81 82 83 89 91 93 97 99 104 107 109 112 119 122 123 129 132 137 142 143 146 152 154 157 165 172 174 188 189 191 192 195 205 209
28 35 36 42 50 54 59 64 65 69 74 81 82 83 89 91 93 97 99 104 107 109 117 122 123 127 136 137 142 143 146 153 154 157 167 171 172 174 180 183 191 192 195 205 210
28 35 36 42 50 54 59 64 65 69 74 81 82 83 90 91 93 97 98 101 107 110 119 120 122 123 129 131 137 141 142 147 154 157 160 168 172 174 188 190 191 192 198 203 208
28 35 36 42 50 54 59 64 65 69 74 81 82 83 90 91 93 97 98 107 110 119 120 122 123 129 131 137 141 142 146 147 154 157 160 168 172 174 188 190 191 192 198 203 208
28 35 36 42 50 54 59 64 65 69 74 81 82 83 90 91 93 97 99 101 104 107 110 116 122 123 127 136 137 142 143 153 154 158 167 171 172 174 180 182 191 192 194 205 210
28 35 36 42 50 54 59 64 65 69 74 81 82 83 90 91 93 97 99 104 107 110 116 122 123 127 136 137 142 143 146 153 154 158 167 171 172 174 180 182 191 192 194 205 210
28 35 36 42 50 54 59 64 65 69 74 81 82 83 91 93 97 99 101 104 107 109 112 119 122 123 129 132 137 142 143 152 154 157 165 172 174 188 189 191 192 195 201 205 209
28 35 36 42 50 54 59 64 65 69 74 81 82 83 91 93 97 99 104 107 109 112 119 122 123 129 132 137 142 143 146 152 154 157 165 172 174 188 189 191 192 195 201 205 209
28 35 36 42 50 54 59 64 65 69 74 81 82 84 91 93 98 107 109 110 116 119 120 122 123 129 132 137 142 143 146 151 154 157 165 172 174 176 188 189 191 192 198 203 209
28 35 36 42 50 54 59 64 65 69 74 81 82 84 91 93 98 107 109 110 116 119 120 122 123 129 132 137 142 143 146 151 154 158 161 166 172 175 183 190 191 193 207 208
28 35 36 42 50 54 59 64 65 69 74 81 82 85 93 97 99 101 104 107 109 110 116 119 120 122 123 129 132 137 142 143 150 154 157 165 172 174 176 184 190 191 192 207 208
28 35 36 42 50 54 59 64 65 69 74 81 82 85 93 97 99 101 104 107 109 110 119 120 122 123 129 132 137 142 143 150 154 157 165 172 174 176 182 184 190 191 192 207 208
28 35 36 42 50 54 59 64 65 69 74 81 82 85 93 97 99 104 107 109 110 116 119 120 122 123 129 132 137 142 143 146 150 154 157 165 172 174 176 184 190 191 192 207 208
28 35 36 42 50 54 59 64 65 69 74 81 82 85 93 97 99 104 107 109 110 119 120 122 123 129 132 137 142 143 146 150 154 157 165 172 174 176 182 184 190 191 192 207 208
28 35 36 42 50 54 59 64 65 69 74 81 82 90 93 98 107 109 110 116 120 122 123 126 133 137 142 143 146 151 154 157 161 166 169 172 174 176 185 189 191 192 199 202 207
28 35 36 42 50 54 59 64 65 69 74 81 82 90 93 98 107 109 110 120 122 123 126 133 137 142 143 146 151 154 157 161 166 169 172 174 176 182 185 189 191 192 199 202 207
28 35 36 42 50 54 59 64 65 69 74 81 82 91 93 97 98 101 107 109 110 116 119 120 122 123 129 132 137 141 142 144 149 154 157 165 172 174 178 186 190 191 192 207 208
28 35 36 42 50 54 59 64 65 69 74 81 82 91 93 97 98 107 109 110 116 119 120 122 123 129 132 137 141 142 144 146 149 154 157 165 172 174 178 186 190 191 192 207 208
28 35 36 42 50 54 59 64 65 69 74 81 83 84 91 93 98 107 109 110 117 119 120 122 123 129 131 137 141 147 154 157 161 166 172 174 178 186 189 191 192 196 200 207 209
28 35 36 42 50 54 59 64 65 69 74 81 83 84 91 93 98 107 109 110 117 119 120 122 123 129 131 137 142 143 146 151 154 158 164 172 174 175 188 189 191 192 198 203 209
28 35 36 42 50 54 59 64 65 69 74 81 83 85 93 97 99 101 104 107 109 110 119 120 122 123 129 131 137 142 143 150 154 158 164 172 174 175 183 184 190 191 192 207 208
28 35 36 42 50 54 59 64 65 69 74 81 83 85 93 97 99 104 107 109 110 117 119 120 122 123 129 131 137 142 143 146 150 154 158 164 172 174 175 184 190 191 192 207 208
28 35 36 42 50 54 59 64 65 69 74 81 83 85 93 97 99 104 107 109 110 119 120 122 123 129 131 137 142 143 146 150 154 158 164 172 174 175 183 184 190 191 192 207 208
28 35 36 42 50 54 59 64 65 69 74 81 83 85 93 98 101 105 107 110 111 116 122 123 124 132 133 136 137 142 144 146 149 154 157 158 167 171 172 174 180 182 191 192 205 210
28 35 36 42 50 54 59 64 65 69 74 81 83 85 93 98 105 107 110 111 115 116 122 123 124 133 136 137 142 144 149 154 157 158 165 167 171 172 174 180 182 191 192 205 210
28 35 36 42 50 54 59 64 65 69 74 81 83 85 93 98 105 107 110 111 116 122 123 124 132 133 136 137 142 144 146 149 154 157 158 167 171 172 174 180 182 191 192 205 210
28 35 36 42 50 54 59 64 65 69 74 81 83 88 90 91 94 95 97 107 110 116 122 124 127 135 137 141 143 150 153 154 157 161 166 172 174 180 182 186 191 192 196 200 206 209
28 35 36 42 50 54 59 64 65 69 74 81 83 88 90 91 94 95 97 107 111 113 118 122 125 127 134 138 139 145 147 151 154 159 160 168 170 172 176 182 191 192 194 202 206 210
28 35 36 42 50 54 59 64 65 70 71 72 74 81 86 91 94 95 103 107 112 122 124 133 136 138 139 150 154 159 160 163 169 172 174 176 182 186 190 191 192 199 202 208
28 35 36 42 50 54 59 64 65 70 72 74 81 85 94 96 101 103 105 107 111 112 119 122 125 128 133 135 138 139 145 147 154 158 164 172 174 177 184 189 191 192 194 202 206 209
28 35 36 42 50 54 59 64 66 69 71 76 81 82 86 93 96 99 105 107 109 111 122 123 127 133 136 137 141 142 147 152 154 157 163 165 166 172 174 185 189 191 192 205 209
28 35 36 42 50 54 59 64 66 70 71 74 76 81 84 88 90 93 96 102 107 109 118 122 123 127 134 136 137 141 143 153 154 157 165 171 172 174 179 184 191 192 196 205 210
28 35 36 42 50 54 59 64 66 70 71 74 76 81 84 88 90 93 96 104 107 109 117 122 123 127 134 135 137 141 142 147 154 157 160 170 171 172 174 179 184 191 192 206 210
28 35 36 42 50 54 59 64 66 70 71 74 76 81 84 88 90 93 96 104 107 109 117 122 123 127 134 135 137 141 147 154 157 160 170 171 172 174 179 184 191 192 196 206 210
28 35 36 42 50 54 59 64 66 70 71 74 76 81 84 88 93 96 104 107 109 111 117 122 123 127 134 135 137 141 142 147 154 157 160 170 171 172 174 179 184 191 192 206 210
28 35 36 42 50 54 59 64 66 70 71 74 76 81 84 88 93 96 104 107 109 117 122 123 127 134 135 137 141 142 147 154 157 160 170 171 172 174 179 184 191 192 206 210
28 35 36 42 50 54 59 64 66 70 71 74 76 81 84 88 93 96 104 107 109 117 122 123 127 134 135 137 141 147 154 157 160 170 171 172 174 179 184 191 192 196 206 210
28 35 36 42 50 54 59 64 66 70 71 74 76 81 84 88 93 97 98 107 110 118 120 122 123 124 132 134 137 141 142 147 154 157 166 172 174 178 186 190 191 192 198 207 208
28 35 36 42 50 54 59 64 66 70 71 74 76 81 84 88 93 97 98 107 110 118 120 122 123 124 132 134 137 141 147 154 157 166 172 174 178 186 190 191 192 198 207 208
28 35 36 42 50 54 59 64 66 70 71 74 76 81 85 94 96 104 105 107 111 115 116 122 123 124 132 137 141 147 154 157 166 172 174 177 179 188 189 191 192 197 204 206 209
28 35 36 42 50 54 59 64 66 70 71 74 76 81 85 94 96 104 105 107 111 115 122 123 124 132 136 137 141 142 147 154 157 166 172 174 179 188 189 191 192 197 204 209
28 35 36 42 50 54 59 64 66 70 71 74 76 81 85 94 96 104 105 107 111 115 122 123 124 132 137 141 142 147 154 157 166 172 174 179 188 189 191 192 197 204 206 209
28 35 36 42 50 54 59 64 66 70 71 74 76 81 85 94 96 104 105 107 111 115 122 123 124 132 137 141 147 154 157 166 172 174 177 179 188 189 191 192 197 204 206 209
28 35 36 42 50 54 59 64 66 70 71 74 76 81 86 91 94 96 97 98 107 112 120 122 124 133 136 138 139 150 154 159 163 172 174 175 183 186 191 192 195 201 208 209
28 35 36 42 50 54 59 64 66 70 71 74 76 81 86 91 94 96 98 107 111 115 122 123 124 132 135 136 137 142 143 151 154 157 166 171 172 174 185 191 192 195 201 210
28 35 36 42 50 54 59 64 66 70 71 74 76 81 86 91 94 96 98 107 111 115 122 123 124 132 135 137 142 143 151 154 157 166 171 172 174 185 191 192 195 201 206 210
28 35 36 42 50 54 59 64 66 70 71 74 76 81 86 91 94 96 98 107 112 120 122 124 133 136 138 139 142 150 154 159 163 172 174 175 183 186 190 191 192 195 201 208
28 35 36 42 50 54 59 64 66 70 71 74 81 84 85 88 94 96 104 105 107 110 115 122 123 124 132 136 137 141 142 147 154 157 166 172 174 179 188 189 191 192 197 204 209
28 35 36 42 50 54 59 64 66 70 71 74 81 84 88 90 93 96 101 102 107 109 111 118 122 123 127 136 137 141 143 153 154 157 165 171 172 174 179 184 185 191 192 205 210
28 35 36 42 50 54 59 64 66 70 71 74 81 84 88 90 93 96 101 102 107 109 118 122 123 127 136 137 141 142 143 153 154 157 165 171 172 174 179 184 185 191 192 205 210
28 35 36 42 50 54 59 64 66 70 71 74 81 84 88 90 93 96 101 104 107 109 117 122 123 127 135 137 141 142 147 154 157 160 170 171 172 174 179 184 185 191 192 206 210
28 35 36 42 50 54 59 64 66 70 71 74 81 84 88 90 93 96 102 107 109 112 115 120 122 123 128 133 134 137 141 142 149 154 157 165 172 174 178 187 189 191 192 207 209
28 35 36 42 50 54 59 64 66 70 71 74 81 84 88 90 93 96 102 107 109 115 118 122 123 127 136 137 141 142 143 153 154 157 165 171 172 174 179 184 185 191 192 205 210
28 35 36 42 50 54 59 64 66 70 71 74 81 84 88 90 93 96 104 107 109 117 122 123 127 134 135 137 141 146 147 154 157 160 170 171 172 174 179 184 191 192 196 206 210
28 35 36 42 50 54 59 64 66 70 71 74 81 84 88 93 96 101 104 107 109 111 117 122 123 127 135 137 141 142 147 154 157 160 170 171 172 174 179 184 185 191 192 206 210
28 35 36 42 50 54 59 64 66 70 71 74 81 84 88 93 96 102 107 109 112 120 122 123 128 133 134 137 141 146 149 154 157 159 165 172 174 178 187 189 191 192 207 209
28 35 36 42 50 54 59 64 66 70 71 74 81 84 88 93 96 102 107 109 115 118 122 123 127 136 137 141 142 143 153 154 157 165 171 172 174 179 184 185 191 192 205 210
28 35 36 42 50 54 59 64 66 70 71 74 81 84 88 93 96 102 107 109 115 118 122 123 127 136 137 141 143 153 154 157 159 165 171 172 174 179 184 185 191 192 205 210
28 35 36 42 50 54 59 64 66 70 71 74 81 84 88 93 96 104 107 109 115 117 122 123 127 134 135 137 141 142 147 154 157 160 170 171 172 174 179 184 191 192 206 210
28 35 36 42 50 54 59 64 66 70 71 74 81 84 88 93 96 104 107 109 115 117 122 123 127 135 137 141 142 147 154 157 160 170 171 172 174 179 184 185 191 192 206 210
28 35 36 42 50 54 59 64 66 70 71 74 81 84 88 93 96 104 107 109 115 117 122 123 127 135 137 141 147 154 157 159 160 170 171 172 174 179 184 185 191 192 206 210
28 35 36 42 50 54 59 64 66 70 71 74 81 84 88 93 96 104 107 109 117 122 123 127 134 135 137 141 146 147 154 157 160 170 171 172 174 179 184 191 192 196 206 210
28 35 36 42 50 54 59 64 66 70 71 74 81 85 88 94 96 104 105 107 110 116 122 124 126 133 138 139 144 152 154 158 159 163 172 174 175 183 189 190 191 192 197 204 207
28 35 36 42 50 54 59 64 66 70 71 74 81 85 88 94 96 104 105 107 111 113 115 118 122 124 127 134 138 139 152 154 159 160 172 174 175 183 189 190 191 192 195 201 207
28 35 36 42 50 54 59 64 66 70 71 74 81 85 88 94 96 104 105 107 111 113 115 122 123 124 132 136 137 141 146 147 154 157 159 166 172 174 188 189 191 192 197 204 209
28 35 36 42 50 54 59 64 66 70 71 74 81 85 88 94 96 104 105 107 111 113 115 122 123 124 132 136 137 141 147 154 157 159 166 172 174 188 189 191 192 197 204 209
28 35 36 42 50 54 59 64 66 70 71 74 81 85 88 94 96 104 105 107 111 115 122 123 124 132 136 137 141 142 147 154 157 166 172 174 179 188 189 191 192 197 204 209
28 35 36 42 50 54 59 64 66 70 71 74 81 85 88 94 96 104 105 107 111 115 122 123 124 132 136 137 141 146 147 154 157 159 166 172 174 179 188 189 191 192 197 204 209
28 35 36 42 50 54 59 64 66 70 71 74 81 85 88 94 96 104 105 107 111 115 122 123 124 132 136 137 141 147 154 157 159 166 172 174 179 188 189 191 192 197 204 209
28 35 36 42 50 54 59 64 66 70 71 74 81 85 94 96 101 104 105 107 111 115 116 122 123 124 132 137 141 147 154 157 166 172 174 177 179 188 189 191 192 197 204 206 209
28 35 36 42 50 54 59 64 66 70 71 74 81 85 94 96 101 104 105 107 111 115 122 123 124 132 136 137 141 142 147 154 157 166 172 174 179 188 189 191 192 197 204 209
28 35 36 42 50 54 59 64 66 70 71 74 81 85 94 96 101 104 105 107 111 115 122 123 124 132 136 137 141 147 154 157 159 166 172 174 179 188 189 191 192 197 204 209
28 35 36 42 50 54 59 64 66 70 71 74 81 85 94 96 101 104 105 107 111 115 122 123 124 132 137 141 142 147 154 157 166 172 174 179 188 189 191 192 197 204 206 209
28 35 36 42 50 54 59 64 66 70 71 74 81 85 94 96 101 104 105 107 111 115 122 123 124 132 137 141 147 154 157 166 172 174 177 179 188 189 191 192 197 204 206 209
28 35 36 42 50 54 59 64 66 70 71 74 81 85 94 96 104 105 107 111 115 122 123 124 132 136 137 141 146 147 154 157 159 166 172 174 179 188 189 191 192 197 204 209
28 35 36 42 50 54 59 64 66 70 71 74 81 86 88 91 94 96 97 98 107 112 120 122 124 133 136 138 139 150 154 159 163 172 174 175 183 186 191 192 195 201 208 209
28 35 36 42 50 54 59 64 66 70 71 74 81 86 88 91 94 96 98 107 111 115 122 123 124 132 135 136 137 142 143 151 154 157 166 171 172 174 185 191 192 195 201 210
28 35 36 42 50 54 59 64 66 70 71 74 81 86 88 91 94 96 98 107 111 115 122 123 124 132 135 137 142 143 151 154 157 166 171 172 174 185 191 192 195 201 206 210
28 35 36 42 50 54 59 64 66 70 71 74 81 86 88 91 94 96 98 107 112 120 122 124 126 133 136 138 139 150 154 159 160 163 172 174 175 183 186 191 192 195 201 208 209
28 35 36 42 50 54 59 64 66 70 71 74 81 86 88 91 94 96 98 107 112 120 122 124 126 133 136 138 139 150 154 159 163 172 174 175 183 186 190 191 192 195 201 208
28 35 36 42 50 54 59 64 66 70 71 74 81 86 88 91 94 96 98 107 112 120 122 124 126 133 136 138 139 150 154 159 163 172 174 175 183 186 191 192 195 201 208 209
28 35 36 42 50 54 59 64 66 70 71 74 81 86 88 93 97 99 104 107 110 112 122 123 124 132 134 136 137 142 143 146 152 154 157 166 171 172 174 176 182 191 192 205 210
28 35 36 42 50 54 59 64 66 70 71 74 81 86 88 93 97 99 104 107 110 112 122 123 124 132 136 137 142 143 146 152 154 157 166 171 172 174 176 182 185 191 192 205 210
28 35 36 42 50 54 59 64 66 70 71 74 81 86 88 93 97 99 104 107 110 116 122 123 127 136 137 142 143 146 153 154 158 166 171 172 174 175 183 185 191 192 205 210
28 35 36 42 50 54 59 64 66 70 71 74 81 86 91 94 96 98 101 107 112 120 122 124 126 133 136 138 139 150 154 159 161 163 172 174 175 183 186 191 192 195 201 208 209
28 35 36 42 50 54 59 64 66 70 71 74 81 86 91 94 96 98 101 107 112 120 122 124 126 133 136 138 139 150 154 159 163 172 174 175 183 186 191 192 195 201 208 209
28 35 36 42 50 54 59 64 66 70 71 74 81 86 91 94 96 98 107 112 115 120 122 124 133 136 138 139 142 150 154 159 161 163 172 174 175 183 186 190 191 192 195 201 208
28 35 36 42 50 54 59 64 66 70 71 74 81 86 91 94 96 98 107 112 115 120 122 124 133 136 138 139 142 150 154 159 163 172 174 175 183 186 190 191 192 195 201 208
28 35 36 42 50 54 59 64 66 70 71 74 81 86 91 94 96 98 107 112 120 122 124 130 133 136 138 139 142 150 154 159 161 163 172 174 175 183 186 190 191 192 195 201 208
28 35 36 42 50 54 59 64 66 70 71 74 81 86 91 94 96 98 107 112 120 122 124 130 133 136 138 139 142 150 154 159 163 172 174 175 183 186 190 191 192 195 201 208
28 35 36 42 50 54 59 64 66 70 71 76 81 86 94 96 102 105 108 109 111 117 122 126 130 131 138 141 143 149 154 157 166 172 174 178 187 189 191 192 198 204 207 209
28 35 36 42 50 54 59 64 66 70 71 76 81 87 88 91 94 96 97 102 107 111 113 115 122 123 124 132 136 137 141 149 154 157 159 168 172 174 178 188 189 191 192 199 204 209
28 35 36 42 50 54 59 64 69 74 76 81 82 83 90 91 93 97 98 101 107 110 119 120 122 123 129 131 137 141 142 147 154 157 160 168 172 174 188 190 191 192 198 203 208
28 35 36 42 50 54 59 64 69 74 81 83 84 88 91 93 98 107 109 110 117 119 120 122 123 129 131 137 143 146 151 154 158 164 171 172 175 179 184 191 192 196 207 210
28 35 36 42 50 54 59 64 69 74 81 83 85 93 98 101 105 107 110 111 116 122 123 124 132 133 136 137 142 144 146 149 154 157 158 167 171 172 174 180 182 191 192 205 210
28 35 36 42 50 54 59 64 69 74 81 83 85 93 98 101 105 107 110 111 116 122 123 124 133 136 137 142 144 146 149 154 157 158 165 167 171 172 174 180 182 191 192 205 210
28 35 36 42 50 54 59 64 69 74 81 83 88 89 93 97 99 101 104 107 109 110 117 120 122 123 127 134 137 142 143 153 154 158 169 171 172 174 175 184 191 192 199 201 210
28 35 36 42 50 54 60 61 63 65 70 75 76 81 84 87 89 94 95 98 107 111 112 120 122 125 131 136 138 140 144 154 157 159 167 171 172 174 176 183 186 191 192 199 203 210
28 35 36 42 50 55 59 61 64 69 72 74 76 81 82 90 93 96 100 102 103 107 109 112 122 123 133 136 137 141 142 143 152 154 157 161 166 172 174 185 189 191 192 205 209
28 35 36 42 50 55 59 61 64 69 72 74 76 81 82 91 93 96 99 104 107 109 112 119 122 123 129 132 137 141 143 147 152 154 157 165 172 174 188 189 191 192 205 209
28 35 36 42 50 55 59 61 64 69 72 74 76 81 82 91 93 96 100 102 103 107 109 112 119 122 123 135 137 141 142 143 152 154 157 165 172 174 188 189 191 192 198 203 209
28 35 36 42 50 55 59 61 64 69 72 74 76 81 82 91 93 96 100 102 103 107 109 112 119 122 123 135 137 141 143 152 154 157 165 172 174 188 189 191 192 198 203 209
28 35 36 42 50 55 59 61 64 69 72 74 76 81 82 91 93 96 100 102 103 107 109 112 119 122 123 135 137 141 144 149 154 157 165 172 174 178 188 190 191 192 206 208
28 35 36 42 50 55 59 61 64 69 72 74 76 81 82 91 93 96 100 103 107 109 112 119 122 123 135 137 141 143 147 152 154 157 165 172 174 188 189 191 192 198 203 209
28 35 36 42 50 55 59 61 64 69 72 74 81 82 83 89 91 93 97 98 101 107 109 117 122 123 135 137 141 145 148 154 157 160 167 168 172 174 188 189 191 192 198 203 206
28 35 36 42 50 55 59 61 64 69 72 74 81 82 83 89 91 93 97 98 101 107 109 119 120 122 123 129 132 137 141 143 151 154 157 165 172 174 188 189 191 192 198 203 209
28 35 36 42 50 55 59 61 64 69 72 74 81 82 83 91 93 97 98 101 107 109 117 122 123 135 137 141 145 147 148 154 157 160 167 168 172 174 188 189 191 192 198 203 206
28 35 36 42 50 55 59 61 64 69 72 74 81 82 85 93 97 98 101 105 107 109 117 122 123 125 131 133 136 137 141 145 148 154 157 161 166 172 174 185 189 191 192 205 209
28 35 36 42 50 55 59 61 64 69 72 74 81 82 85 93 97 98 101 105 107 109 117 122 123 125 133 136 137 141 145 147 148 154 157 161 166 172 174 185 189 191 192 205 209
28 35 36 42 50 55 59 61 64 69 72 74 81 82 91 93 97 98 101 107 109 110 116 117 122 123 135 137 141 143 151 154 157 167 171 172 174 180 183 188 191 192 198 203 206
28 35 36 42 50 55 59 61 64 69 72 74 81 82 91 93 97 98 101 107 109 110 119 120 122 123 129 132 137 141 144 147 149 154 157 165 172 174 178 186 190 191 192 207 208
28 35 36 42 50 55 59 61 64 69 72 74 81 82 91 93 97 98 101 107 109 117 122 123 125 135 137 141 144 147 149 154 157 160 167 168 172 174 180 183 188 191 192 206 208
28 35 36 42 50 55 59 61 64 70 71 74 81 84 86 88 91 94 95 103 107 111 112 122 124 133 136 138 139 150 154 158 162 164 165 172 174 178 186 187 191 192 208 209
28 35 36 42 50 55 59 61 64 70 71 74 81 84 86 88 91 94 96 100 102 103 108 109 112 122 124 133 138 139 151 153 154 157 165 172 174 185 190 191 192 197 200 201 206
28 35 36 42 50 55 59 64 65 66 69 72 74 81 82 91 93 97 98 101 107 109 110 119 120 122 123 129 132 137 141 143 147 154 157 165 172 174 188 189 191 192 198 203 209
28 35 36 42 50 55 59 64 65 66 69 72 74 81 82 91 93 97 98 101 107 109 110 119 120 122 123 129 132 137 141 144 147 149 154 157 165 172 174 178 186 190 191 192 207 208
28 35 36 42 50 55 59 64 65 66 69 72 74 81 82 91 93 97 98 101 107 109 117 122 123 125 135 137 141 144 147 149 154 157 160 167 168 172 174 180 183 188 191 192 206 208
28 35 36 42 50 55 59 64 65 66 69 72 74 81 83 85 94 95 103 105 107 111 112 115 119 122 123 133 137 141 144 147 149 154 157 160 172 174 181 190 191 192 199 202 207
28 35 36 42 50 55 59 64 65 66 69 72 76 81 82 86 93 97 100 107 110 113 116 119 122 123 127 133 137 141 143 153 154 157 159 167 168 171 172 174 180 183 191 192 206 210
28 35 36 42 50 55 59 64 65 66 69 72 76 81 82 86 93 97 100 107 110 113 116 119 122 124 132 138 139 143 149 153 154 158 160 171 172 175 177 185 186 190 191 193 199 202
28 35 36 42 50 55 59 64 65 66 69 72 81 83 91 94 95 103 107 111 115 122 125 129 134 138 140 153 154 158 161 164 172 175 177 184 189 190 191 192 193 197 205 206
28 35 36 42 50 55 59 64 65 66 70 71 72 74 81 84 91 94 96 102 108 109 112 120 122 126 127 130 136 138 140 148 154 157 169 172 174 180 183 185 191 192 195 207 210
28 35 36 42 50 55 59 64 65 66 70 72 74 81 84 85 88 93 96 99 102 104 107 109 117 122 123 134 136 137 141 143 150 154 157 166 171 172 174 180 183 191 192 205 210
28 35 36 42 50 55 59 64 65 66 70 72 74 81 84 88 94 96 98 108 109 118 122 125 128 131 138 139 152 154 158 159 166 168 172 174 179 185 188 191 192 199 202 208 209
28 35 36 42 50 55 59 64 65 66 70 72 74 81 84 88 94 96 108 109 112 119 122 125 127 131 136 138 140 148 154 157 169 172 174 180 183 186 191 192 196 203 207 210
28 35 36 42 50 55 59 64 65 66 70 72 74 81 84 91 93 97 101 107 110 113 118 122 123 127 135 137 141 143 147 153 154 157 166 171 172 174 180 183 185 191 192 206 210
28 35 36 42 50 55 59 64 65 66 70 72 74 82 83 85 94 97 98 101 105 108 110 113 116 118 122 124 134 138 139 145 148 154 157 165 172 174 186 190 191 192 196 203 208
28 35 36 42 50 55 59 64 65 66 70 72 74 82 83 85 94 97 98 101 105 108 110 113 116 118 122 124 134 138 139 152 153 154 157 166 172 174 186 190 191 192 199 202
28 35 36 42 50 55 59 64 65 66 70 72 74 82 83 85 94 97 104 107 111 112 115 119 122 125 128 131 133 138 139 145 148 154 157 165 172 174 176 185 189 191 192 207 209
28 35 36 42 50 55 59 64 65 66 70 72 74 82 83 85 94 97 104 108 110 119 120 122 126 127 130 134 138 140 149 154 158 161 164 166 172 175 185 191 192 193 207 209
28 35 36 42 50 55 59 64 66 69 72 74 76 81 82 85 93 96 99 104 107 109 119 120 122 123 129 132 137 141 143 147 150 154 157 165 172 174 184 190 191 192 196 207 208
28 35 36 42 50 55 59 64 66 69 72 74 76 81 82 90 93 96 99 104 107 109 120 122 123 127 134 137 141 143 147 153 154 157 159 169 171 172 174 184 191 192 199 202 210
28 35 36 42 50 55 59 64 66 69 72 74 76 81 82 91 93 96 99 104 107 109 111 117 122 123 127 136 137 141 143 147 153 154 157 167 171 172 174 180 183 191 192 205 210
28 35 36 42 50 55 59 64 66 69 72 74 76 81 82 91 93 96 99 104 107 109 112 119 122 123 129 132 137 141 143 147 152 154 157 159 165 172 174 188 189 191 192 205 209
28 35 36 42 50 55 59 64 66 69 72 74 81 82 85 93 96 99 102 104 107 109 119 120 122 123 129 132 137 141 143 150 154 157 165 172 174 184 190 191 192 196 200 207 208
28 35 36 42 50 55 59 64 66 69 72 74 81 82 90 93 96 99 102 104 107 109 120 122 123 127 134 137 141 143 153 154 157 159 163 169 171 172 174 184 191 192 199 202 210
28 35 36 42 50 55 59 64 66 69 72 74 81 82 91 93 97 98 101 107 109 110 119 120 122 123 129 132 137 141 144 147 149 154 157 165 172 174 178 186 190 191 192 207 208
28 35 36 42 50 55 59 64 66 69 72 74 81 82 91 93 97 98 101 107 109 117 122 123 125 135 137 141 144 147 149 154 157 160 167 168 172 174 180 183 188 191 192 206 208
28 35 36 42 50 55 59 64 66 69 72 75 76 81 83 86 89 94 95 104 107 111 113 119 122 125 129 133 138 140 143 151 154 158 170 172 175 177 183 187 190 191 192 200 201 208
28 35 36 42 50 55 59 64 66 69 72 75 78 81 82 86 93 96 99 102 105 107 109 117 122 123 127 136 137 141 143 153 154 157 159 163 167 171 172 174 184 191 192 205 210
28 35 36 42 50 55 59 64 66 69 72 75 78 81 82 86 93 96 99 105 107 109 112 122 123 133 136 137 141 143 147 152 154 157 165 172 174 185 189 191 192 196 200 205 209
28 35 36 42 50 55 59 64 66 69 72 76 81 83 86 89 94 95 105 107 111 113 119 122 124 127 135 138 139 145 148 149 154 158 160 172 175 177 183 187 190 191 192 200 201 207
28 35 36 42 50 55 59 64 66 69 74 76 77 80 84 88 93 96 107 109 112 119 122 123 129 132 137 141 143 147 152 154 157 165 172 174 177 188 189 191 192 198 203 205 209
28 35 36 42 50 55 59 64 66 69 74 76 77 81 82 90 93 97 98 101 107 109 110 120 122 123 133 137 141 143 147 154 157 161 166 169 172 174 177 185 189 191 192 199 202 207
28 35 36 42 50 55 59 64 66 69 74 76 77 81 82 90 93 97 98 101 107 109 113 118 122 123 125 134 135 137 141 143 147 154 157 159 169 171 172 174 184 191 192 199 202 210
28 35 36 42 50 55 59 64 66 69 74 76 77 81 82 90 93 97 101 107 110 122 124 128 133 136 138 139 143 150 151 154 158 160 164 171 172 175 177 188 190 191 192 199 202
28 35 36 42 50 55 59 64 66 69 74 76 77 81 82 91 93 97 98 101 107 109 110 119 120 122 123 129 132 137 141 143 147 154 157 159 165 172 174 188 189 191 192 198 203 209
28 35 36 42 50 55 59 64 66 69 74 76 77 81 82 91 93 97 98 101 107 109 110 119 120 122 123 129 132 137 141 143 147 154 157 165 172 174 177 188 189 191 192 198 203 209
28 35 36 42 50 55 59 64 66 69 74 76 77 81 82 91 93 97 101 107 110 122 124 127 134 135 138 139 145 148 154 158 160 164 170 172 175 177 183 191 192 198 203 206 210
28 35 36 42 50 55 59 64 66 69 74 76 77 81 83 84 93 97 99 105 107 109 112 122 123 133 136 137 141 145 150 154 157 163 169 171 172 174 178 191 192 201 202 205 210
28 35 36 42 50 55 59 64 66 69 74 76 77 81 83 84 93 97 101 107 109 112 120 122 123 129 132 137 141 143 147 152 154 157 159 165 167 172 174 188 189 191 192 198 203 209
28 35 36 42 50 55 59 64 66 69 74 76 77 81 83 84 93 97 101 107 110 119 122 124 128 133 136 138 139 143 151 154 158 160 164 171 172 175 177 188 190 191 193 199 202 204
28 35 36 42 50 55 59 64 66 69 74 76 77 81 83 84 94 95 103 105 107 111 114 115 122 124 125 136 137 142 144 150 154 158 160 170 172 174 184 190 191 192 201 202 208
28 35 36 42 50 55 59 64 66 69 74 76 77 81 83 84 94 95 104 107 111 115 122 124 127 135 136 138 139 145 148 154 158 160 164 170 172 175 177 183 185 191 192 198 203 210
28 35 36 42 50 55 59 64 66 69 74 76 77 81 83 84 94 95 104 107 111 115 122 124 127 135 136 138 139 145 148 154 158 160 164 170 172 175 177 183 185 191 193 208 209
28 35 36 42 50 55 59 64 66 69 74 76 77 81 83 87 94 95 97 103 107 111 114 115 119 122 125 127 131 138 140 144 149 154 159 160 172 175 176 185 189 190 191 192 193 205 207
28 35 36 42 50 55 59 64 66 69 74 76 77 81 84 87 93 96 107 109 113 118 120 122 123 127 137 141 143 147 153 154 157 159 167 169 171 172 174 184 191 192 199 202 210
28 35 36 42 50 55 59 64 66 70 71 74 81 84 86 88 91 94 95 103 107 111 112 122 124 133 136 138 139 150 154 158 160 164 169 172 174 186 190 191 192 199 202 208
28 35 36 42 50 55 59 64 66 70 71 74 81 86 88 91 94 95 103 107 111 114 117 122 124 133 138 139 150 152 154 158 159 166 169 172 174 178 186 190 191 192 200 201 207
28 35 36 42 50 55 59 64 66 70 71 74 81 86 88 91 94 95 103 107 111 114 117 122 124 133 138 139 150 152 154 158 159 166 169 172 174 186 190 191 192 197 200 201 207
28 35 36 42 50 55 59 64 66 70 72 76 81 86 88 89 94 97 100 103 107 110 112 116 122 124 132 138 139 151 152 154 158 159 168 172 175 178 184 187 191 192 198 204 207 209
28 35 36 42 50 55 59 64 69 72 74 76 81 82 90 93 96 98 102 107 109 113 118 122 123 134 135 137 141 142 145 148 154 157 160 168 172 174 184 190 191 192 206 208
28 35 36 42 50 55 59 64 69 72 74 76 81 82 91 93 96 98 102 107 109 117 122 123 135 137 141 142 145 148 154 157 160 167 168 172 174 188 189 191 192 198 203 206
28 35 36 42 50 55 59 64 69 72 74 81 82 83 89 91 93 97 98 101 107 109 117 122 123 135 137 141 142 145 148 154 157 160 167 168 172 174 188 189 191 192 198 203 206
28 35 36 42 50 55 59 64 69 72 74 81 82 83 90 93 97 98 101 107 109 120 122 123 133 137 141 144 147 149 154 157 169 171 172 174 178 185 186 191 192 199 202 207
28 35 36 42 50 55 59 64 69 72 74 81 82 85 93 97 98 101 105 107 109 110 117 122 123 133 136 137 141 144 147 149 154 157 167 171 172 174 180 183 191 192 205 210
28 35 36 42 50 55 59 64 69 72 74 81 82 85 93 97 98 101 105 107 109 117 122 123 125 131 133 136 137 141 142 145 148 154 157 161 166 172 174 185 189 191 192 205 209
28 35 36 42 50 55 59 64 69 72 74 81 82 88 90 93 97 98 101 107 109 120 122 123 125 131 133 137 141 143 151 154 157 161 166 169 172 174 185 189 191 192 199 202 207
28 35 36 42 50 55 59 64 69 72 74 81 82 89 90 93 96 99 102 104 107 109 120 122 123 127 134 137 141 143 153 154 157 159 163 169 171 172 174 184 191 192 199 202 210
28 35 36 42 50 55 59 64 69 72 74 81 82 90 93 96 99 102 104 107 109 120 122 123 127 134 137 141 143 153 154 157 159 163 169 171 172 174 184 191 192 199 202 210
28 35 36 42 50 55 59 64 69 72 74 81 82 90 93 97 98 101 107 109 120 122 123 125 131 133 137 141 143 151 154 157 161 166 169 172 174 185 189 191 192 199 202 207
28 35 36 42 50 55 59 64 69 72 74 81 82 91 93 96 99 102 104 107 109 112 119 122 123 129 132 137 141 143 152 154 157 159 163 165 172 174 188 189 191 192 205 209
28 35 36 42 50 55 59 64 69 72 74 81 82 91 93 96 99 104 107 109 111 115 117 122 123 127 136 137 141 143 147 153 154 157 167 171 172 174 180 183 191 192 205 210
28 35 36 42 50 55 59 64 69 72 74 81 82 91 93 96 99 104 107 109 112 119 122 123 129 132 137 141 143 147 152 154 157 159 163 165 172 174 188 189 191 192 205 209
28 35 36 42 50 55 59 64 69 72 74 81 82 91 93 97 98 101 107 109 110 116 117 122 123 135 137 141 143 151 154 157 167 171 172 174 180 183 188 191 192 198 203 206
28 35 36 42 50 55 59 64 69 72 74 81 82 91 93 97 98 101 107 109 110 119 120 122 123 129 132 137 141 144 147 149 154 157 165 172 174 178 186 190 191 192 207 208
28 35 36 42 50 55 59 64 69 72 74 81 82 91 93 97 98 101 107 109 117 122 123 125 135 137 141 144 147 149 154 157 160 167 168 172 174 180 183 188 191 192 206 208
28 35 36 42 50 55 59 64 69 72 75 76 78 81 82 86 93 96 99 102 105 107 109 112 122 123 133 136 137 141 142 143 152 154 157 165 172 174 185 189 191 192 205 209
28 35 36 42 50 55 59 64 69 72 75 76 78 81 82 86 93 96 99 102 105 107 109 112 122 123 133 136 137 141 143 152 154 157 165 172 174 185 189 191 192 196 205 209
28 35 36 42 50 55 59 64 69 72 75 76 78 81 82 86 93 96 99 102 105 107 109 117 122 123 127 136 137 141 142 143 153 154 157 167 171 172 174 184 191 192 205 210
28 35 36 42 50 55 59 64 69 72 75 76 78 81 82 86 93 96 99 102 105 107 109 117 122 123 127 136 137 141 143 153 154 157 159 167 171 172 174 184 191 192 205 210
28 35 36 42 50 55 59 64 69 72 75 76 78 81 82 86 93 96 99 105 107 109 112 122 123 133 136 137 141 143 147 152 154 157 165 172 174 185 189 191 192 196 205 209
28 35 36 42 50 55 59 64 69 72 75 76 78 81 82 86 93 96 99 105 107 109 117 122 123 127 136 137 141 143 147 153 154 157 159 167 171 172 174 184 191 192 205 210
28 35 36 42 50 55 59 64 69 72 75 76 78 81 82 86 93 97 98 107 109 110 116 117 122 123 134 135 137 141 143 151 154 157 163 167 171 172 174 184 191 192 198 206 210
28 35 36 42 50 55 59 64 69 72 75 76 78 81 82 86 93 97 98 107 109 110 116 117 122 123 134 135 137 141 143 151 154 157 167 171 172 174 184 191 192 198 206 210
28 35 36 42 50 55 59 64 69 72 75 76 78 81 82 86 93 97 98 107 109 110 117 122 123 134 135 137 141 143 147 151 154 157 167 171 172 174 184 191 192 198 206 210
28 35 36 42 50 55 59 64 69 72 75 76 78 81 82 86 93 97 98 107 109 119 120 122 123 125 133 137 141 143 147 151 154 157 165 172 174 185 189 191 192 198 207 209
28 35 36 42 50 55 59 64 69 72 75 76 78 81 82 86 93 97 99 105 107 109 110 116 117 122 123 127 136 137 142 143 153 154 157 167 171 172 174 176 184 191 192 205 210
28 35 36 42 50 55 59 64 69 72 75 76 78 81 82 86 93 97 99 105 107 109 112 122 123 125 133 136 137 142 143 152 154 157 158 164 165 172 174 185 189 191 192 205 209
28 35 36 42 50 55 59 64 69 72 75 78 81 82 86 93 96 99 102 105 107 109 117 122 123 127 136 137 141 143 153 154 157 159 163 167 171 172 174 184 191 192 205 210
28 35 36 42 50 55 59 64 69 72 75 78 81 82 86 93 96 99 105 107 109 112 122 123 133 136 137 141 143 147 152 154 157 165 172 174 185 189 191 192 196 200 205 209
28 35 36 42 50 55 59 64 69 72 75 78 81 82 86 93 97 98 101 107 109 110 116 117 122 123 134 135 137 141 143 151 154 157 167 171 172 174 184 191 192 198 206 210
28 35 36 42 50 55 59 64 69 72 75 78 81 82 86 93 97 98 101 107 109 119 120 122 123 125 131 133 137 141 143 151 154 157 163 165 172 174 185 189 191 192 198 207 209
28 35 36 42 50 55 59 64 69 72 75 78 81 82 86 93 97 98 101 107 109 119 120 122 123 125 131 133 137 141 143 151 154 157 165 172 174 185 189 191 192 198 207 209
28 35 36 42 50 55 59 64 69 72 75 78 81 82 86 93 97 99 101 105 107 109 110 116 117 122 123 127 136 137 142 143 153 154 157 167 171 172 174 176 184 191 192 205 210
28 35 36 42 50 55 59 64 69 72 75 78 81 82 86 93 97 99 101 105 107 109 110 117 122 123 127 136 137 142 143 153 154 157 167 171 172 174 176 182 184 191 192 205 210
28 35 36 42 50 55 59 64 69 72 75 78 81 82 86 93 97 99 101 105 107 109 112 122 123 125 131 133 136 137 142 143 152 154 157 158 165 172 174 185 189 191 192 205 209
28 35 36 42 50 55 59 64 69 72 75 78 81 82 86 93 97 99 101 105 107 109 112 122 123 125 133 136 137 142 143 152 154 157 158 164 165 172 174 185 189 191 192 205 209
28 35 36 42 50 55 59 64 69 72 75 78 81 82 86 93 97 99 105 107 109 110 116 117 122 123 127 136 137 142 143 146 153 154 157 167 171 172 174 176 184 191 192 205 210
28 35 36 42 50 55 59 64 69 72 75 78 81 82 86 93 97 99 105 107 109 110 117 122 123 127 136 137 142 143 146 153 154 157 167 171 172 174 176 182 184 191 192 205 210
28 35 36 42 50 55 59 64 69 72 75 78 81 82 86 93 97 99 105 107 109 112 122 123 125 131 133 136 137 142 143 146 152 154 157 158 165 172 174 185 189 191 192 205 209
28 35 36 42 50 55 59 64 69 72 75 78 81 82 86 93 97 99 105 107 109 112 122 123 125 133 136 137 142 143 146 152 154 157 158 164 165 172 174 185 189 191 192 205 209
28 35 36 42 50 55 59 64 69 72 75 78 81 83 86 93 97 99 101 105 107 109 110 112 116 122 123 133 136 137 142 143 152 154 157 165 172 174 185 189 191 192 205 209
28 35 36 42 50 55 59 64 69 72 75 78 81 83 86 93 97 99 101 105 107 109 112 122 123 131 133 136 137 142 143 152 154 157 158 164 165 172 174 185 189 191 192 205 209
28 35 36 42 50 55 59 64 69 72 75 78 81 83 86 93 97 99 101 105 107 109 112 122 123 133 136 137 142 143 152 154 157 158 164 165 172 174 185 189 191 192 205 209
28 35 36 42 50 55 59 64 69 72 75 78 81 83 86 93 97 99 105 107 109 112 122 123 131 133 136 137 142 143 146 152 154 157 158 164 165 172 174 185 189 191 192 205 209
28 35 36 42 50 55 59 64 69 74 76 77 81 82 90 93 97 98 101 107 109 113 118 122 123 125 134 135 137 141 143 147 154 157 159 169 171 172 174 184 191 192 199 202 210
28 35 36 42 50 55 59 64 69 74 77 81 82 84 88 90 93 96 100 102 103 107 109 112 122 123 133 136 137 141 143 152 154 157 161 166 172 174 185 189 191 192 196 205 209
28 35 36 42 50 55 59 64 69 74 77 81 82 84 88 90 93 96 100 102 103 107 109 113 118 122 123 127 134 137 141 143 153 154 157 169 171 172 174 184 191 192 196 205 210
28 35 36 42 50 55 59 64 69 74 77 81 82 84 88 90 93 96 100 103 107 109 112 122 123 133 136 137 141 143 147 152 154 157 161 166 172 174 185 189 191 192 196 205 209
28 35 36 42 50 55 59 64 69 74 77 81 82 84 88 90 93 96 100 103 107 109 113 118 122 123 127 134 137 141 143 147 153 154 157 169 171 172 174 184 191 192 196 205 210
28 35 36 42 50 55 59 64 69 74 77 81 82 84 88 90 93 97 98 107 110 114 117 122 123 133 135 137 141 143 147 151 154 157 161 166 172 174 185 189 191 192 200 206 209
28 35 36 42 50 55 59 64 69 74 77 81 82 84 88 90 93 97 98 107 110 114 117 122 124 135 138 139 149 152 154 158 160 164 168 172 175 179 184 188 191 193 204 209
28 35 36 42 50 55 59 64 69 74 77 81 82 84 88 90 93 97 99 104 107 109 110 120 122 123 127 134 137 141 145 147 148 154 157 160 169 172 174 184 190 191 192 207 208
28 35 36 42 50 55 59 64 69 74 77 81 82 84 90 93 96 100 103 107 109 112 122 123 133 136 137 141 143 147 152 154 157 161 166 172 174 185 189 191 192 196 200 205 209
28 35 36 42 50 55 59 64 69 74 77 81 82 84 90 93 96 100 103 107 109 113 118 122 123 127 134 137 141 143 147 153 154 157 169 171 172 174 184 191 192 196 200 205 210
28 35 36 42 50 55 59 64 69 74 77 81 82 85 93 96 100 102 103 107 109 113 118 122 123 126 134 135 137 141 143 150 154 157 159 163 165 172 174 184 190 191 192 206 208
28 35 36 42 50 55 59 64 69 74 77 81 82 85 93 96 100 103 107 109 113 118 122 123 126 130 134 135 137 141 143 147 150 154 157 159 165 172 174 184 190 191 192 206 208
28 35 36 42 50 55 59 64 69 74 77 81 82 85 93 96 100 103 107 109 113 118 122 123 126 134 135 137 141 143 147 150 154 157 159 163 165 172 174 184 190 191 192 206 208
28 35 36 42 50 55 59 64 69 74 77 81 82 85 93 97 99 104 107 110 114 117 122 123 130 134 136 137 141 143 147 150 154 157 159 163 165 172 174 184 190 191 192 205 208
28 35 36 42 50 55 59 64 69 74 77 81 82 91 93 96 100 102 103 107 109 112 119 122 123 126 135 137 141 143 152 154 157 159 163 165 172 174 188 189 191 192 198 203 209
28 35 36 42 50 55 59 64 69 74 77 81 82 91 93 96 100 103 107 109 112 119 122 123 126 130 135 137 141 143 147 152 154 157 159 165 172 174 188 189 191 192 198 203 209
28 35 36 42 50 55 59 64 69 74 77 81 82 91 93 96 100 103 107 109 112 119 122 123 126 135 137 141 143 147 152 154 157 159 163 165 172 174 188 189 191 192 198 203 209
28 35 36 42 50 55 59 64 69 74 81 82 84 88 91 93 96 98 102 107 109 117 122 123 135 137 141 142 145 148 154 157 160 167 168 172 174 188 189 191 192 198 203 206
28 35 36 42 50 55 59 64 69 74 81 82 84 88 91 93 96 99 102 104 107 109 117 122 123 127 136 137 141 143 153 154 157 167 171 172 174 180 183 191 192 196 205 210
28 35 36 42 50 55 59 64 69 74 81 82 84 88 91 93 96 99 104 107 109 112 119 122 123 129 132 137 141 143 147 152 154 157 165 172 174 188 189 191 192 196 205 209
28 35 36 42 50 55 59 64 69 74 81 82 84 88 91 93 96 99 104 107 109 117 122 123 127 136 137 141 143 147 153 154 157 167 171 172 174 180 183 191 192 196 205 210
28 35 36 42 50 55 59 64 69 74 81 82 84 88 91 93 97 98 107 109 110 116 117 122 123 135 137 141 143 151 154 157 167 171 172 174 180 183 188 191 192 198 203 206
28 35 36 42 50 55 59 64 69 74 81 82 84 88 91 93 97 98 107 109 110 117 122 123 135 137 141 143 147 151 154 157 167 171 172 174 180 183 188 191 192 198 203 206
28 35 36 42 50 55 59 64 69 74 81 82 84 88 91 93 97 98 107 110 113 118 122 124 132 135 137 141 143 147 151 154 157 167 171 172 174 180 183 191 192 200 206 210
28 35 36 42 50 55 59 64 69 74 81 82 84 88 91 93 97 100 103 107 109 112 119 122 123 125 131 135 137 141 144 149 154 157 165 172 174 178 188 190 191 192 206 208
28 35 36 42 50 55 59 64 69 74 81 82 84 88 91 93 97 100 103 107 109 112 119 122 123 125 135 137 141 144 147 149 154 157 165 172 174 178 188 190 191 192 206 208
28 35 36 42 50 55 59 64 69 74 81 82 84 91 93 96 99 104 107 109 112 119 122 123 129 132 137 141 143 147 152 154 157 165 172 174 188 189 191 192 196 200 205 209
28 35 36 42 50 55 59 64 69 74 81 82 84 91 93 96 99 104 107 109 117 122 123 127 136 137 141 143 147 153 154 157 167 171 172 174 180 183 191 192 196 200 205 210
28 35 36 42 50 55 59 64 69 74 81 82 84 91 93 97 98 101 107 109 110 116 117 122 123 135 137 141 143 151 154 157 167 171 172 174 180 183 188 191 192 198 203 206
28 35 36 42 50 55 59 64 69 74 81 82 84 91 93 97 100 101 103 107 109 112 119 122 123 125 135 137 141 144 147 149 154 157 165 172 174 178 188 190 191 192 206 208
28 35 36 42 50 55 59 64 69 74 81 82 84 91 93 98 101 107 109 110 116 117 122 123 135 137 142 145 146 148 154 157 160 167 168 172 174 176 188 189 191 192 198 203 206
28 35 36 42 50 55 59 64 69 74 81 82 85 93 97 98 101 105 107 109 117 122 123 125 131 133 136 137 141 142 145 148 154 157 161 166 172 174 185 189 191 192 205 209
28 35 36 42 50 55 59 64 69 74 81 82 85 93 97 100 101 103 107 109 113 118 122 123 125 134 135 137 142 143 150 154 157 158 164 165 172 174 184 190 191 192 206 208
28 35 36 42 50 55 59 64 69 74 81 82 85 93 97 100 103 107 109 113 118 122 123 125 131 134 135 137 142 143 146 150 154 157 158 165 172 174 184 190 191 192 206 208
28 35 36 42 50 55 59 64 69 74 81 82 85 93 97 100 103 107 109 113 118 122 123 125 134 135 137 142 143 146 150 154 157 158 164 165 172 174 184 190 191 192 206 208
28 35 36 42 50 55 59 64 69 74 81 82 85 93 97 100 103 107 110 113 118 122 124 130 134 136 137 141 143 147 150 154 157 165 172 174 177 181 184 190 191 192 205 208
28 35 36 42 50 55 59 64 69 74 81 82 85 93 98 102 105 107 109 111 115 117 122 123 125 133 136 137 141 145 147 148 154 157 161 166 172 174 177 185 189 191 192 205 209
28 35 36 42 50 55 59 64 69 74 81 82 85 93 98 105 107 109 111 117 122 123 125 131 133 136 137 141 145 148 154 157 161 166 172 174 177 181 185 189 191 192 205 209
28 35 36 42 50 55 59 64 69 74 81 82 85 93 98 105 107 109 111 117 122 123 125 131 133 136 137 142 144 146 149 154 157 158 167 171 172 174 180 183 191 192 205 210
28 35 36 42 50 55 59 64 69 74 81 82 89 91 93 96 100 102 103 107 109 112 119 122 123 126 135 137 141 143 152 154 157 159 163 165 172 174 188 189 191 192 198 203 209
28 35 36 42 50 55 59 64 69 74 81 82 91 93 98 107 109 111 115 117 122 123 125 131 135 137 142 143 151 154 157 158 167 171 172 174 180 183 188 191 192 198 203 206
28 35 36 42 50 55 59 64 69 74 81 82 91 93 98 107 109 111 115 117 122 123 125 135 137 142 143 151 154 157 158 164 167 171 172 174 180 183 188 191 192 198 203 206
28 35 36 42 50 55 59 64 69 74 81 82 91 93 98 107 109 111 117 122 123 125 131 135 137 142 143 146 151 154 157 158 167 171 172 174 180 183 188 191 192 198 203 206
28 35 36 42 50 55 59 64 69 75 76 77 78 81 84 86 94 96 98 107 111 112 115 120 122 124 128 138 139 150 154 158 161 164 167 172 174 175 186 188 191 192 202 206 209
28 35 36 42 50 55 59 64 69 75 76 77 78 81 84 86 94 96 98 107 111 112 115 120 122 124 131 138 139 150 154 158 161 164 167 172 174 175 186 188 191 192 202 206 209
28 35 36 42 50 55 59 64 69 75 77 78 81 82 86 93 96 99 102 105 107 109 111 115 117 122 123 127 136 137 141 143 153 154 157 167 171 172 174 177 184 191 192 205 210
28 35 36 42 50 55 59 64 69 75 77 78 81 82 86 93 96 99 102 105 107 109 112 122 123 126 133 136 137 141 143 152 154 157 159 163 165 172 174 185 189 191 192 205 209
28 35 36 42 50 55 59 64 69 75 77 78 81 82 86 93 96 99 105 107 109 111 115 117 122 123 127 136 137 141 143 147 153 154 157 167 171 172 174 177 184 191 192 205 210
28 35 36 42 50 55 59 64 69 75 77 78 81 82 86 93 96 99 105 107 109 112 122 123 126 133 136 137 141 143 147 152 154 157 159 163 165 172 174 185 189 191 192 205 209
28 35 36 42 50 55 59 64 69 75 78 81 82 86 93 97 98 107 109 119 120 122 123 125 131 133 137 141 143 151 154 157 159 163 165 172 174 185 189 191 192 198 207 209
28 35 36 42 50 55 59 64 69 75 78 81 82 86 93 97 98 107 109 119 120 122 123 125 133 137 141 143 147 151 154 157 159 163 165 172 174 185 189 191 192 198 207 209
28 35 36 42 50 55 59 64 69 75 78 81 82 86 93 97 99 101 105 107 109 112 122 123 125 131 133 136 137 142 143 152 154 157 158 165 172 174 185 189 191 192 205 209
28 35 36 42 50 55 59 64 69 75 78 81 82 86 93 97 99 101 105 107 109 112 122 123 125 133 136 137 142 143 152 154 157 158 164 165 172 174 185 189 191 192 205 209
28 35 36 42 50 55 59 64 69 75 78 81 82 86 93 97 99 105 107 109 112 122 123 125 131 133 136 137 142 143 146 152 154 157 158 165 172 174 185 189 191 192 205 209
28 35 36 42 50 55 59 64 69 75 78 81 82 86 93 97 99 105 107 109 112 122 123 125 133 136 137 142 143 146 152 154 157 158 164 165 172 174 185 189 191 192 205 209
28 35 36 42 50 55 59 64 70 71 72 74 81 87 90 93 99 104 107 109 117 122 123 126 127 130 136 137 143 153 154 157 166 171 172 174 176 182 185 191 192 205 210
28 35 36 42 50 55 59 64 70 71 72 78 81 87 88 89 90 94 95 99 107 113 116 120 122 124 127 138 139 150 153 154 158 160 164 170 172 174 186 190 191 192 196 203 206
28 35 36 42 50 55 59 64 70 71 72 81 86 94 95 101 102 103 107 111 114 117 122 124 128 133 134 138 139 143 151 154 159 160 166 171 172 174 185 191 192 195 201 206 210
28 35 36 42 50 55 59 64 70 72 74 76 81 84 90 94 96 105 107 111 112 119 122 125 128 133 135 138 139 146 147 154 158 160 164 169 172 174 175 184 190 191 192 199 202 208
28 35 36 42 50 55 59 64 70 72 74 76 81 87 88 89 90 94 96 97 107 112 115 122 124 125 132 135 136 138 139 150 154 158 164 172 174 178 187 191 192 198 203 208 209
28 35 36 42 50 55 59 64 70 72 74 76 81 87 88 89 90 94 96 97 108 109 118 122 127 130 138 140 141 148 151 153 154 158 164 172 174 178 187 188 191 192 198 203 209
28 35 36 42 50 55 59 64 70 72 76 81 86 88 89 94 97 100 103 107 110 112 116 122 124 132 138 139 151 152 154 158 159 168 172 175 178 184 187 191 192 198 204 207 209
28 35 36 42 50 55 59 65 66 69 72 81 83 91 94 95 100 103 107 111 115 122 125 129 134 138 140 153 154 158 161 164 172 175 177 178 184 189 191 192 193 205 206 209
28 35 36 42 50 55 59 65 66 69 75 78 81 84 88 94 95 99 107 111 122 125 128 131 135 138 140 143 148 152 154 158 159 162 166 169 172 175 186 190 191 193 197 204 208
28 35 36 42 50 55 60 61 64 70 72 78 82 83 86 89 94 97 99 105 108 109 112 118 122 126 127 130 138 139 151 154 158 160 169 172 174 180 183 191 192 194 204 207 210
28 35 36 42 50 55 60 61 64 70 72 78 82 83 86 94 97 99 105 108 109 112 118 122 125 127 131 136 138 139 145 148 154 157 167 172 174 181 182 189 190 191 192 196 205 207
28 35 36 42 50 55 60 61 64 70 72 81 84 86 91 94 96 98 108 109 114 117 122 126 127 130 135 138 139 150 154 158 161 164 167 172 174 186 191 192 194 206 207 209
28 35 36 42 50 55 60 61 64 70 72 81 84 86 91 94 96 98 108 109 114 117 122 126 127 130 135 138 141 148 154 158 161 164 167 172 174 186 191 192 194 206 207 209
28 35 36 42 50 55 60 61 64 70 72 82 83 86 91 94 97 99 101 107 111 112 118 122 124 129 132 138 139 152 154 158 160 164 169 172 174 175 186 188 190 191 192 198 204
28 35 36 42 50 55 60 61 64 70 75 76 77 81 84 94 95 99 107 111 113 115 120 122 125 127 131 138 139 145 149 150 154 159 160 167 170 172 175 176 183 186 191 192 208 210
28 35 36 42 50 55 60 61 64 70 75 76 77 81 86 89 94 95 97 103 105 107 111 115 122 124 127 135 138 139 145 149 154 158 160 164 170 172 174 189 190 191 192 198 204 206
28 35 36 42 50 55 60 61 64 70 75 76 77 81 86 89 94 95 97 103 105 107 111 115 122 124 127 135 138 139 145 149 154 158 160 164 170 172 175 184 191 192 198 204 206 210
28 35 36 42 50 55 60 61 64 70 75 76 77 82 84 86 94 97 98 101 108 110 113 116 119 122 125 127 138 139 140 151 154 157 158 165 171 172 174 180 184 191 192 196 204 207 210
28 35 36 42 50 55 60 61 64 70 75 76 77 82 84 86 94 97 98 101 108 110 113 116 119 122 125 138 139 140 151 154 157 158 165 171 172 174 180 184 191 192 196 204 207 210
28 35 36 42 50 55 60 61 70 76 77 81 84 87 94 95 99 104 107 111 113 117 120 122 124 127 138 139 141 147 150 153 154 159 160 163 170 172 175 180 185 191 192 206 210
28 35 36 42 50 55 60 61 70 76 77 81 84 87 94 95 99 104 107 111 113 117 120 122 124 127 138 139 141 147 150 153 154 159 160 163 170 172 175 180 185 191 193 205 209
28 35 36 42 50 59 64 65 66 69 72 74 76 81 82 91 93 96 99 102 104 107 109 117 122 123 127 136 137 141 142 143 153 154 157 167 171 172 174 180 183 191 192 205 210
28 35 36 42 50 59 64 66 69 72 74 76 81 82 91 93 96 99 102 104 107 109 112 119 122 123 129 132 137 141 143 146 152 154 157 159 165 172 174 188 189 191 192 205 209
28 35 36 42 50 59 64 66 69 72 74 76 81 82 91 93 96 99 102 104 107 109 115 117 122 123 127 136 137 141 142 143 153 154 157 167 171 172 174 180 183 191 192 205 210
28 35 36 42 50 59 64 66 69 72 75 76 78 81 82 86 93 96 99 101 102 105 107 109 117 122 123 127 136 137 141 143 153 154 157 159 167 171 172 174 184 191 192 205 210
28 35 36 42 50 59 64 66 69 72 75 76 78 81 82 86 93 96 99 101 105 107 109 112 122 123 133 136 137 141 142 143 147 152 154 157 165 172 174 185 189 191 192 205 209
28 35 36 42 50 59 64 66 69 72 75 76 78 81 82 86 93 96 99 101 105 107 109 117 122 123 127 136 137 141 142 143 147 153 154 157 167 171 172 174 184 191 192 205 210
28 35 36 42 50 59 64 66 69 72 75 76 78 81 82 86 93 96 99 101 105 107 109 117 122 123 127 136 137 141 143 147 153 154 157 159 167 171 172 174 184 191 192 205 210
28 35 36 42 50 59 64 66 69 72 75 76 78 81 82 86 93 96 99 102 105 107 109 112 122 123 133 136 137 141 143 146 152 154 157 165 172 174 185 189 191 192 196 205 209
28 35 36 42 50 59 64 66 69 72 75 76 78 81 82 86 93 96 99 105 107 109 112 122 123 133 136 137 141 143 146 147 152 154 157 165 172 174 185 189 191 192 196 205 209
28 35 36 42 50 59 64 66 69 74 76 81 82 84 90 93 97 98 101 107 109 120 122 123 125 133 137 141 143 147 151 154 157 161 166 169 172 174 185 189 191 192 199 202 207
28 35 36 42 50 59 64 66 69 75 76 78 81 82 86 93 97 98 101 107 109 119 120 122 123 125 133 137 141 143 147 151 154 157 159 165 172 174 185 189 191 192 198 207 209
28 35 36 42 50 59 64 66 69 75 76 78 81 82 93 97 99 101 107 109 119 120 122 123 125 133 137 141 144 147 151 154 157 159 165 172 174 185 189 191 192 197 207 209
28 35 36 42 50 59 64 69 74 76 77 81 82 90 93 97 98 101 107 109 110 120 122 123 133 137 141 142 145 147 148 154 157 161 166 169 172 174 178 185 186 191 192 207 208
28 35 36 42 50 59 64 69 74 76 77 81 82 90 93 97 98 101 107 109 113 118 122 123 125 134 135 137 141 142 145 147 148 154 157 160 168 172 174 184 190 191 192 206 208
28 35 36 42 50 59 64 69 74 77 81 82 88 90 93 97 99 101 104 107 109 110 120 122 123 127 134 137 141 142 145 147 148 154 157 160 169 172 174 184 190 191 192 207 208
28 35 36 42 50 59 65 66 69 75 77 78 81 82 93 97 100 104 107 110 116 122 124 134 135 138 139 144 152 154 157 161 165 171 172 174 176 177 178 181 185 191 192 210
28 35 36 42 50 59 65 66 69 75 77 78 81 83 84 88 93 99 101 103 107 109 110 122 123 127 134 137 141 147 154 157 160 165 170 172 174 179 186 189 191 192 196 199 203 206
28 35 36 42 50 59 65 66 69 75 77 78 81 83 86 94 95 105 107 113 115 117 119 122 126 129 133 138 139 143 154 158 159 167 170 172 175 178 183 189 190 191 192 206
28 35 36 42 50 59 65 66 69 75 77 78 81 83 86 94 95 105 107 113 115 117 119 122 126 129 133 138 140 151 153 154 158 159 167 170 172 175 178 183 190 191 193 203
28 35 36 42 50 59 65 66 70 71 72 81 87 89 90 94 96 99 104 107 113 115 117 120 122 124 127 133 138 139 150 153 154 159 162 166 167 172 174 186 191 192 206 209
28 35 36 42 50 59 65 66 70 71 72 81 87 89 90 94 96 99 104 107 113 115 117 120 122 124 133 137 142 145 149 150 154 157 160 165 172 174 186 190 191 192 206 208
28 35 36 42 50 59 65 66 70 71 72 81 87 89 90 94 96 99 104 107 113 115 117 120 122 124 133 138 139 150 153 154 159 162 166 167 172 175 178 183 191 192 206 209
28 35 36 42 50 59 65 66 70 71 72 81 87 89 90 94 96 99 104 107 113 115 117 120 122 124 133 138 139 150 153 154 159 162 166 167 172 175 178 183 191 193 205 210
28 35 36 42 50 59 65 66 70 71 72 81 87 89 94 96 99 104 107 113 115 117 120 122 126 127 133 138 139 150 153 154 160 164 165 170 172 175 180 184 185 191 192 206 210
28 35 36 42 50 59 65 66 70 71 72 81 87 89 94 96 99 104 107 113 115 117 120 122 126 127 133 138 139 150 153 154 160 164 165 170 172 175 180 184 185 191 193 205 209
28 35 36 42 51 54 55 59 60 69 71 81 82 89 93 96 99 104 107 109 115 117 122 123 127 134 137 141 143 148 153 154 157 161 167 168 172 174 177 184 191 192 199 206 210
28 35 36 42 51 54 55 59 60 69 71 81 82 93 96 101 104 107 109 113 117 122 123 127 134 137 141 143 148 153 154 157 159 167 172 174 179 184 187 191 192 199 205 209
28 35 36 42 51 54 55 60 63 65 70 71 78 81 83 89 94 95 107 110 112 119 122 124 126 133 138 139 144 148 151 154 157 160 163 168 169 172 174 185 191 192 199 207 210
28 35 36 42 51 54 55 60 63 65 70 71 81 83 90 94 95 102 107 110 112 118 122 124 128 132 135 138 139 142 150 154 157 163 166 172 174 178 186 187 191 192 199 208 209
28 35 36 42 51 54 55 60 63 65 71 72 73 82 83 91 94 96 103 108 109 116 122 124 130 134 138 139 143 149 152 154 157 161 165 169 172 174 177 186 191 192 199 207 210
28 35 36 42 51 54 55 60 65 70 72 74 82 83 87 89 94 96 105 108 109 112 122 125 128 132 133 138 139 147 152 153 154 157 163 165 169 172 174 177 184 186 191 192 197 210
28 35 36 42 51 54 55 60 65 70 74 76 78 82 83 85 94 97 108 109 114 116 122 125 131 134 138 139 144 149 151 153 154 157 159 167 168 172 174 176 183 187 191 192 197 210
28 35 36 42 51 54 55 60 65 70 74 76 78 82 83 87 89 94 96 105 108 109 112 122 125 127 132 136 138 140 149 154 157 159 169 172 174 179 184 186 191 192 201 207 210
28 35 36 42 51 54 55 60 65 70 74 76 78 82 83 87 89 94 96 105 108 109 112 122 125 127 132 136 138 140 150 154 157 159 169 172 174 179 184 186 191 192 201 207 210
28 35 36 42 51 54 55 60 65 70 74 76 78 82 83 87 89 94 97 99 108 110 112 117 122 125 134 138 140 143 152 154 157 159 168 171 172 174 182 187 191 192 198 203 207 210
28 35 36 42 51 54 55 60 65 70 74 76 78 82 83 87 89 94 97 108 110 112 117 122 125 134 135 138 140 143 152 154 157 159 168 171 172 174 182 187 191 192 198 203 207 210
28 35 36 42 51 54 55 60 65 70 74 76 78 82 83 87 89 94 97 108 110 112 117 122 125 134 138 140 143 152 154 157 159 168 171 172 174 182 187 191 192 198 203 207 210
28 35 36 42 51 54 55 60 65 70 74 76 78 82 84 85 94 97 105 108 109 110 114 116 122 125 127 132 134 138 140 149 154 157 167 172 174 179 184 186 191 192 201 207 210
28 35 36 42 51 54 55 60 65 70 75 77 82 83 84 94 97 105 108 109 115 117 122 125 129 134 138 139 144 151 154 158 160 165 172 174 180 187 188 191 192 194 203 208 209
28 35 36 42 51 54 55 60 65 70 75 77 82 83 84 94 99 108 109 112 119 122 127 130 132 136 138 139 149 151 154 159 161 167 168 172 176 183 184 189 191 192 207 209
28 35 36 42 51 54 55 60 70 76 81 87 89 90 94 96 99 108 109 111 120 122 126 127 136 138 140 148 149 150 154 158 160 165 170 172 174 181 184 190 191 192 198 205 208
35 36 42 44 50 53 55 59 62 66 69 72 73 76 81 82 83 91 93 96 102 107 109 111 117 122 123 128 129 136 137 141 142 152 154 157 161 172 174 182 183 191 192 197 203 205 209
35 36 42 44 50 53 55 59 62 66 69 72 73 78 81 83 89 94 95 105 107 110 112 114 122 124 126 130 135 136 138 139 144 149 154 158 159 166 172 175 179 180 190 191 192 201 202
35 36 42 44 50 53 55 59 62 66 69 72 73 78 81 83 89 94 95 105 107 110 112 122 124 126 130 135 136 138 139 144 149 154 158 159 166 172 175 179 180 190 191 192 201 202
35 36 42 44 50 53 55 59 62 66 69 72 73 78 81 83 94 95 105 107 110 112 114 119 122 124 126 130 136 138 139 144 149 154 158 159 166 172 175 179 180 186 190 191 192 201 202
35 36 42 44 50 53 55 59 62 66 69 72 81 82 86 87 91 93 97 98 103 104 107 110 122 124 134 136 137 141 143 145 152 154 157 159 163 171 172 174 182 183 191 192 198 205
35 36 42 44 50 53 55 59 62 66 69 73 75 81 82 84 88 91 93 97 100 107 109 110 119 122 123 131 132 135 137 142 143 148 154 158 164 172 175 180 186 190 191 192 198 206 208
35 36 42 44 50 53 55 59 62 66 70 71 72 81 84 87 94 95 101 107 111 112 118 122 123 131 132 134 137 141 147 154 157 161 162 166 172 174 178 186 187 189 191 192 207 209
35 36 42 44 50 53 55 59 62 66 70 71 72 81 84 88 94 96 98 100 104 107 110 122 124 128 129 136 138 139 147 148 154 158 164 172 174 175 185 188 190 191 192 196 203 208
35 36 42 44 50 53 55 59 62 66 70 71 72 81 85 87 94 96 102 107 111 112 115 122 123 124 135 136 137 141 143 152 154 157 161 162 170 172 174 177 184 185 191 192 201 202 210
35 36 42 44 50 53 55 59 62 66 70 72 78 81 84 87 91 94 96 102 107 111 112 115 122 125 129 134 138 139 140 151 152 154 157 161 162 171 172 174 178 183 191 192 207 210
35 36 42 44 50 53 55 59 62 69 72 78 81 83 85 93 97 98 101 105 107 109 113 117 122 123 129 133 137 141 147 148 149 154 157 162 170 172 174 179 185 187 191 192 205 208
35 36 42 44 50 53 55 59 62 70 72 75 81 84 88 90 93 97 98 107 110 117 119 122 123 128 135 137 141 143 147 151 154 157 161 165 170 172 174 185 189 191 192 199 203 206
35 36 42 44 50 53 55 59 62 70 72 76 81 85 88 90 93 97 103 107 110 112 116 122 123 124 133 136 137 142 143 152 154 158 165 168 172 174 179 180 188 190 191 192 200 204
35 36 42 44 50 53 55 59 63 64 69 73 81 84 90 94 95 96 102 104 107 112 115 118 122 125 132 134 136 138 140 142 151 154 159 160 162 171 172 176 188 190 191 194 200 206
35 36 42 44 50 53 55 60 61 62 64 70 73 81 85 89 91 93 97 103 107 110 118 122 124 135 138 139 144 145 152 154 159 163 166 169 172 175 176 182 188 191 193 208 210
35 36 42 44 50 53 55 60 61 62 64 70 74 75 81 85 94 95 97 103 107 112 116 119 122 126 136 138 140 149 154 157 164 168 169 172 174 181 185 191 192 195 202 208 210
35 36 42 44 50 53 55 60 61 62 70 73 78 81 85 87 94 95 97 101 107 111 117 122 124 135 138 139 147 150 152 154 157 164 166 171 172 174 176 183 191 192 198 199 207 210
35 36 42 44 50 53 55 60 61 62 70 73 78 81 85 87 94 95 97 101 107 111 117 122 124 135 138 139 147 150 152 154 158 165 172 175 182 184 189 191 192 198 199 207 209
35 36 42 44 50 53 55 60 61 62 70 73 78 82 84 94 98 100 105 107 110 116 119 120 122 124 130 133 138 139 142 148 154 157 167 172 174 181 186 188 191 192 198 199 208 209
35 36 42 44 50 53 55 60 61 62 70 73 78 82 84 94 98 100 105 107 110 117 122 123 130 135 136 137 141 147 150 151 154 157 163 166 170 172 174 177 183 191 192 198 199 210
35 36 42 44 50 53 59 62 66 69 73 75 81 83 84 91 94 95 99 101 107 111 115 122 123 131 132 136 137 141 147 154 157 159 165 167 172 174 186 189 191 192 198 199 209
35 36 42 44 50 53 59 62 66 70 71 72 76 81 85 88 90 94 95 99 100 107 111 116 117 122 125 127 129 133 138 140 151 154 158 164 172 174 177 186 187 191 192 200 204 208 209
35 36 42 44 50 53 59 62 66 70 71 72 81 85 88 90 94 95 99 100 104 107 111 116 117 122 125 127 133 138 139 151 152 154 159 162 169 172 175 183 191 192 198 200 207 210
35 36 42 44 50 53 59 62 66 70 71 75 81 85 88 90 94 96 97 102 107 111 112 114 120 122 124 128 130 138 139 150 154 158 163 166 167 172 174 175 186 188 191 192 206 209
35 36 42 44 50 53 59 62 66 70 72 75 81 83 88 94 95 104 107 110 112 114 119 122 123 128 131 135 137 141 142 147 149 154 157 163 165 167 172 174 178 189 191 192 207 209
35 36 42 44 50 53 59 62 69 73 77 78 81 83 88 94 95 99 100 107 111 116 118 122 124 125 132 137 141 143 145 150 154 157 159 169 171 172 174 184 191 192 198 200 207 210
35 36 42 44 50 53 59 62 70 72 76 81 85 87 91 94 95 96 103 107 111 112 116 117 122 123 128 130 135 137 141 147 149 150 154 157 161 162 172 174 177 187 190 191 192 207 208
35 36 42 44 50 53 60 61 62 66 70 73 75 82 83 94 97 101 104 108 110 119 120 122 124 128 130 134 138 139 143 148 153 154 157 159 165 172 174 179 180 190 191 192 201 203 205
35 36 42 44 50 53 60 61 62 66 70 73 76 82 83 94 97 100 108 110 119 122 125 130 133 138 140 142 150 151 154 158 162 168 170 172 174 178 184 187 191 192 198 201 208 210
35 36 42 44 50 53 60 61 62 66 70 73 78 81 85 87 94 96 108 109 113 115 118 120 122 126 130 134 138 141 151 153 154 157 164 167 170 172 174 177 183 191 192 198 199 210
35 36 42 44 50 53 60 61 62 66 70 73 81 85 87 94 95 96 107 111 114 122 124 128 130 135 137 141 145 151 152 154 157 164 166 172 174 177 181 185 190 191 192 197 202 207
35 36 42 44 50 53 60 61 62 66 70 74 76 81 85 90 91 94 96 101 108 109 111 122 126 129 136 138 140 141 149 154 158 162 168 170 172 174 179 182 187 191 192 197 208 210
35 36 42 44 51 52 55 60 63 64 70 71 81 83 88 94 95 98 100 105 107 110 112 116 118 122 124 126 135 138 139 144 152 154 158 159 165 170 172 175 184 191 192 200 204 210
35 36 42 44 51 52 55 60 63 64 70 72 75 81 83 85 89 94 95 99 107 110 111 117 122 124 127 136 138 139 145 149 154 157 158 166 167 172 174 177 186 187 191 192 198 200 209
35 36 42 44 51 52 55 60 63 64 70 72 75 81 83 89 90 94 95 104 107 110 112 122 124 131 134 138 139 144 146 151 152 154 158 159 166 169 172 174 178 180 191 192 207 210
35 36 42 44 51 52 55 60 63 64 70 72 75 82 83 90 94 96 98 108 109 113 115 120 122 125 126 133 135 138 139 147 154 157 160 164 167 172 174 180 184 189 191 192 198 207 209
35 36 42 44 51 52 55 60 63 64 70 72 75 82 83 90 94 96 98 108 109 113 115 120 122 125 126 133 135 138 139 147 154 157 160 164 167 172 174 180 184 189 191 192 207 209
35 36 42 44 51 52 55 60 63 64 70 72 75 82 83 90 94 96 98 108 109 113 115 120 122 125 126 133 135 138 139 150 154 157 160 164 167 172 174 180 184 189 191 192 198 207 209
35 36 42 44 51 52 55 60 63 64 70 72 75 82 83 90 94 96 98 108 109 113 115 120 122 125 126 133 135 138 139 150 154 157 160 164 167 172 174 180 184 189 191 192 207 209
35 36 42 44 51 52 55 60 63 64 70 72 75 82 83 90 94 96 108 109 113 115 120 122 125 126 133 135 138 139 147 154 157 160 164 167 172 174 180 184 189 191 192 198 207 209
35 36 42 44 51 52 55 60 63 64 70 72 75 82 83 90 94 96 108 109 113 115 120 122 125 126 133 135 138 139 150 154 157 160 164 167 172 174 180 184 189 191 192 198 207 209
35 36 42 44 51 52 55 60 63 64 70 72 75 82 83 91 94 96 98 102 105 107 110 111 117 122 124 127 136 138 139 145 149 154 157 161 163 170 172 174 186 190 191 192 201 208
35 36 42 44 51 52 55 60 63 64 70 72 81 84 87 91 94 96 102 103 107 110 112 122 124 131 135 138 139 144 146 152 154 157 160 166 169 172 174 186 190 191 192 199 204 207
35 36 42 44 51 52 55 60 63 64 70 72 81 84 87 94 95 96 105 107 110 112 116 120 122 124 133 137 141 142 148 149 154 157 161 163 168 172 174 178 189 191 192 199 204 207
35 36 42 44 51 52 55 60 63 64 70 72 82 83 88 94 96 98 102 108 109 113 118 120 122 125 126 132 133 138 139 146 150 154 157 160 162 167 172 174 183 189 191 192 207 209
35 36 42 44 51 52 55 60 63 65 70 72 81 84 87 94 96 98 102 108 109 113 118 120 122 125 135 138 140 145 150 153 154 158 159 167 172 175 182 189 191 192 198 206 209
35 36 42 44 51 52 55 60 63 65 70 72 81 84 87 94 96 98 102 108 109 113 118 120 122 125 135 138 140 145 150 153 154 158 159 167 172 175 183 189 191 192 198 206 209
35 36 42 44 51 52 55 60 63 65 70 72 82 83 85 87 94 96 103 108 109 115 119 122 125 126 133 138 139 144 145 153 154 157 161 166 172 174 178 182 186 190 191 192 200 206
35 36 42 44 51 52 55 60 63 65 70 73 75 81 83 94 95 101 104 105 107 110 112 116 119 122 124 126 138 139 144 145 153 154 157 158 165 170 172 174 178 190 191 192 200 205
35 36 42 44 51 52 55 60 63 65 70 73 75 81 83 94 95 101 104 105 107 110 116 119 122 124 126 138 139 144 145 153 154 157 158 165 170 172 174 178 182 190 191 192 200 205
35 36 42 44 51 52 55 60 63 65 70 73 75 81 84 91 94 95 96 103 107 110 111 119 122 124 130 133 138 139 143 151 154 157 164 168 172 174 181 188 191 192 198 199 206 209
35 36 42 44 51 52 55 60 63 65 70 73 75 81 84 94 96 108 109 115 118 120 122 126 133 134 138 141 143 147 151 154 158 165 166 170 172 174 179 180 185 191 192 194 208 210
35 36 42 44 51 52 55 60 63 65 70 73 75 81 84 94 96 108 109 118 120 122 126 133 134 138 141 143 147 151 154 158 165 166 170 172 174 179 180 185 191 192 194 208 210
35 36 42 44 51 52 55 60 63 65 70 73 75 82 83 90 94 96 108 109 115 118 120 122 125 127 131 135 138 140 144 153 154 157 159 167 172 174 179 180 190 191 192 200 206
35 36 42 44 51 52 55 60 63 65 70 74 75 81 84 94 95 96 103 107 111 114 122 125 136 138 140 143 147 151 154 158 160 170 172 175 177 184 185 190 191 193 199 205 206
35 36 42 44 51 52 55 60 63 65 70 74 75 81 84 94 96 98 100 108 109 115 120 122 126 129 134 138 140 141 148 153 154 157 160 164 171 172 174 179 185 190 191 192 200 206
35 36 42 44 51 52 55 60 63 65 70 74 75 82 83 84 91 94 97 105 108 110 112 114 122 125 132 138 139 146 152 154 157 163 171 172 174 179 186 191 192 197 201 207 210
35 36 42 44 51 52 55 60 63 65 70 74 75 82 83 85 90 94 97 100 108 109 118 122 125 131 138 140 142 150 151 154 158 162 168 170 172 174 178 182 187 191 192 198 208 210
35 36 42 44 51 52 55 60 63 65 70 74 75 82 83 85 90 94 97 100 108 109 118 122 125 131 138 140 142 150 151 154 158 162 168 170 172 174 178 182 187 191 192 208 210
35 36 42 44 51 52 55 60 63 65 70 74 75 82 83 85 90 94 97 100 108 109 118 122 125 136 138 140 142 150 151 154 158 162 168 170 172 174 178 182 187 191 192 198 208 210
35 36 42 44 51 52 55 60 63 65 70 74 75 82 83 85 90 94 97 100 108 109 118 122 125 136 138 140 142 150 151 154 158 162 168 170 172 174 178 182 187 191 192 208 210
35 36 42 44 51 52 55 60 63 65 70 74 75 82 83 90 94 98 100 108 110 118 122 126 134 138 141 143 147 152 154 159 166 169 170 172 174 175 185 186 191 192 198 208 210
35 36 42 44 51 52 55 60 63 65 70 74 75 82 83 90 94 98 100 108 110 118 122 126 135 138 141 143 147 152 154 159 166 169 170 172 174 175 185 186 191 192 198 208 210
35 36 42 44 51 52 55 60 63 65 71 72 75 82 85 87 94 96 104 108 109 115 119 120 122 124 126 138 139 144 145 153 154 157 158 165 170 172 174 178 182 190 191 192 200 206
35 36 42 44 51 52 55 60 63 65 71 73 75 82 84 94 97 108 109 110 117 122 126 129 135 138 139 143 147 152 154 158 159 166 167 172 175 180 187 188 191 192 198 208 209
35 36 42 44 51 52 55 60 63 70 72 78 81 83 89 90 94 95 98 104 107 110 112 114 122 124 131 134 138 139 144 146 151 154 157 161 162 170 172 174 185 191 192 196 203 206 210
35 36 42 44 51 52 55 60 63 70 72 78 82 83 85 94 97 100 104 108 109 116 122 125 131 132 136 138 139 143 150 154 157 163 167 172 174 179 183 189 191 192 199 205 207 209
35 36 42 44 51 52 55 60 63 70 72 82 83 87 94 97 100 105 108 109 112 118 122 125 134 138 139 144 146 152 153 154 158 160 165 169 172 175 181 185 191 192 196 205 209
35 36 42 44 51 52 55 60 63 70 73 75 81 84 87 94 96 98 102 103 108 109 115 118 122 125 130 136 138 140 142 150 154 158 162 167 170 172 174 187 191 192 198 202 208 210
35 36 42 44 51 52 55 60 63 70 73 75 82 83 88 91 94 97 104 108 109 116 122 125 134 138 139 144 145 152 153 154 158 164 165 169 172 174 181 185 191 192 203 205 209
35 36 42 44 51 52 55 60 63 70 73 77 78 82 83 84 94 97 105 108 110 115 122 125 127 129 134 138 139 140 152 154 157 161 162 171 172 174 183 184 186 191 192 200 207 210
35 36 42 44 51 52 55 60 63 70 73 77 81 84 94 95 96 104 105 107 111 117 119 122 125 131 137 141 146 151 154 157 161 165 172 174 182 188 190 191 192 197 199 206 208
35 36 42 44 51 52 55 60 63 70 74 75 81 84 91 94 96 102 103 108 109 115 122 125 133 134 138 139 143 145 152 154 158 163 169 170 172 175 182 184 186 191 192 208 210
35 36 42 44 51 52 55 60 63 70 74 75 81 85 89 94 95 101 107 111 114 122 124 131 133 138 139 141 150 154 158 164 165 170 172 174 180 186 187 190 191 192 198 200 208
35 36 42 44 51 52 55 60 63 70 74 75 82 83 85 89 90 94 98 100 108 109 119 122 126 132 138 139 144 146 152 154 157 159 166 172 174 183 186 188 191 192 195 208 209
35 36 42 44 51 52 55 60 63 70 74 76 82 83 85 87 94 97 108 109 118 122 125 130 134 138 139 143 147 152 154 157 159 167 168 172 174 181 188 191 192 198 202 208 209
35 36 42 44 51 52 55 60 63 70 74 76 82 83 85 87 94 99 100 108 109 118 122 125 130 134 138 139 143 147 152 154 157 159 167 172 174 181 188 191 192 198 202 208 209
35 36 42 44 51 52 55 60 63 70 74 76 82 85 87 94 97 108 109 110 118 122 126 129 138 139 143 147 152 154 158 162 169 170 172 175 177 185 186 191 192 198 202 208 210
35 36 42 44 51 52 55 60 63 70 74 76 82 85 87 94 98 104 108 109 111 119 122 125 133 135 138 139 144 148 152 154 158 159 169 170 172 175 184 191 192 197 201 208 210
35 36 42 44 51 52 55 60 63 70 74 76 82 85 87 94 99 100 108 109 110 118 122 126 129 138 139 143 147 152 154 158 162 169 170 172 175 177 185 191 192 198 202 208 210
35 36 42 44 51 52 55 60 63 70 74 76 82 85 87 94 99 100 108 110 111 120 122 127 133 138 140 142 150 152 154 158 166 169 170 172 174 178 182 191 192 198 202 208 210
35 36 42 44 51 52 60 63 65 70 74 75 82 83 85 89 90 94 97 102 104 108 109 122 125 133 135 138 140 142 146 152 154 157 166 172 174 183 186 191 192 197 199 208 210
35 36 42 44 51 52 60 63 65 70 74 75 82 83 85 89 90 94 98 100 107 111 116 118 122 124 134 138 139 148 151 152 154 158 166 169 172 174 177 181 191 192 199 207 210
35 36 42 44 51 52 60 63 65 71 73 77 78 82 86 87 94 97 101 108 109 118 119 120 122 124 130 138 139 143 145 153 154 157 159 164 172 174 176 189 190 191 192 203 206
35 36 42 44 51 52 60 63 66 70 73 75 82 83 94 97 101 104 108 110 119 122 124 128 130 138 139 143 147 152 153 154 157 159 164 167 172 174 179 180 190 191 192 195 202 203 205
36 42 43 50 52 59 62 64 66 70 71 74 81 85 86 88 91 94 97 100 103 107 110 111 118 120 122 124 132 138 139 150 153 154 157 166 172 174 186 190 191 192 197 206
36 42 43 50 52 59 62 64 66 70 71 74 81 85 86 88 91 94 97 100 103 107 110 111 118 120 122 124 138 139 150 153 154 157 159 163 170 172 174 176 182 190 191 192 197 206
36 42 43 50 52 59 62 64 69 73 74 77 81 83 87 90 94 95 101 107 111 113 114 122 124 125 131 135 136 137 141 142 146 150 154 157 161 166 171 172 174 186 191 192 197 202 210
36 42 43 50 52 59 62 64 69 73 74 77 81 84 88 94 95 96 105 107 111 113 118 122 125 131 138 139 145 148 153 154 158 161 162 168 172 175 177 183 187 191 192 197 200 209
36 42 43 50 52 59 62 66 70 71 75 81 85 87 88 91 94 96 97 102 107 111 115 122 124 128 132 136 138 139 150 154 157 159 166 172 174 179 186 188 191 192 201 208 209
36 42 43 50 52 60 61 64 66 70 72 78 81 84 88 94 95 96 105 107 111 113 122 125 135 136 138 140 143 146 154 157 166 172 174 178 179 182 187 190 191 192 199 202 208
36 42 43 50 52 60 61 64 66 70 72 78 82 83 86 94 97 99 105 108 109 118 122 124 129 138 139 143 147 152 154 157 160 163 167 172 174 180 183 190 191 192 196 205 207
36 42 43 50 52 60 61 64 66 70 72 81 84 88 94 96 105 107 111 113 118 122 124 129 132 138 139 143 147 152 154 158 161 168 169 172 175 178 181 188 190 191 193 199 208
36 42 43 50 52 60 61 64 66 70 72 81 84 90 94 96 99 108 109 112 115 120 122 126 130 138 141 151 153 154 159 161 166 168 172 175 180 183 187 191 192 197 201 209
36 42 43 50 52 60 61 64 66 70 73 74 81 84 88 94 96 99 104 105 108 109 114 122 126 128 138 140 141 153 154 158 168 172 175 177 183 184 191 192 197 199 200 206 209
36 42 43 50 52 60 61 64 66 70 73 75 76 82 83 86 94 98 99 102 108 110 119 122 126 128 130 134 138 139 140 151 154 157 159 165 171 172 174 180 184 187 191 192 201 207 210
36 42 43 50 52 60 61 64 66 70 73 76 82 84 86 94 97 103 108 109 120 122 124 129 132 133 138 139 153 154 157 158 169 172 174 178 179 182 185 189 191 192 196 200 209
36 42 43 50 52 60 61 64 66 70 73 77 82 83 86 94 96 105 108 109 118 122 124 138 139 142 148 152 154 157 162 165 170 172 174 178 181 186 190 191 192 198 204 208
36 42 43 50 52 60 61 64 66 70 73 77 82 84 86 91 94 97 105 108 109 114 117 122 125 138 140 152 153 154 158 161 167 170 172 174 178 181 187 190 191 192 196 202
36 42 43 50 52 60 61 64 66 70 73 77 82 84 86 91 94 97 105 108 109 114 117 122 126 132 138 139 143 146 152 154 159 163 172 175 187 190 191 192 195 198 204 208
36 42 43 50 52 60 61 64 66 70 73 81 85 87 88 94 96 99 108 109 111 117 118 122 127 128 131 138 140 145 150 154 159 161 163 168 172 175 182 189 190 191 192 193 206 207
36 42 43 50 52 60 61 64 70 73 81 85 89 94 95 97 103 105 107 112 114 117 118 122 125 131 138 140 144 151 153 154 160 161 163 171 172 176 183 190 191 192 193 206
36 42 43 50 52 60 61 64 70 73 81 85 89 94 95 97 103 105 107 112 114 117 118 122 125 131 138 140 144 151 153 154 160 161 163 171 172 177 182 191 192 193 206 210
36 42 43 50 52 60 61 66 70 73 81 85 87 91 94 95 99 107 112 113 116 120 122 126 130 138 141 145 150 153 154 157 158 168 171 172 174 177 183 185 191 192 206 210
36 42 43 50 52 60 61 66 70 73 81 85 88 94 95 96 105 107 112 114 118 122 124 128 135 138 139 142 148 152 154 160 161 164 170 172 176 180 186 187 191 193 208 209
36 42 43 50 52 60 61 66 70 73 81 85 88 94 95 96 105 107 112 114 118 122 124 128 135 138 139 142 148 152 154 160 161 164 170 172 177 181 191 195 199 205 206 210
36 42 43 50 52 60 61 70 73 77 81 85 87 88 94 96 99 102 108 109 111 117 122 126 128 130 135 138 139 150 154 158 162 165 167 172 174 186 191 192 194 203 207 209
36 42 43 50 52 60 61 70 73 77 82 84 90 94 98 100 101 108 110 113 116 122 126 128 130 136 138 139 151 154 158 162 165 168 172 174 185 187 191 192 194 203 207 209
36 42 43 50 52 60 61 70 73 77 82 84 90 94 98 100 101 108 110 113 116 122 126 128 130 136 138 139 151 154 158 162 165 168 172 174 187 191 192 194 203 207 209
36 42 43 50 52 60 61 70 73 78 81 85 87 89 94 97 101 107 111 113 117 122 125 131 135 138 139 140 150 152 154 157 161 162 166 168 170 172 174 176 183 191 192 197 200 210
36 43 44 45 50 51 59 61 65 69 72 75 81 83 85 88 89 93 97 99 102 107 110 114 118 122 123 124 134 137 142 143 149 154 157 158 165 169 172 174 179 186 190 191 192 207 208
36 43 44 45 50 51 59 61 66 70 71 73 81 84 85 88 94 96 100 102 107 110 115 122 124 129 135 137 141 144 149 154 157 163 165 169 172 174 186 190 191 192 196 204 207 208
36 43 44 45 50 51 59 61 69 72 75 78 81 83 88 89 94 95 99 107 111 113 116 120 122 125 129 133 138 140 143 148 154 159 160 163 172 175 176 186 188 190 191 192 193 204 208
36 43 44 45 50 51 59 61 69 72 75 81 82 83 85 91 93 97 99 103 107 110 114 116 122 123 136 137 142 143 146 147 154 158 161 167 168 172 175 180 183 187 191 193 207 208
36 43 44 45 50 51 59 61 70 71 73 81 84 87 90 94 95 99 104 107 111 113 116 120 122 123 127 134 137 142 143 146 154 158 162 166 167 172 174 186 189 191 192 206 209
36 43 44 45 50 51 59 61 70 71 73 81 84 87 90 94 95 99 104 107 111 113 116 120 122 125 129 133 134 138 139 143 146 154 158 163 164 172 174 186 190 191 192 194 202 208
36 43 44 45 50 51 59 61 70 71 75 78 81 84 88 90 94 96 98 102 108 109 113 120 122 125 130 134 138 139 145 149 154 157 160 163 172 174 185 191 192 196 201 208 209
36 43 44 45 50 51 59 61 70 71 75 78 81 84 88 90 94 96 98 102 108 109 113 120 122 125 138 140 143 146 154 158 163 167 170 172 174 180 184 191 192 196 201 208 210
36 43 44 45 50 51 59 61 70 71 76 78 81 84 87 90 94 96 98 102 108 109 113 120 122 126 127 130 138 139 154 158 162 167 172 174 181 184 189 191 192 194 206 207 209
36 43 44 45 50 51 59 61 70 71 76 78 81 84 87 90 94 96 98 102 108 109 113 120 122 126 127 130 138 141 149 154 158 162 167 172 174 181 184 191 192 194 206 207 209
36 43 44 45 50 51 59 61 70 71 81 84 87 90 94 96 99 102 108 109 112 115 118 122 125 129 133 134 138 139 151 154 157 161 165 168 172 174 185 191 192 197 207 209
36 43 44 45 51 52 55 59 60 69 71 76 78 81 82 87 93 96 100 105 107 109 111 116 117 122 123 128 136 137 141 144 153 154 157 160 167 171 172 174 177 184 191 192 205 210
36 43 44 45 51 52 55 59 60 69 71 76 78 81 82 87 93 96 100 105 107 109 113 117 122 123 126 133 137 141 142 147 151 154 157 160 167 172 174 179 187 189 191 192 207 209
36 43 44 45 51 52 55 59 60 69 71 81 82 84 89 93 96 100 104 107 109 115 117 122 123 128 134 137 141 144 148 153 154 157 162 167 168 172 174 178 184 191 192 196 206 210
36 43 44 45 51 52 55 59 60 69 71 81 82 84 93 96 100 104 107 109 115 117 122 123 127 134 137 141 142 147 148 154 157 162 167 168 172 174 181 184 187 191 192 198 207 208
36 43 44 45 51 52 55 59 60 69 71 81 82 84 93 96 101 104 107 109 114 117 122 123 127 134 137 141 142 147 148 154 157 163 167 168 172 174 180 184 187 191 192 198 207 208
36 43 44 45 51 52 55 59 60 69 71 81 82 84 93 96 101 104 107 109 114 117 122 123 127 134 137 141 143 148 153 154 157 163 167 168 172 174 179 184 191 192 196 201 206 210
36 43 44 45 51 52 55 59 60 69 71 81 82 87 91 93 96 99 104 107 109 115 117 122 123 126 136 137 141 142 147 148 154 157 161 168 172 174 178 188 190 191 192 199 204 208
36 43 44 45 51 52 55 60 61 64 70 71 81 83 90 94 95 107 110 115 118 122 124 129 132 135 138 139 143 150 154 157 159 164 166 172 174 181 186 187 191 192 198 208 209
36 43 44 45 51 52 55 60 61 66 70 72 75 82 83 86 94 97 99 105 108 110 114 118 122 124 133 138 139 147 152 154 157 164 167 171 172 174 178 186 191 192 195 202 207 210
36 43 44 45 51 52 60 61 64 66 70 71 81 83 86 94 95 98 102 105 107 110 112 115 118 122 124 129 135 138 139 152 154 157 166 172 174 180 183 189 190 191 192 196 198 204
36 43 44 45 51 52 60 61 64 70 71 81 83 90 94 95 98 102 107 110 113 118 122 124 129 132 135 138 139 146 150 154 157 166 172 174 179 186 187 191 192 196 201 208 209
36 43 44 45 51 52 60 61 64 70 71 81 83 90 94 95 98 102 107 110 113 118 122 124 129 132 135 138 139 150 154 157 163 166 172 174 179 186 187 191 192 196 201 208 209
36 43 44 45 51 52 60 61 64 70 72 74 77 81 83 94 95 105 107 110 113 118 119 122 124 129 132 138 139 143 147 153 154 157 160 163 168 172 174 179 189 191 192 206 209
36 43 44 45 51 52 60 61 65 70 72 75 77 82 83 86 94 96 102 105 108 109 115 117 122 125 129 133 138 139 143 153 154 157 160 167 171 172 174 180 186 191 192 196 202 210
36 43 44 45 51 52 60 61 65 70 72 75 82 83 85 91 94 97 99 102 107 110 117 122 123 124 135 137 141 144 150 151 154 157 163 165 170 172 174 180 184 191 192 197 201 206 210
36 43 44 45 51 52 60 61 65 70 72 75 82 83 91 94 97 99 102 107 110 117 122 123 124 135 137 141 144 150 151 154 157 163 165 170 172 174 180 184 191 192 197 201 206 210
36 43 44 45 51 52 60 61 66 70 71 81 83 87 94 95 98 102 105 107 110 113 117 122 124 126 133 137 141 143 146 149 154 157 161 168 169 172 174 177 189 191 192 199 204 207
36 43 44 45 51 52 60 61 66 70 72 75 82 83 86 90 94 96 108 109 112 115 120 122 125 129 133 135 138 139 144 150 154 157 167 172 174 177 184 189 191 192 197 201 207 209
36 43 44 45 51 52 60 61 66 70 72 75 82 83 88 90 94 96 100 104 108 109 113 122 125 128 136 138 139 143 147 151 154 157 164 169 172 174 181 185 191 192 196 203 207 210
36 43 44 45 51 52 60 61 66 70 72 75 82 83 88 90 94 96 100 104 108 109 113 122 125 128 136 138 139 147 151 154 157 160 164 169 172 174 181 185 191 192 196 203 207 210
36 43 44 45 51 52 60 61 70 72 77 81 84 87 90 94 96 98 101 108 109 113 118 122 125 128 132 136 138 140 145 150 154 157 158 168 171 172 174 185 191 192 197 201 207 210
36 43 44 45 51 52 60 61 70 72 77 82 83 87 91 94 97 99 103 107 110 112 115 117 122 124 128 135 138 139 145 150 154 157 170 172 174 178 182 189 190 191 192 203 206
36 43 44 45 51 52 60 61 70 72 81 84 88 91 94 96 100 103 107 111 113 116 122 125 130 134 138 139 140 151 152 154 158 161 169 172 175 178 181 189 191 193 204 209
36 43 44 45 51 52 60 62 65 70 72 81 84 89 94 95 96 107 111 115 118 122 124 127 131 135 138 139 145 150 154 157 161 166 172 174 181 186 187 191 192 195 202 208 209
36 43 44 45 51 52 60 62 65 71 72 75 77 82 84 90 94 97 99 105 107 110 113 120 122 124 129 133 138 139 153 154 157 167 172 174 176 183 189 191 192 197 201 206 209
36 43 44 45 51 52 60 62 66 70 72 81 84 87 91 93 97 99 102 107 110 114 117 119 122 124 127 130 133 138 139 151 154 157 158 161 168 172 174 178 185 190 191 192 206
36 43 44 45 51 52 60 62 66 70 72 81 84 88 91 94 96 100 103 107 111 114 120 122 124 127 130 137 142 144 147 154 158 163 167 172 174 175 186 188 189 191 192 206 209
36 43 45 50 51 59 61 70 71 74 81 84 88 90 94 96 100 102 107 111 112 113 118 122 124 129 132 135 138 139 150 154 158 163 166 167 172 174 178 186 187 191 192 207 209
36 43 45 50 51 59 61 70 71 76 78 81 84 87 88 89 94 95 98 99 107 111 113 122 125 127 131 135 137 142 143 148 154 158 161 162 171 172 174 186 191 192 200 203 206 210
36 43 45 50 51 59 61 70 71 76 78 81 84 87 88 89 94 96 99 104 107 111 113 120 122 125 127 138 139 140 150 153 154 159 160 165 170 172 174 186 190 191 192 200 203
36 43 45 51 52 53 60 61 65 70 72 75 82 83 86 94 96 100 104 108 109 115 117 122 125 127 131 135 138 140 152 153 154 157 160 167 172 174 179 182 187 191 192 196 202 209
36 43 45 51 52 53 60 61 70 72 76 78 82 83 94 96 100 103 108 109 113 118 122 125 128 131 134 138 140 145 151 154 157 160 164 171 172 174 186 191 192 200 203 207 210
36 43 45 51 52 53 60 61 70 72 76 82 83 86 90 94 96 108 109 112 116 120 122 125 130 133 135 138 140 145 152 154 158 162 171 172 174 177 184 190 191 192 198 201 207
36 43 45 51 52 53 60 61 70 72 82 83 88 91 94 97 102 107 111 114 115 117 122 125 128 131 134 138 139 140 152 154 158 165 172 175 178 182 189 190 191 193 200 204 205
36 43 45 51 53 54 60 61 66 70 72 73 82 83 88 94 96 99 105 107 110 112 118 122 124 132 138 139 147 152 154 157 164 167 171 172 174 177 184 186 191 192 199 200 207 210
36 43 45 51 53 54 60 62 63 70 71 81 83 87 88 91 94 95 99 103 107 110 111 122 124 130 135 136 138 139 150 154 157 159 164 166 172 174 186 191 192 197 202 208 209
36 43 45 51 53 54 60 62 63 70 71 81 83 87 88 94 95 104 107 110 111 118 122 124 127 132 138 139 150 153 154 157 159 164 170 172 174 179 183 186 191 192 200 206 210
36 43 45 51 53 54 60 62 63 70 71 81 83 94 95 97 102 105 107 110 114 115 119 122 123 128 132 137 141 142 149 154 157 160 165 168 172 174 181 188 189 191 192 206 209
36 43 45 51 53 54 60 62 63 70 71 81 83 94 95 97 102 105 107 110 114 115 119 122 124 133 138 139 144 148 153 154 158 159 166 172 175 178 183 186 191 193 200 208 209
36 43 45 51 53 54 60 62 63 71 72 82 84 89 95 96 103 108 111 112 118 122 125 129 130 133 138 139 140 150 153 154 157 162 168 172 174 179 183 189 191 192 197 206 209
36 43 45 51 53 54 60 62 65 70 72 77 78 82 83 87 94 96 99 103 108 109 118 122 124 128 135 138 139 145 150 154 157 160 167 172 174 177 186 190 191 192 202 203 208
36 43 45 51 53 54 60 62 65 70 72 77 78 82 83 87 94 97 98 108 109 113 122 125 128 132 136 138 139 145 150 154 157 160 167 168 172 174 183 184 189 191 192 207 209
36 43 45 51 53 54 60 62 65 70 72 82 83 86 94 97 98 102 108 109 114 115 118 122 125 126 132 133 138 139 144 150 154 157 160 167 168 172 174 183 189 191 192 199 207 209
36 43 45 51 53 54 60 62 65 70 73 74 81 84 89 94 95 96 103 107 110 113 118 122 124 131 135 137 141 142 152 154 157 162 163 171 172 174 178 184 185 191 192 207 210
36 43 45 51 53 54 60 62 65 70 73 74 81 84 94 96 99 105 107 111 112 118 119 122 124 132 138 139 145 146 154 158 159 164 165 172 174 175 184 189 190 191 192 198 205 207
36 43 45 51 53 54 60 62 65 70 73 74 81 84 94 96 99 105 107 111 112 118 119 122 124 138 139 145 146 154 158 159 164 165 172 174 175 184 189 190 191 192 198 205 207
36 43 45 51 53 54 60 62 65 70 73 74 81 84 94 96 108 109 114 115 120 122 126 130 134 138 141 144 149 151 153 154 158 159 164 165 172 174 178 184 185 191 192 194 206 209
36 43 45 51 53 54 60 62 65 70 73 74 82 84 89 90 94 97 98 104 107 110 117 122 123 124 134 137 141 144 149 154 157 162 163 172 174 188 189 191 192 196 205 206 209
36 43 45 51 53 60 62 63 66 70 72 73 76 82 83 90 94 96 100 101 108 109 113 118 122 125 126 133 138 139 143 148 154 157 167 172 174 177 182 186 190 191 192 198 199 207
36 43 45 51 53 60 62 63 66 70 72 75 76 82 83 90 91 94 96 101 108 109 116 120 122 125 126 135 138 139 143 148 154 157 160 169 172 174 177 184 189 191 192 198 199 207 209
36 43 45 51 53 60 62 63 66 70 72 75 76 82 83 90 91 94 96 101 108 109 116 122 125 126 135 138 139 143 148 154 157 160 169 172 174 177 184 189 191 192 198 199 207 209
36 43 45 51 53 60 62 65 66 70 73 74 81 84 87 94 96 103 105 108 109 115 122 126 127 133 134 138 140 147 148 154 157 162 167 171 172 174 179 182 187 191 192 195 207 210
36 43 45 51 53 60 62 65 66 70 73 74 81 84 87 94 96 103 105 108 109 122 126 127 133 134 138 140 147 148 154 157 162 167 171 172 174 179 182 187 191 192 195 207 210
36 43 45 51 53 60 62 65 66 70 73 74 82 83 91 94 97 98 104 108 109 116 117 122 125 132 138 140 145 152 154 158 159 162 168 171 172 174 187 191 192 198 203 207 210
36 43 45 51 53 60 62 65 66 71 72 75 82 85 86 94 97 98 104 105 107 110 117 122 124 129 133 138 139 153 154 157 164 165 170 172 174 186 190 191 192 198 204 206
36 43 45 51 53 60 62 65 66 71 72 75 82 85 86 94 97 98 104 105 108 109 116 117 122 125 133 138 139 145 146 154 157 162 166 169 172 174 186 191 192 198 201 207 210
36 43 45 51 53 60 62 65 66 71 72 75 82 85 86 95 96 105 108 111 112 118 119 122 124 131 132 138 139 152 153 154 157 162 166 170 172 174 176 183 191 192 198 204 210
36 43 45 51 53 60 62 65 70 72 75 76 81 84 85 94 96 102 103 108 109 118 120 122 125 138 139 144 145 150 153 154 158 159 166 170 172 175 178 185 191 192 201 205 210
36 43 45 51 53 60 62 66 70 72 76 77 82 83 86 94 96 101 104 108 109 112 119 122 125 129 132 138 139 144 147 154 158 159 167 172 174 180 187 188 191 192 197 200 208 209
36 43 45 51 53 60 62 66 70 73 74 81 84 89 94 96 100 105 108 109 115 122 126 127 133 138 141 146 152 154 158 161 166 171 172 175 182 183 187 191 192 199 205 207 210
36 43 45 51 53 60 62 70 72 77 78 82 83 88 94 97 98 108 110 114 122 125 128 131 134 138 139 148 149 154 157 162 166 169 172 174 181 185 189 191 192 197 205 207 209
36 43 45 51 53 60 62 70 72 82 83 91 94 97 98 101 104 108 109 113 116 122 125 128 129 134 138 140 143 148 152 154 158 159 164 165 172 175 180 181 190 191 192 193 205 207
36 43 45 51 53 60 62 70 73 74 77 78 81 84 89 94 96 101 107 111 114 122 125 132 134 138 139 140 149 151 152 154 159 160 169 172 176 179 186 190 191 194 199 200 204 207
36 43 45 51 53 60 62 70 73 74 77 78 82 83 84 94 97 98 101 105 108 109 118 122 125 128 129 134 138 139 152 154 157 162 163 172 174 179 186 191 192 196 201 208 209
36 43 45 51 53 60 62 70 73 74 77 78 82 83 84 94 97 102 108 110 113 114 119 122 126 127 130 134 138 139 140 151 154 158 165 168 172 175 180 181 189 191 192 198 207 209
36 43 45 51 53 60 62 70 73 74 77 78 82 84 87 88 94 97 102 108 110 113 114 122 125 126 132 134 138 140 151 154 157 158 169 171 172 174 178 181 186 191 192 198 207 210
36 43 45 51 53 60 62 70 73 74 78 82 84 88 94 97 100 108 110 116 117 122 125 126 135 138 140 147 152 154 157 162 168 171 172 174 181 185 187 191 192 198 203 207 210
36 43 45 51 53 60 63 64 70 73 76 81 85 86 89 94 96 103 108 109 111 120 122 126 129 136 138 140 141 149 154 158 159 164 171 172 174 180 181 190 191 192 197 204 207
36 43 45 51 53 60 63 64 70 73 76 82 83 84 94 98 99 102 108 111 114 115 119 122 126 131 133 138 139 141 148 154 158 160 167 168 172 174 175 184 189 191 192 199 207 209
36 43 45 51 53 60 63 64 70 73 76 82 83 84 94 98 99 102 108 111 114 115 119 122 126 131 133 138 139 141 148 154 158 160 167 168 172 174 175 184 189 191 192 207 209
36 43 45 51 53 60 63 64 70 73 78 81 84 88 89 94 96 98 108 109 113 120 122 126 127 133 138 141 147 151 154 158 163 167 172 175 182 184 189 191 192 198 206 207 209
36 43 45 51 53 60 63 64 70 73 78 81 85 86 89 94 95 96 105 107 111 115 116 122 123 132 133 136 137 141 142 148 154 157 163 168 169 172 174 188 191 192 197 204 208
36 43 45 51 53 60 63 64 70 73 78 82 83 88 94 98 99 108 111 115 116 119 122 126 127 135 138 139 148 149 152 154 158 159 165 170 172 175 179 185 186 191 192 208 210
36 43 45 51 53 60 63 64 70 73 78 82 84 87 88 94 98 99 108 109 110 122 126 127 131 133 138 139 145 152 153 154 157 161 164 169 172 174 177 185 186 191 192 195 202 210
36 43 45 51 53 60 63 64 70 73 82 83 88 94 98 101 108 111 114 122 127 128 131 133 138 139 141 150 152 153 154 159 160 169 172 175 179 185 190 191 192 199 200
36 43 45 51 53 60 63 64 71 72 73 82 85 88 89 94 98 99 104 108 110 116 119 122 126 129 133 138 140 150 153 154 157 158 166 172 174 180 187 188 191 192 198 201 209
36 43 45 51 53 60 63 64 71 72 73 82 85 91 94 98 101 108 109 113 116 119 122 126 133 138 140 141 148 151 154 159 164 168 171 172 174 176 187 191 192 199 200 207 210
36 43 45 51 53 60 63 64 71 73 76 77 82 85 86 94 97 100 108 110 118 120 122 126 127 134 135 138 140 147 149 154 157 162 168 171 172 174 179 182 191 192 195 207 210
36 43 45 51 53 61 62 65 66 71 74 75 82 85 86 95 96 103 104 108 110 116 122 124 131 136 138 139 144 150 154 157 159 167 172 174 180 181 187 190 191 192 202 205 208
36 43 45 51 53 61 62 65 66 71 74 75 82 85 91 95 96 101 108 110 117 118 122 124 132 136 138 139 146 151 154 157 161 164 168 172 174 187 190 191 192 196 203 204 208
36 43 45 51 53 61 62 66 71 72 75 76 82 83 94 96 108 109 111 122 125 128 131 135 138 140 143 146 152 153 154 158 160 165 167 172 174 179 180 187 190 191 192 196 203
36 43 45 51 54 55 60 63 64 70 73 74 82 83 89 91 94 97 98 104 108 109 115 122 125 134 138 139 145 151 153 154 158 159 165 168 172 175 180 189 191 192 200 206 209
36 43 45 51 54 55 60 63 70 73 74 78 81 84 85 91 94 95 101 107 110 116 122 123 128 135 136 137 141 146 148 151 154 157 164 166 169 172 174 190 191 192 196 204 208
36 43 45 51 54 55 60 63 70 73 74 78 81 84 85 91 94 95 101 107 110 116 122 124 129 138 139 144 151 152 154 158 163 165 168 172 175 182 184 187 191 192 196 204 207 209
36 43 45 51 54 55 60 63 70 73 74 78 81 84 85 91 94 95 101 107 110 116 122 124 129 138 139 151 152 154 158 163 165 168 172 175 182 184 187 191 192 196 204 207 209
36 43 45 51 54 55 60 63 70 73 74 78 81 84 85 91 94 96 100 105 107 110 120 122 124 131 133 136 137 141 146 148 154 157 162 168 172 174 182 188 191 192 196 204 208
36 43 45 51 54 55 60 63 70 73 74 81 84 86 90 94 96 98 104 108 109 115 119 122 126 127 134 138 141 146 152 154 158 159 164 168 172 175 187 190 191 192 198 203 208
36 43 45 51 54 55 60 63 70 73 74 82 83 89 90 94 96 101 107 110 114 122 124 126 136 138 139 144 149 151 154 158 160 166 169 172 175 181 186 188 191 193 196 201 209
36 43 45 51 54 55 60 63 70 73 76 78 81 83 88 94 95 99 100 107 110 111 116 117 122 124 133 138 139 143 151 152 154 157 159 168 172 174 183 184 191 192 200 204 209
36 43 45 51 54 55 60 63 70 73 76 81 84 89 90 93 97 99 107 110 112 122 124 132 133 134 138 139 146 151 154 158 163 165 171 172 175 179 186 191 193 197 204 206 210
36 43 45 51 54 55 60 63 70 73 78 81 84 89 90 91 94 96 100 108 109 115 122 125 127 130 138 140 142 152 154 158 159 168 171 172 175 179 180 191 192 193 204 207 210
36 43 45 51 54 55 60 63 70 73 78 81 85 86 94 96 101 103 107 111 116 117 118 122 125 127 134 138 140 146 151 154 157 161 167 171 172 174 177 186 191 192 199 207 210
36 43 45 51 54 55 60 63 70 73 78 82 83 84 94 96 103 108 109 118 122 125 127 134 138 139 144 145 152 153 154 157 161 167 172 174 178 181 186 190 191 192 196 201 202 203
36 43 45 51 54 55 60 63 70 74 75 81 85 88 90 94 95 97 107 110 115 122 124 132 134 138 139 145 151 154 158 159 164 165 172 175 181 186 187 191 192 197 208 209
36 43 45 51 54 55 60 63 70 74 75 81 85 88 90 94 96 100 108 109 111 120 122 125 130 138 140 148 150 154 158 160 168 172 175 181 187 188 191 192 196 201 208 209
36 43 45 51 54 55 60 63 70 74 75 82 83 89 94 98 99 103 107 111 112 120 122 124 134 138 139 146 153 154 158 163 165 171 172 175 177 184 187 190 191 193 201 204 205
36 43 45 51 54 55 60 63 71 72 73 82 85 90 95 97 99 104 108 111 116 117 119 122 125 130 132 138 139 144 151 154 157 163 168 170 172 174 187 190 191 192 197 204 208
36 43 45 51 54 55 60 63 71 72 73 82 85 91 94 97 99 104 108 110 116 117 122 125 129 133 138 140 147 150 152 154 157 162 170 172 174 178 187 190 191 192 198 205 208
36 43 45 51 54 55 60 63 71 73 76 78 82 84 91 95 96 102 108 111 116 117 122 124 132 136 138 139 149 150 154 157 161 162 167 172 174 178 187 190 191 192 201 205 208
36 43 45 51 54 55 60 63 71 73 76 82 84 91 95 96 102 103 108 111 113 117 119 122 126 127 138 139 147 151 154 157 160 168 170 172 174 187 190 191 192 203 204 208
36 43 45 51 54 55 60 63 71 73 78 82 84 89 91 94 97 99 103 108 109 110 122 125 126 136 138 139 146 151 154 157 160 163 169 172 174 184 185 191 192 198 199 207 210
36 43 45 51 54 55 60 63 71 73 78 83 84 89 95 97 108 111 113 117 122 126 127 133 135 138 139 140 152 154 157 160 163 171 172 174 176 185 191 192 198 199 207 210
36 43 45 51 54 55 60 63 71 73 82 86 90 94 99 100 108 110 111 118 120 122 127 128 133 138 139 140 147 153 154 158 164 165 171 172 175 178 181 185 191 192 196 206 210
36 43 45 51 54 55 60 63 71 73 82 86 90 94 99 100 108 110 111 118 120 122 127 133 138 139 140 147 153 154 158 164 165 171 172 175 178 181 185 191 192 196 206 210
36 43 45 52 53 61 64 65 71 72 77 78 82 84 86 94 96 99 105 108 109 116 118 122 124 132 138 139 145 154 157 160 163 167 172 174 183 186 188 191 192 195 203 208 209
36 43 45 52 53 61 64 65 71 72 77 82 83 90 94 96 99 105 108 109 122 124 128 129 138 139 147 149 152 154 157 159 166 170 172 174 178 181 186 190 191 192 202 204 208
36 43 45 52 53 61 64 65 71 72 77 82 83 90 94 96 99 108 109 112 115 120 122 125 127 134 138 139 147 149 154 157 159 166 169 172 174 183 185 189 191 192 198 199 207 209
36 43 45 52 53 61 64 65 71 72 77 82 83 94 96 103 108 109 113 114 119 122 125 128 135 138 140 147 149 154 157 165 168 171 172 174 177 184 187 191 192 197 200 207 210
36 43 45 52 53 61 64 65 71 74 77 82 84 90 91 95 96 100 108 110 115 118 122 124 130 136 138 139 145 151 154 157 160 164 168 172 174 177 187 190 191 192 203 204 208
36 43 45 52 53 61 64 65 72 74 77 82 83 94 96 100 108 109 112 116 120 122 125 127 130 138 140 142 148 152 154 158 159 166 168 172 175 179 180 185 191 192 193 207 210
36 43 51 53 54 55 59 60 69 71 75 81 82 86 90 93 96 98 101 104 107 109 111 122 123 136 137 141 142 147 148 154 157 162 166 169 172 174 178 188 189 191 192 198 204 205
36 43 51 53 54 55 59 60 69 71 75 81 82 86 90 93 96 98 103 107 109 114 118 122 123 126 131 135 137 141 142 149 154 157 160 163 169 172 174 188 190 191 192 198 204 208
36 43 51 54 55 60 62 63 65 71 72 77 82 84 94 97 108 109 110 117 120 122 126 128 132 134 138 139 146 147 154 159 160 168 172 175 180 182 187 191 192 195 208 209
36 43 51 54 55 60 62 63 70 72 74 82 83 88 91 94 97 98 104 108 109 114 116 122 125 129 134 138 139 144 148 154 157 160 165 169 172 174 181 185 189 191 192 196 207 209
36 43 51 54 55 60 63 64 71 72 73 78 82 83 94 96 108 109 114 116 122 125 130 131 135 138 140 142 150 154 157 160 166 169 172 174 177 186 189 191 192 198 207 209
36 43 51 54 55 60 63 65 70 73 74 75 81 84 86 90 94 96 98 104 107 111 112 119 122 124 125 136 137 141 145 147 153 154 157 159 166 172 174 185 189 191 192 200 202 209
36 43 51 54 55 60 63 65 70 74 75 82 84 85 91 94 96 100 102 108 109 122 125 127 134 135 138 139 142 152 154 158 159 165 171 172 175 181 182 187 191 192 198 207 210
36 43 51 54 55 61 62 63 71 72 82 83 94 96 108 109 118 122 125 130 131 135 138 140 144 148 152 153 154 158 160 165 167 172 174 180 182 187 190 191 192 196 203
36 43 51 55 60 62 65 70 73 74 75 81 84 87 89 94 95 96 107 111 112 118 122 125 128 132 138 140 146 147 151 154 158 159 168 169 172 175 184 191 192 193 204 207 210
36 43 51 55 60 62 70 73 74 75 76 81 84 87 89 94 95 96 107 111 112 117 122 125 130 131 135 138 140 149 154 158 161 165 172 175 177 186 187 191 192 193 204 208 209
36 43 51 55 60 64 65 66 70 73 75 81 84 86 87 94 96 98 104 107 111 112 119 122 124 125 132 136 138 139 146 154 157 161 170 172 174 182 186 190 191 192 199 203 208
36 43 51 55 60 64 65 66 70 73 75 82 84 86 89 95 96 103 108 111 114 118 122 125 128 134 138 139 146 152 153 154 158 160 166 170 172 174 175 185 191 192 199 202 210
36 43 51 55 60 64 66 70 74 76 77 82 83 94 97 99 100 108 110 115 119 120 122 126 127 135 138 140 145 148 154 157 160 167 170 172 174 182 183 190 191 192 200 206 208
36 43 51 55 60 64 66 70 74 76 82 83 85 90 94 98 100 108 111 113 116 122 127 128 134 136 138 139 140 149 151 154 159 162 168 172 176 181 184 190 191 192 201 202 208
36 43 51 55 61 62 64 71 74 75 77 82 85 90 94 98 99 101 108 110 118 119 122 126 128 135 138 140 147 149 154 158 159 165 172 174 175 186 189 190 191 192 204 206 207
36 43 51 55 61 62 64 71 74 76 77 82 86 87 94 98 101 105 108 109 117 122 125 134 135 138 139 144 149 152 154 158 165 169 170 172 175 177 182 185 191 192 197 208 210
36 43 51 55 61 62 64 71 74 77 82 86 87 95 96 101 105 108 111 116 119 122 125 127 132 133 138 139 146 151 154 157 164 166 172 174 180 183 189 190 191 192 204 206 207
36 43 51 55 61 62 64 71 75 76 77 82 85 90 95 96 99 105 108 112 113 115 122 126 128 131 135 138 139 141 152 154 158 159 165 171 172 174 175 180 184 191 192 197 207 210
36 43 51 60 65 66 71 72 73 82 87 89 90 94 98 100 101 107 111 113 114 118 122 124 125 138 139 147 153 154 158 162 168 170 172 175 178 184 185 191 193 198 208 210
36 43 51 60 65 66 71 73 75 82 86 88 94 99 100 108 109 116 117 120 122 126 129 131 133 138 141 144 148 154 159 161 171 172 175 178 184 187 190 191 192 193 200 204 207
36 43 51 60 65 66 71 73 75 82 87 89 91 94 99 102 103 107 111 115 122 124 125 132 138 139 143 149 151 154 159 160 164 172 174 175 181 185 187 191 192 198 199 207 209
36 44 45 52 55 61 62 64 71 73 74 83 84 89 95 97 99 105 108 110 114 119 122 124 129 132 138 139 143 152 154 157 160 168 171 172 174 179 184 191 192 201 204 207 210
36 44 45 52 55 61 64 71 73 77 78 82 84 86 95 96 101 108 111 112 119 122 125 126 135 138 139 147 153 154 157 164 167 171 172 174 181 186 187 191 192 202 203 210
36 44 45 52 55 61 64 72 73 74 83 85 90 95 96 100 108 110 111 118 120 122 124 132 134 138 139 146 147 152 153 154 157 161 166 170 172 174 178 185 191 192 199 205 210
36 44 45 52 55 61 65 71 73 78 83 84 87 95 98 100 105 108 112 113 118 122 124 130 131 138 139 142 150 152 153 154 157 158 166 170 172 174 181 183 191 192 197 205 210
44 45 52 54 55 61 62 63 71 72 82 84 89 91 94 97 100 103 108 109 110 120 122 125 128 132 138 139 147 150 153 154 158 160 164 169 172 175 179 185 191 192 199 205 210
44 45 52 54 61 63 66 71 73 77 83 84 87 88 95 97 98 105 108 110 113 117 122 124 131 132 138 139 143 151 152 154 157 161 168 172 174 180 182 190 191 192 195 204 207
44 45 52 54 61 64 66 71 73 74 82 84 86 88 94 97 98 104 108 109 114 122 125 130 138 140 143 152 153 154 158 162 166 169 172 174 181 186 188 191 192 196 204 209
44 45 52 54 61 64 71 74 78 83 85 88 95 97 99 101 108 110 111 120 122 124 129 132 138 139 146 150 154 157 160 164 168 172 174 183 184 189 190 191 192 195 206 207
45 52 53 61 63 65 72 73 75 83 84 89 95 96 99 108 110 112 118 120 122 124 131 134 138 139 146 148 152 153 154 157 162 166 170 172 174 177 185 191 192 198 205 210
45 52 53 61 63 71 74 76 78 82 86 87 89 94 98 101 102 108 111 114 117 122 125 127 129 136 138 139 140 150 154 157 159 163 168 172 174 176 184 189 191 192 198 207 209
45 53 54 55 61 62 65 71 73 75 83 84 86 95 97 100 105 108 110 115 119 122 124 130 132 138 139 143 152 154 157 160 168 171 172 174 180 184 191 192 198 204 207 210
45 53 55 61 62 66 71 73 76 82 85 87 90 94 97 100 101 108 109 110 118 122 125 128 131 138 140 142 151 153 154 157 161 167 172 174 182 183 187 191 192 200 203 209
